Date,CHP No1 kWHr Meter,CHP No2 kWHr Meter
2016-11-09 00:00:00,1040,960
2016-11-10 00:00:00,3170,3330
2016-11-11 00:00:00,3040,3200
2016-11-12 00:00:00,3120,3280
2016-11-13 00:00:00,3140,3290
2016-11-14 00:00:00,3100,3280
2016-11-15 00:00:00,2880,2990
2016-11-16 00:00:00,2900,3050
2016-11-17 00:00:00,3150,3200
2016-11-18 00:00:00,2680,3320
2016-11-19 00:00:00,3260,3400
2016-11-20 00:00:00,3130,3320
2016-11-21 00:00:00,3160,3490
2016-11-22 00:00:00,3290,3440
2016-11-23 00:00:00,3320,2400
2016-11-24 00:00:00,3180,3460
2016-11-25 00:00:00,2820,2970
2016-11-26 00:00:00,3310,3470
2016-11-27 00:00:00,3190,3280
2016-11-28 00:00:00,3290,3340
2016-11-29 00:00:00,3320,3460
2016-11-30 00:00:00,3190,3320
2016-12-01 00:00:00,3310,3450
2016-12-02 00:00:00,3420,3560
2016-12-03 00:00:00,3430,3590
2016-12-04 00:00:00,3430,3590
2016-12-05 00:00:00,3400,3570
2016-12-06 00:00:00,2580,3590
2016-12-07 00:00:00,3590,3550
2016-12-08 00:00:00,3540,3540
2016-12-09 00:00:00,3460,3440
2016-12-10 00:00:00,3590,3610
2016-12-11 00:00:00,3460,3440
2016-12-12 00:00:00,3650,3650
2016-12-13 00:00:00,3640,3650
2016-12-14 00:00:00,3620,3460
2016-12-15 00:00:00,3670,3620
2016-12-16 00:00:00,1330,1320
2016-12-19 00:00:00,17310,16160
2016-12-20 00:00:00,17220,17230
2016-12-22 00:00:00,25012.82575,4610
2016-12-23 00:00:00,25012.82575,6850
2016-12-24 00:00:00,25012.82575,8000
2016-12-25 00:00:00,25012.82575,6860
2016-12-26 00:00:00,25012.82575,6840
2016-12-27 00:00:00,25012.82575,7690
2016-12-28 00:00:00,25012.82575,6790
2016-12-29 00:00:00,25012.82575,6900
2016-12-30 00:00:00,25012.82575,8150
2016-12-31 00:00:00,25012.82575,6700
2017-01-01 00:00:00,25012.82575,6880
2017-01-02 00:00:00,25012.82575,8030
2017-01-03 00:00:00,25012.82575,5570
2017-01-04 00:00:00,25012.82575,5290
2017-01-05 00:00:00,25012.82575,3499
2017-01-06 00:00:00,25012.82575,4610
2017-01-07 00:00:00,25012.82575,3450
2017-01-08 00:00:00,25012.82575,3460
2017-01-09 00:00:00,25012.82575,3300
2017-01-10 00:00:00,25012.82575,3230
2017-01-11 00:00:00,25012.82575,2280
2017-01-12 00:00:00,25012.82575,860
2017-01-13 00:00:00,25012.82575,3460
2017-01-14 00:00:00,25012.82575,3460
2017-01-15 00:00:00,25012.82575,3600
2017-01-16 00:00:00,25012.82575,12770
2017-01-17 00:00:00,25012.82575,12640
2017-01-18 00:00:00,25012.82575,8110
2017-01-19 00:00:00,25012.82575,27660
2017-01-20 00:00:00,11620,23160
2017-01-21 00:00:00,27770,27820
2017-01-22 00:00:00,27780,24400
2017-01-23 00:00:00,27720,27880
2017-01-24 00:00:00,27530,27670
2017-01-25 00:00:00,15840,16530
2017-01-26 00:00:00,27540,26500
2017-01-27 00:00:00,27660,27830
2017-01-28 00:00:00,27750,27940
2017-01-29 00:00:00,20800,20940
2017-02-01 00:00:00,17270,17420
2017-02-02 00:00:00,10180,10330
2017-02-03 00:00:00,12610,12760
2017-02-04 00:00:00,27390,27660
2017-02-05 00:00:00,27780,27980
2017-02-06 00:00:00,27600,27730
2017-02-07 00:00:00,27730,27900
2017-02-08 00:00:00,27710,27900
2017-02-09 00:00:00,14270,16830
2017-02-10 00:00:00,8850,9360
2017-02-11 00:00:00,26160,27670
2017-02-12 00:00:00,26080,27550
2017-02-13 00:00:00,26050,27590
2017-02-14 00:00:00,26210,27720
2017-02-15 00:00:00,26310,27850
2017-02-16 00:00:00,26050,11600
2017-02-17 00:00:00,26320,25016.74463
2017-02-18 00:00:00,25990,25016.74463
2017-02-19 00:00:00,25980,25016.74463
2017-02-20 00:00:00,25930,25016.74463
2017-02-21 00:00:00,26000,25016.74463
2017-02-22 00:00:00,26030,25016.74463
2017-02-23 00:00:00,26190,3150
2017-02-24 00:00:00,26190,27720
2017-02-25 00:00:00,25940,26710
2017-02-26 00:00:00,25870,26700
2017-02-27 00:00:00,26190,26950
2017-02-28 00:00:00,19400,27760
2017-03-01 00:00:00,27540,27680
2017-03-02 00:00:00,27420,27580
2017-03-03 00:00:00,27570,27760
2017-03-04 00:00:00,27500,27680
2017-03-05 00:00:00,27590,27770
2017-03-06 00:00:00,27610,27800
2017-03-07 00:00:00,27520,27660
2017-03-08 00:00:00,26970,27080
2017-03-09 00:00:00,27420,27210
2017-03-10 00:00:00,26610,26950
2017-03-11 00:00:00,27550,26880
2017-03-12 00:00:00,27490,27610
2017-03-13 00:00:00,27360,27460
2017-03-14 00:00:00,27230,26500
2017-03-15 00:00:00,22870,20420
2017-03-16 00:00:00,20580,21620
2017-03-17 00:00:00,27290,27410
2017-03-18 00:00:00,27480,26820
2017-03-19 00:00:00,26660,26570
2017-03-20 00:00:00,27430,27590
2017-03-21 00:00:00,27440,27600
2017-03-22 00:00:00,27520,27690
2017-03-23 00:00:00,27430,27630
2017-03-24 00:00:00,27470,27130
2017-03-25 00:00:00,27530,26440
2017-03-26 00:00:00,26440,26610
2017-03-27 00:00:00,27570,25350
2017-03-28 00:00:00,27500,26850
2017-03-29 00:00:00,24010,21500
2017-03-30 00:00:00,27350,27530
2017-03-31 00:00:00,27390,27520
2017-04-01 00:00:00,27510,27590
2017-04-02 00:00:00,27470,26990
2017-04-03 00:00:00,27440,26510
2017-04-04 00:00:00,27420,26170
2017-04-05 00:00:00,27040,26420
2017-04-06 00:00:00,27430,27530
2017-04-07 00:00:00,27510,27700
2017-04-08 00:00:00,27500,26150
2017-04-09 00:00:00,27420,22770
2017-04-10 00:00:00,27470,23960
2017-04-11 00:00:00,27410,24920
2017-04-12 00:00:00,27440,24880
2017-04-13 00:00:00,26880,22900
2017-04-14 00:00:00,26380,10390
2017-04-15 00:00:00,26320,9360
2017-04-16 00:00:00,27640,25070
2017-04-17 00:00:00,27610,25100
2017-04-18 00:00:00,27700,25180
2017-04-19 00:00:00,27730,25190
2017-04-20 00:00:00,27580,25040
2017-04-21 00:00:00,27520,24980
2017-04-22 00:00:00,27620,25120
2017-04-23 00:00:00,27560,24060
2017-04-24 00:00:00,27490,24960
2017-04-25 00:00:00,27520,24990
2017-04-26 00:00:00,26440,24040
2017-04-27 00:00:00,25930,24980
2017-04-28 00:00:00,27680,25140
2017-04-29 00:00:00,27540,25010
2017-04-30 00:00:00,27330,24820
2017-05-01 00:00:00,27470,24960
2017-05-02 00:00:00,27510,25000
2017-05-03 00:00:00,27010,24600
2017-05-04 00:00:00,27540,25030
2017-05-05 00:00:00,26870,25050
2017-05-06 00:00:00,27300,25090
2017-05-07 00:00:00,27310,25090
2017-05-08 00:00:00,27580,25040
2017-05-09 00:00:00,27470,21950
2017-05-10 00:00:00,27430,19580
2017-05-11 00:00:00,26990,24940
2017-05-12 00:00:00,27540,25020
2017-05-13 00:00:00,27530,24960
2017-05-14 00:00:00,27530,22320
2017-05-15 00:00:00,27570,25050
2017-05-16 00:00:00,25490,24990
2017-05-17 00:00:00,24980,23910
2017-05-18 00:00:00,20200,18110
2017-05-19 00:00:00,27410,24940
2017-05-20 00:00:00,27520,24980
2017-05-21 00:00:00,27550,25020
2017-05-22 00:00:00,27470,24940
2017-05-23 00:00:00,19410,24910
2017-05-24 00:00:00,27380,24830
2017-05-25 00:00:00,26620,24250
2017-05-26 00:00:00,27350,23690
2017-05-27 00:00:00,25860,23390
2017-05-28 00:00:00,27370,24850
2017-05-29 00:00:00,27460,24930
2017-05-30 00:00:00,10850,9910
2017-05-31 00:00:00,25012.82575,25016.74463
2017-06-01 00:00:00,25012.82575,25016.74463
2017-06-02 00:00:00,25012.82575,25016.74463
2017-06-03 00:00:00,25012.82575,25016.74463
2017-06-04 00:00:00,13090,11780
2017-06-05 00:00:00,27450,24710
2017-06-06 00:00:00,27440,24820
2017-06-07 00:00:00,27350,24800
2017-06-08 00:00:00,27390,24870
2017-06-09 00:00:00,27330,24800
2017-06-10 00:00:00,27330,24810
2017-06-11 00:00:00,27260,24710
2017-06-12 00:00:00,27250,24720
2017-06-13 00:00:00,27350,14160
2017-06-14 00:00:00,21980,23320
2017-06-15 00:00:00,24900,27350
2017-06-16 00:00:00,24990,25110
2017-06-17 00:00:00,27160,26570
2017-06-18 00:00:00,27160,27280
2017-06-19 00:00:00,27150,27300
2017-06-20 00:00:00,26810,26720
2017-06-21 00:00:00,22400,26780
2017-06-22 00:00:00,8620,21920
2017-06-23 00:00:00,14790,27240
2017-06-24 00:00:00,27170,27200
2017-06-25 00:00:00,26580,26120
2017-06-26 00:00:00,27300,25570
2017-06-27 00:00:00,27280,26550
2017-06-28 00:00:00,27280,27380
2017-06-29 00:00:00,27290,27360
2017-06-30 00:00:00,27230,27290
2017-07-01 00:00:00,27200,27280
2017-07-02 00:00:00,26820,25440
2017-07-03 00:00:00,27260,27320
2017-07-04 00:00:00,27370,27460
2017-07-05 00:00:00,27350,27500
2017-07-06 00:00:00,27240,27400
2017-07-07 00:00:00,27260,27300
2017-07-08 00:00:00,27050,27020
2017-07-09 00:00:00,27120,27220
2017-07-10 00:00:00,27290,27400
2017-07-11 00:00:00,27340,27450
2017-07-12 00:00:00,27300,26770
2017-07-13 00:00:00,27180,25120
2017-07-14 00:00:00,11300,10140
2017-07-15 00:00:00,25012.82575,25016.74463
2017-07-16 00:00:00,25012.82575,25016.74463
2017-07-17 00:00:00,25012.82575,25016.74463
2017-07-18 00:00:00,25012.82575,25016.74463
2017-07-19 00:00:00,25012.82575,25016.74463
2017-07-20 00:00:00,25012.82575,25016.74463
2017-07-21 00:00:00,25012.82575,25016.74463
2017-07-22 00:00:00,25012.82575,25016.74463
2017-07-23 00:00:00,25012.82575,25016.74463
2017-07-24 00:00:00,25012.82575,25016.74463
2017-07-25 00:00:00,25012.82575,25016.74463
2017-07-26 00:00:00,25012.82575,25016.74463
2017-07-31 00:00:00,2520,1910
2017-08-01 00:00:00,2890,5580
2017-08-02 00:00:00,9530,25016.74463
2017-08-03 00:00:00,25910,8250
2017-08-04 00:00:00,23770,27230
2017-08-05 00:00:00,25860,26740
2017-08-06 00:00:00,26590,26700
2017-08-07 00:00:00,27320,27340
2017-08-08 00:00:00,27430,27420
2017-08-09 00:00:00,27060,27350
2017-08-10 00:00:00,27260,27290
2017-08-11 00:00:00,27320,27280
2017-08-12 00:00:00,27190,26480
2017-08-13 00:00:00,27190,27170
2017-08-14 00:00:00,27330,27290
2017-08-15 00:00:00,27270,27210
2017-08-16 00:00:00,27270,27210
2017-08-17 00:00:00,27040,26550
2017-08-18 00:00:00,27210,27110
2017-08-19 00:00:00,26240,26260
2017-08-20 00:00:00,20610,26120
2017-08-21 00:00:00,25012.82575,27300
2017-08-22 00:00:00,13000,27340
2017-08-23 00:00:00,27310,27290
2017-08-24 00:00:00,27330,27280
2017-08-25 00:00:00,27380,27270
2017-08-26 00:00:00,27270,27170
2017-08-27 00:00:00,26520,26630
2017-08-28 00:00:00,27210,27240
2017-08-29 00:00:00,27360,25140
2017-08-30 00:00:00,27400,27260
2017-08-31 00:00:00,27390,27210
2017-09-01 00:00:00,25010,26810
2017-09-02 00:00:00,25020,8030
2017-09-03 00:00:00,25012.82575,25910
2017-09-04 00:00:00,25012.82575,25940
2017-09-05 00:00:00,25012.82575,26450
2017-09-06 00:00:00,12750,26050
2017-09-07 00:00:00,26520,26240
2017-09-08 00:00:00,27210,13810
2017-09-09 00:00:00,27380,25016.74463
2017-09-10 00:00:00,27270,25016.74463
2017-09-11 00:00:00,27270,25016.74463
2017-09-12 00:00:00,27320,9520
2017-09-13 00:00:00,26210,22920
2017-09-14 00:00:00,26760,22230
2017-09-15 00:00:00,27330,24940
2017-09-16 00:00:00,27110,26310
2017-09-17 00:00:00,26280,27010
2017-09-18 00:00:00,27250,26700
2017-09-19 00:00:00,27560,25830
2017-09-20 00:00:00,27400,27570
2017-09-21 00:00:00,27420,27600
2017-09-22 00:00:00,27370,26060
2017-09-23 00:00:00,27220,26230
2017-09-24 00:00:00,27270,27520
2017-09-25 00:00:00,27510,27690
2017-09-26 00:00:00,27440,25990
2017-09-27 00:00:00,27340,27510
2017-09-28 00:00:00,27350,25440
2017-09-29 00:00:00,27310,27490
2017-09-30 00:00:00,26550,26870
2017-10-01 00:00:00,26850,27110
2017-10-02 00:00:00,27260,27430
2017-10-03 00:00:00,27360,27510
2017-10-04 00:00:00,26100,27420
2017-10-05 00:00:00,27030,27070
2017-10-06 00:00:00,27480,27630
2017-10-07 00:00:00,26760,26550
2017-10-08 00:00:00,26970,27230
2017-10-09 00:00:00,27400,27610
2017-10-10 00:00:00,27420,27600
2017-10-11 00:00:00,25120,25300
2017-10-12 00:00:00,27410,27620
2017-10-13 00:00:00,27380,27520
2017-10-14 00:00:00,27510,27710
2017-10-15 00:00:00,10630,27260
2017-10-16 00:00:00,25012.82575,27610
2017-10-17 00:00:00,25012.82575,27260
2017-10-18 00:00:00,25012.82575,21770
2017-10-19 00:00:00,25012.82575,26570
2017-10-20 00:00:00,25012.82575,25180
2017-10-21 00:00:00,25012.82575,24760
2017-10-22 00:00:00,25012.82575,26410
2017-10-23 00:00:00,25012.82575,27630
2017-10-24 00:00:00,25012.82575,27300
2017-10-25 00:00:00,25012.82575,27720
2017-10-26 00:00:00,25012.82575,26430
2017-10-27 00:00:00,25012.82575,27620
2017-10-28 00:00:00,25012.82575,26060
2017-10-29 00:00:00,25012.82575,27570
2017-10-30 00:00:00,10000,26550
2017-10-31 00:00:00,27410,20060
2017-11-01 00:00:00,27370,27510
2017-11-02 00:00:00,27500,27000
2017-11-03 00:00:00,27480,27610
2017-11-04 00:00:00,26820,27130
2017-11-05 00:00:00,26850,27130
2017-11-06 00:00:00,26650,26450
2017-11-07 00:00:00,27440,27620
2017-11-08 00:00:00,27410,27610
2017-11-09 00:00:00,27350,27530
2017-11-10 00:00:00,27280,27470
2017-11-11 00:00:00,26750,27050
2017-11-12 00:00:00,26860,27180
2017-11-13 00:00:00,21610,21790
2017-11-14 00:00:00,27380,26780
2017-11-15 00:00:00,27430,27600
2017-11-16 00:00:00,27330,27510
2017-11-17 00:00:00,26620,25260
2017-11-18 00:00:00,26040,27030
2017-11-19 00:00:00,27130,27410
2017-11-20 00:00:00,25010,14100
2017-11-21 00:00:00,26700,11550
2017-11-22 00:00:00,27330,27460
2017-11-23 00:00:00,27310,27500
2017-11-24 00:00:00,27400,27570
2017-11-25 00:00:00,26740,27050
2017-11-26 00:00:00,26760,27010
2017-11-27 00:00:00,27340,27540
2017-11-28 00:00:00,27390,27570
2017-11-29 00:00:00,27430,27190
2017-11-30 00:00:00,27420,26910
2017-12-01 00:00:00,27530,27730
2017-12-02 00:00:00,26950,27220
2017-12-03 00:00:00,26500,27350
2017-12-04 00:00:00,27390,27570
2017-12-05 00:00:00,26120,27520
2017-12-06 00:00:00,27340,27190
2017-12-07 00:00:00,27330,27430
2017-12-08 00:00:00,27380,27580
2017-12-09 00:00:00,27240,24600
2017-12-10 00:00:00,27610,27820
2017-12-11 00:00:00,27510,27780
2017-12-12 00:00:00,26400,26590
2017-12-13 00:00:00,27370,27580
2017-12-14 00:00:00,27510,27730
2017-12-15 00:00:00,26720,26200
2017-12-16 00:00:00,27490,27730
2017-12-17 00:00:00,18880,27420
2017-12-18 00:00:00,26790,27660
2017-12-19 00:00:00,20150,27550
2017-12-20 00:00:00,26950,27530
2017-12-21 00:00:00,27450,27580
2017-12-22 00:00:00,26830,27030
2017-12-23 00:00:00,21740,22060
2017-12-24 00:00:00,21650,22010
2017-12-25 00:00:00,22020,22330
2017-12-26 00:00:00,23440,23830
2017-12-27 00:00:00,24580,24400
2017-12-28 00:00:00,25570,25940
2017-12-29 00:00:00,25760,23640
2017-12-30 00:00:00,22280,22630
2017-12-31 00:00:00,21740,22110
2018-01-01 00:00:00,23540,23940
2018-01-02 00:00:00,26360,25820
2018-01-03 00:00:00,25540,26900
2018-01-04 00:00:00,27550,27750
2018-01-05 00:00:00,24820,22760
2018-01-06 00:00:00,25690,26050
2018-01-07 00:00:00,26050,26410
2018-01-08 00:00:00,27190,27400
2018-01-09 00:00:00,27270,27410
2018-01-10 00:00:00,27140,26930
2018-01-11 00:00:00,26260,26660
2018-01-12 00:00:00,27220,27410
2018-01-13 00:00:00,26220,25540
2018-01-14 00:00:00,25900,26210
2018-01-15 00:00:00,27080,27240
2018-01-16 00:00:00,22460,25940
2018-01-17 00:00:00,27380,27580
2018-01-18 00:00:00,27500,22990
2018-01-19 00:00:00,27250,27470
2018-01-20 00:00:00,26790,27130
2018-01-21 00:00:00,27020,27320
2018-01-22 00:00:00,27350,27560
2018-01-23 00:00:00,27400,27540
2018-01-24 00:00:00,27360,26440
2018-01-25 00:00:00,27530,27750
2018-01-26 00:00:00,27690,27890
2018-01-27 00:00:00,26180,26520
2018-01-28 00:00:00,25500,26540
2018-01-29 00:00:00,27050,27300
2018-01-30 00:00:00,27490,27680
2018-01-31 00:00:00,27460,27670
2018-02-01 00:00:00,27400,26420
2018-02-02 00:00:00,27290,27560
2018-02-03 00:00:00,26380,26010
2018-02-04 00:00:00,25910,26340
2018-02-05 00:00:00,26870,27140
2018-02-06 00:00:00,27520,27710
2018-02-07 00:00:00,27480,27680
2018-02-08 00:00:00,27450,27680
2018-02-09 00:00:00,27320,27570
2018-02-10 00:00:00,24590,24900
2018-02-11 00:00:00,23480,23890
2018-02-12 00:00:00,26510,26640
2018-02-13 00:00:00,27410,26960
2018-02-14 00:00:00,27310,27510
2018-02-15 00:00:00,27110,26550
2018-02-16 00:00:00,26390,26430
2018-02-17 00:00:00,26150,26490
2018-02-18 00:00:00,26110,26540
2018-02-19 00:00:00,27260,27500
2018-02-20 00:00:00,24970,27580
2018-02-21 00:00:00,27570,27780
2018-02-22 00:00:00,27450,27640
2018-02-23 00:00:00,27390,27590
2018-02-24 00:00:00,27070,27420
2018-02-25 00:00:00,27190,27590
2018-02-26 00:00:00,27850,28080
2018-02-27 00:00:00,27780,27030
2018-02-28 00:00:00,26080,25016.74463
2018-03-01 00:00:00,14640,25016.74463
2018-03-02 00:00:00,26740,11110
2018-03-03 00:00:00,26290,26620
2018-03-04 00:00:00,23400,20940
2018-03-05 00:00:00,27820,26780
2018-03-06 00:00:00,27720,27940
2018-03-07 00:00:00,27790,27970
2018-03-08 00:00:00,27860,28070
2018-03-09 00:00:00,27810,28050
2018-03-10 00:00:00,27020,27630
2018-03-11 00:00:00,27490,27760
2018-03-12 00:00:00,27890,28130
2018-03-13 00:00:00,27870,28090
2018-03-14 00:00:00,10130,10200
2018-03-19 00:00:00,15180,15290
2018-03-20 00:00:00,27090,26370
2018-03-21 00:00:00,27600,21440
2018-03-22 00:00:00,27080,26970
2018-03-23 00:00:00,26540,26700
2018-03-24 00:00:00,27430,27700
2018-03-25 00:00:00,26230,26500
2018-03-26 00:00:00,27760,26990
2018-03-27 00:00:00,27540,27690
2018-03-28 00:00:00,27630,27840
2018-03-29 00:00:00,27570,26980
2018-03-30 00:00:00,22150,22470
2018-03-31 00:00:00,20240,20570
2018-04-01 00:00:00,21100,21450
2018-04-02 00:00:00,23970,24110
2018-04-03 00:00:00,27510,27660
2018-04-04 00:00:00,27470,27650
2018-04-05 00:00:00,20300,27100
2018-04-06 00:00:00,26740,26850
2018-04-07 00:00:00,18930,27710
2018-04-08 00:00:00,25012.82575,27190
2018-04-09 00:00:00,25012.82575,24550
2018-04-10 00:00:00,5600,26430
2018-04-11 00:00:00,27520,27690
2018-04-12 00:00:00,26540,25150
2018-04-13 00:00:00,27510,26370
2018-04-14 00:00:00,27530,23970
2018-04-15 00:00:00,27450,21260
2018-04-16 00:00:00,27350,23960
2018-04-17 00:00:00,27240,18280
2018-04-18 00:00:00,27160,22390
2018-04-19 00:00:00,27260,20610
2018-04-20 00:00:00,27310,22030
2018-04-21 00:00:00,27340,22100
2018-04-22 00:00:00,27200,21960
2018-04-23 00:00:00,27190,21940
2018-04-24 00:00:00,27300,22040
2018-04-25 00:00:00,25730,5690
2018-04-26 00:00:00,13130,25016.74463
2018-04-27 00:00:00,27200,14410
2018-04-28 00:00:00,26610,27020
2018-04-29 00:00:00,26790,20360
2018-04-30 00:00:00,27520,27690
2018-05-01 00:00:00,27400,27460
2018-05-02 00:00:00,27380,27480
2018-05-03 00:00:00,27360,27480
2018-05-04 00:00:00,27300,27360
2018-05-05 00:00:00,26560,26630
2018-05-06 00:00:00,26480,26410
2018-05-07 00:00:00,26900,26710
2018-05-08 00:00:00,27210,27160
2018-05-09 00:00:00,27280,27230
2018-05-10 00:00:00,27390,27460
2018-05-11 00:00:00,22280,27290
2018-05-12 00:00:00,26740,26870
2018-05-13 00:00:00,26430,26520
2018-05-14 00:00:00,26580,22470
2018-05-15 00:00:00,27360,27200
2018-05-16 00:00:00,18810,19080
2018-05-17 00:00:00,27570,27690
2018-05-18 00:00:00,27470,27500
2018-05-19 00:00:00,27300,27080
2018-05-20 00:00:00,27170,26850
2018-05-21 00:00:00,27330,27100
2018-05-22 00:00:00,27320,27470
2018-05-23 00:00:00,27470,26630
2018-05-24 00:00:00,27390,27400
2018-05-25 00:00:00,27330,27330
2018-05-26 00:00:00,27150,27000
2018-05-27 00:00:00,27090,26680
2018-05-28 00:00:00,27190,26890
2018-05-29 00:00:00,27280,27140
2018-05-30 00:00:00,26250,27110
2018-05-31 00:00:00,27380,26810
2018-06-01 00:00:00,27330,26680
2018-06-02 00:00:00,27330,26910
2018-06-03 00:00:00,27330,26910
2018-06-04 00:00:00,27320,27070
2018-06-05 00:00:00,26430,26460
2018-06-06 00:00:00,27270,27010
2018-06-07 00:00:00,27210,26920
2018-06-08 00:00:00,25560,26510
2018-06-09 00:00:00,26940,24990
2018-06-10 00:00:00,26870,26690
2018-06-11 00:00:00,27230,26890
2018-06-12 00:00:00,27280,27140
2018-06-13 00:00:00,27170,26880
2018-06-14 00:00:00,26990,26450
2018-06-15 00:00:00,27140,26890
2018-06-16 00:00:00,26660,25980
2018-06-17 00:00:00,26760,26570
2018-06-18 00:00:00,27070,25540
2018-06-19 00:00:00,27160,12340
2018-06-20 00:00:00,27080,26850
2018-06-21 00:00:00,27030,27160
2018-06-22 00:00:00,26440,26170
2018-06-23 00:00:00,26730,27220
2018-06-24 00:00:00,26710,27000
2018-06-25 00:00:00,22060,26560
2018-06-26 00:00:00,27100,27300
2018-06-27 00:00:00,26690,25750
2018-06-28 00:00:00,7850,10470
2018-06-29 00:00:00,25012.82575,25016.74463
2018-06-30 00:00:00,25012.82575,25016.74463
2018-07-01 00:00:00,25012.82575,25016.74463
2018-07-02 00:00:00,25012.82575,25016.74463
2018-07-03 00:00:00,25012.82575,25016.74463
2018-07-04 00:00:00,25012.82575,25016.74463
2018-07-05 00:00:00,25012.82575,25016.74463
2018-07-06 00:00:00,9000,13260
2018-07-07 00:00:00,26660,26540
2018-07-08 00:00:00,23240,22880
2018-07-09 00:00:00,25890,26210
2018-07-10 00:00:00,27300,27650
2018-07-11 00:00:00,18790,19050
2018-07-12 00:00:00,11680,11760
2018-07-13 00:00:00,27200,27600
2018-07-14 00:00:00,26940,27320
2018-07-15 00:00:00,26240,26530
2018-07-16 00:00:00,20360,20760
2018-07-17 00:00:00,27260,27620
2018-07-18 00:00:00,27210,27610
2018-07-19 00:00:00,26440,26800
2018-07-20 00:00:00,27110,27620
2018-07-21 00:00:00,26960,27520
2018-07-22 00:00:00,26950,27220
2018-07-23 00:00:00,27060,27290
2018-07-24 00:00:00,26460,26610
2018-07-25 00:00:00,27130,27390
2018-07-26 00:00:00,26940,27140
2018-07-27 00:00:00,26000,26330
2018-07-28 00:00:00,24990,25660
2018-07-29 00:00:00,25710,26070
2018-07-30 00:00:00,26300,26720
2018-07-31 00:00:00,26880,27530
2018-08-01 00:00:00,26980,27490
2018-08-02 00:00:00,27080,27470
2018-08-03 00:00:00,27100,27550
2018-08-04 00:00:00,22730,22410
2018-08-05 00:00:00,26970,27380
2018-08-06 00:00:00,27110,27590
2018-08-07 00:00:00,27280,27520
2018-08-08 00:00:00,26020,26410
2018-08-09 00:00:00,27210,27600
2018-08-10 00:00:00,27280,27670
2018-08-11 00:00:00,27120,27540
2018-08-12 00:00:00,25970,26240
2018-08-13 00:00:00,23970,24290
2018-08-14 00:00:00,27020,27570
2018-08-15 00:00:00,14170,15210
2018-08-16 00:00:00,26060,26350
2018-08-17 00:00:00,27150,27540
2018-08-18 00:00:00,26900,27450
2018-08-19 00:00:00,27180,27540
2018-08-20 00:00:00,27270,27610
2018-08-21 00:00:00,27110,27500
2018-08-22 00:00:00,27160,27510
2018-08-23 00:00:00,26510,26980
2018-08-24 00:00:00,27100,27580
2018-08-25 00:00:00,25340,26280
2018-08-26 00:00:00,25310,25980
2018-08-27 00:00:00,26960,27480
2018-08-28 00:00:00,27000,27500
2018-08-29 00:00:00,27180,27520
2018-08-30 00:00:00,27190,27610
2018-08-31 00:00:00,27090,27560
2018-09-01 00:00:00,26570,27010
2018-09-02 00:00:00,27160,27340
2018-09-03 00:00:00,27150,27600
2018-09-04 00:00:00,27110,27570
2018-09-05 00:00:00,22070,27130
2018-09-06 00:00:00,26920,27550
2018-09-07 00:00:00,27060,27590
2018-09-08 00:00:00,26110,26570
2018-09-09 00:00:00,26980,27470
2018-09-10 00:00:00,27130,27570
2018-09-11 00:00:00,27010,27490
2018-09-12 00:00:00,27130,27570
2018-09-13 00:00:00,24310,24550
2018-09-14 00:00:00,26280,26870
2018-09-15 00:00:00,26260,26980
2018-09-16 00:00:00,26620,27300
2018-09-17 00:00:00,26350,26730
2018-09-18 00:00:00,15850,25010
2018-09-19 00:00:00,27210,27550
2018-09-20 00:00:00,26630,26790
2018-09-21 00:00:00,11180,27050
2018-09-22 00:00:00,25012.82575,27620
2018-09-23 00:00:00,25012.82575,27730
2018-09-24 00:00:00,25012.82575,27690
2018-09-25 00:00:00,25012.82575,27680
2018-09-26 00:00:00,1840,27560
2018-09-27 00:00:00,27030,27600
2018-09-28 00:00:00,27110,27680
2018-09-29 00:00:00,26540,27060
2018-09-30 00:00:00,26330,26850
2018-10-01 00:00:00,27090,27590
2018-10-02 00:00:00,27150,12710
2018-10-03 00:00:00,27130,25016.74463
2018-10-04 00:00:00,27040,25016.74463
2018-10-05 00:00:00,27170,6870
2018-10-06 00:00:00,7610,7860
2018-10-09 00:00:00,13380,13710
2018-10-10 00:00:00,21820,25160
2018-10-11 00:00:00,27020,27140
2018-10-12 00:00:00,26360,26220
2018-10-13 00:00:00,26970,26780
2018-10-14 00:00:00,26970,27460
2018-10-15 00:00:00,27230,27840
2018-10-16 00:00:00,27030,27370
2018-10-17 00:00:00,27290,27130
2018-10-18 00:00:00,26990,27710
2018-10-19 00:00:00,26560,27440
2018-10-20 00:00:00,23830,24290
2018-10-21 00:00:00,26460,26590
2018-10-22 00:00:00,26860,27090
2018-10-23 00:00:00,23240,23220
2018-10-24 00:00:00,26390,26340
2018-10-25 00:00:00,27060,26720
2018-10-26 00:00:00,26920,26880
2018-10-27 00:00:00,25530,26170
2018-10-28 00:00:00,27230,27840
2018-10-29 00:00:00,26990,27490
2018-10-30 00:00:00,27200,27240
2018-10-31 00:00:00,27190,27050
2018-11-01 00:00:00,27260,27050
2018-11-02 00:00:00,27080,25930
2018-11-03 00:00:00,26310,26240
2018-11-04 00:00:00,27040,25930
2018-11-05 00:00:00,26890,24990
2018-11-06 00:00:00,27140,26140
2018-11-07 00:00:00,26960,25270
2018-11-08 00:00:00,27070,27580
2018-11-09 00:00:00,26900,27370
2018-11-10 00:00:00,26630,27250
2018-11-11 00:00:00,26630,27290
2018-11-12 00:00:00,25920,27560
2018-11-13 00:00:00,24440,22240
2018-11-14 00:00:00,26950,27480
2018-11-15 00:00:00,27050,27540
2018-11-16 00:00:00,27170,27640
2018-11-17 00:00:00,26600,27250
2018-11-18 00:00:00,26750,27370
2018-11-19 00:00:00,27070,27540
2018-11-20 00:00:00,26960,27470
2018-11-21 00:00:00,26560,26710
2018-11-22 00:00:00,27210,27680
2018-11-23 00:00:00,27200,27720
2018-11-24 00:00:00,27100,27740
2018-11-25 00:00:00,27100,27580
2018-11-26 00:00:00,27320,27750
2018-11-27 00:00:00,27100,27620
2018-11-28 00:00:00,26470,25670
2018-11-29 00:00:00,27110,27620
2018-11-30 00:00:00,24370,24780
2018-12-01 00:00:00,26800,27470
2018-12-02 00:00:00,26570,27250
2018-12-03 00:00:00,27060,27590
2018-12-04 00:00:00,20480,27720
2018-12-05 00:00:00,26450,27630
2018-12-06 00:00:00,27010,27560
2018-12-07 00:00:00,23340,27260
2018-12-08 00:00:00,25450,26200
2018-12-09 00:00:00,26950,27390
2018-12-10 00:00:00,27180,27670
2018-12-11 00:00:00,27150,27590
2018-12-12 00:00:00,27050,26380
2018-12-13 00:00:00,27080,7730
2018-12-14 00:00:00,27050,27610
2018-12-15 00:00:00,23620,22810
2018-12-16 00:00:00,26070,25880
2018-12-17 00:00:00,26630,26800
2018-12-18 00:00:00,27120,27610
2018-12-19 00:00:00,27170,27580
2018-12-20 00:00:00,26100,26500
2018-12-21 00:00:00,26360,26950
2018-12-22 00:00:00,22920,23590
2018-12-23 00:00:00,23390,24180
2018-12-24 00:00:00,23630,24420
2018-12-25 00:00:00,23380,24080
2018-12-26 00:00:00,21770,22360
2018-12-27 00:00:00,22510,23290
2018-12-28 00:00:00,8640,4300
2018-12-29 00:00:00,11260,25016.74463
2018-12-30 00:00:00,27110,25016.74463
2018-12-31 00:00:00,27140,25016.74463
2019-01-01 00:00:00,27240,25016.74463
2019-01-02 00:00:00,27330,25016.74463
2019-01-03 00:00:00,20200,25016.74463
2019-01-04 00:00:00,20980,25016.74463
2019-01-05 00:00:00,27300,25016.74463
2019-01-06 00:00:00,27270,25016.74463
2019-01-07 00:00:00,26540,25016.74463
2019-01-08 00:00:00,27110,25016.74463
2019-01-09 00:00:00,27330,25016.74463
2019-01-10 00:00:00,27270,25016.74463
2019-01-11 00:00:00,27090,25016.74463
2019-01-12 00:00:00,27090,25016.74463
2019-01-13 00:00:00,26950,25016.74463
2019-01-14 00:00:00,27250,25016.74463
2019-01-15 00:00:00,27150,25016.74463
2019-01-16 00:00:00,27130,25016.74463
2019-01-17 00:00:00,27230,25016.74463
2019-01-18 00:00:00,27290,25016.74463
2019-01-19 00:00:00,27390,25016.74463
2019-01-20 00:00:00,27330,25016.74463
2019-01-21 00:00:00,27270,25016.74463
2019-01-22 00:00:00,24120,25016.74463
2019-01-23 00:00:00,25420,25016.74463
2019-01-24 00:00:00,26460,25016.74463
2019-01-25 00:00:00,26990,25016.74463
2019-01-26 00:00:00,26590,25016.74463
2019-01-27 00:00:00,27010,25016.74463
2019-01-28 00:00:00,24250,25016.74463
2019-01-29 00:00:00,27340,25016.74463
2019-01-30 00:00:00,18290,25016.74463
2019-01-31 00:00:00,15020,25016.74463
2019-02-01 00:00:00,27620,25016.74463
2019-02-02 00:00:00,27640,25016.74463
2019-02-03 00:00:00,27630,25016.74463
2019-02-04 00:00:00,27350,25016.74463
2019-02-05 00:00:00,27520,25016.74463
2019-02-06 00:00:00,27280,25016.74463
2019-02-07 00:00:00,27180,25016.74463
2019-02-08 00:00:00,21480,25016.74463
2019-02-09 00:00:00,26990,25016.74463
2019-02-10 00:00:00,27400,25016.74463
2019-02-11 00:00:00,27630,25016.74463
2019-02-12 00:00:00,27370,25016.74463
2019-02-13 00:00:00,27400,25016.74463
2019-02-14 00:00:00,27430,25016.74463
2019-02-15 00:00:00,27250,25016.74463
2019-02-16 00:00:00,27090,25016.74463
2019-02-17 00:00:00,26710,25016.74463
2019-02-18 00:00:00,26790,25016.74463
2019-02-19 00:00:00,22240,25016.74463
2019-02-20 00:00:00,25750,25016.74463
2019-02-21 00:00:00,26940,25016.74463
2019-02-22 00:00:00,27360,25016.74463
2019-02-23 00:00:00,27140,25016.74463
2019-02-24 00:00:00,27400,25016.74463
2019-02-25 00:00:00,27400,25016.74463
2019-02-26 00:00:00,27320,25016.74463
2019-02-27 00:00:00,27410,25016.74463
2019-02-28 00:00:00,27510,25016.74463
2019-03-01 00:00:00,26280,25016.74463
2019-03-02 00:00:00,27030,25016.74463
2019-03-03 00:00:00,27040,25016.74463
2019-03-04 00:00:00,11430,25016.74463
2019-03-05 00:00:00,7260,25016.74463
2019-03-06 00:00:00,26840,25016.74463
2019-03-07 00:00:00,22730,25016.74463
2019-03-08 00:00:00,25980,25016.74463
2019-03-09 00:00:00,25450,25016.74463
2019-03-10 00:00:00,26420,25016.74463
2019-03-11 00:00:00,23710,25016.74463
2019-03-12 00:00:00,27130,25016.74463
2019-03-13 00:00:00,27130,25016.74463
2019-03-14 00:00:00,24210,25016.74463
2019-03-15 00:00:00,27200,25016.74463
2019-03-16 00:00:00,25670,25016.74463
2019-03-17 00:00:00,25550,25016.74463
2019-03-18 00:00:00,27260,25016.74463
2019-03-19 00:00:00,25190,25016.74463
2019-03-20 00:00:00,26890,25016.74463
2019-03-21 00:00:00,27000,25016.74463
2019-03-22 00:00:00,27100,25016.74463
2019-03-23 00:00:00,25410,25016.74463
2019-03-24 00:00:00,26350,25016.74463
2019-03-25 00:00:00,27230,25016.74463
2019-03-26 00:00:00,27240,25016.74463
2019-03-27 00:00:00,20350,7630
2019-03-28 00:00:00,26300,17250
2019-03-29 00:00:00,27060,24390
2019-03-30 00:00:00,26930,27480
2019-03-31 00:00:00,25810,26230
2019-04-01 00:00:00,27190,27700
2019-04-02 00:00:00,27170,25500
2019-04-03 00:00:00,19390,27610
2019-04-04 00:00:00,25830,27550
2019-04-05 00:00:00,21050,22920
2019-04-06 00:00:00,26950,27630
2019-04-07 00:00:00,21640,27560
2019-04-08 00:00:00,26860,27600
2019-04-09 00:00:00,10560,26880
2019-04-10 00:00:00,25012.82575,27690
2019-04-11 00:00:00,25012.82575,27660
2019-04-12 00:00:00,25012.82575,27630
2019-04-13 00:00:00,25012.82575,27550
2019-04-14 00:00:00,25012.82575,27610
2019-04-15 00:00:00,25012.82575,27560
2019-04-16 00:00:00,13710,27470
2019-04-17 00:00:00,25680,17160
2019-04-18 00:00:00,26650,27390
2019-04-19 00:00:00,9980,10360
2019-04-20 00:00:00,16580,20070
2019-04-21 00:00:00,19480,22540
2019-04-22 00:00:00,22510,23100
2019-04-23 00:00:00,26180,23950
2019-04-24 00:00:00,25570,26920
2019-04-25 00:00:00,24790,25380
2019-04-26 00:00:00,26120,27470
2019-04-27 00:00:00,25690,26520
2019-04-28 00:00:00,25770,26510
2019-04-29 00:00:00,1050,27500
2019-04-30 00:00:00,25012.82575,27430
2019-05-01 00:00:00,25012.82575,27500
2019-05-02 00:00:00,25012.82575,27420
2019-05-03 00:00:00,25012.82575,27430
2019-05-04 00:00:00,25012.82575,26860
2019-05-05 00:00:00,25012.82575,27220
2019-05-06 00:00:00,25012.82575,27430
2019-05-07 00:00:00,25012.82575,27540
2019-05-08 00:00:00,25012.82575,26170
2019-05-09 00:00:00,25012.82575,27860
2019-05-10 00:00:00,25012.82575,26370
2019-05-11 00:00:00,25012.82575,27460
2019-05-12 00:00:00,25012.82575,21470
2019-05-13 00:00:00,25012.82575,25990
2019-05-14 00:00:00,25012.82575,26020
2019-05-15 00:00:00,25012.82575,27390
2019-05-16 00:00:00,25012.82575,27300
2019-05-17 00:00:00,25012.82575,27380
2019-05-18 00:00:00,25012.82575,27500
2019-05-19 00:00:00,25012.82575,27560
2019-05-20 00:00:00,25012.82575,27500
2019-05-21 00:00:00,25012.82575,26610
2019-05-22 00:00:00,25012.82575,27270
2019-05-23 00:00:00,25012.82575,26910
2019-05-24 00:00:00,25012.82575,27450
2019-05-25 00:00:00,25012.82575,27360
2019-05-26 00:00:00,25012.82575,27070
2019-05-27 00:00:00,25012.82575,27390
2019-05-28 00:00:00,25012.82575,27530
2019-05-29 00:00:00,25012.82575,27540
2019-05-30 00:00:00,25012.82575,27410
2019-05-31 00:00:00,25012.82575,27270
2019-06-01 00:00:00,25012.82575,27250
2019-06-02 00:00:00,25012.82575,26650
2019-06-03 00:00:00,25012.82575,26430
2019-06-04 00:00:00,25012.82575,27450
2019-06-05 00:00:00,25012.82575,25870
2019-06-06 00:00:00,25012.82575,27410
2019-06-07 00:00:00,25012.82575,26560
2019-06-08 00:00:00,25012.82575,27400
2019-06-09 00:00:00,25012.82575,27140
2019-06-10 00:00:00,25012.82575,27250
2019-06-11 00:00:00,25012.82575,27240
2019-06-12 00:00:00,25012.82575,27310
2019-06-13 00:00:00,25012.82575,27420
2019-06-14 00:00:00,25012.82575,27310
2019-06-15 00:00:00,25012.82575,27290
2019-06-16 00:00:00,25012.82575,27100
2019-06-17 00:00:00,25012.82575,26870
2019-06-18 00:00:00,25012.82575,24080
2019-06-19 00:00:00,25012.82575,27000
2019-06-20 00:00:00,25012.82575,19170
2019-06-21 00:00:00,25012.82575,27170
2019-06-22 00:00:00,25012.82575,27050
2019-06-23 00:00:00,25012.82575,27170
2019-06-24 00:00:00,25012.82575,17050
2019-06-25 00:00:00,25012.82575,15660
2019-06-26 00:00:00,25012.82575,25580
2019-06-27 00:00:00,25012.82575,20700
2019-06-28 00:00:00,25012.82575,25016.74463
2019-06-29 00:00:00,25012.82575,25016.74463
2019-06-30 00:00:00,25012.82575,25016.74463
2019-07-01 00:00:00,25012.82575,25016.74463
2019-07-02 00:00:00,25012.82575,25016.74463
2019-07-04 00:00:00,25012.82575,25016.74463
2019-07-05 00:00:00,25012.82575,2920
2019-07-06 00:00:00,25012.82575,25016.74463
2019-07-07 00:00:00,25012.82575,25016.74463
2019-07-08 00:00:00,25012.82575,25016.74463
2019-07-09 00:00:00,25012.82575,9010
2019-07-10 00:00:00,580,26560
2019-07-11 00:00:00,14520,26180
2019-07-12 00:00:00,19090,19180
2019-07-13 00:00:00,26290,27390
2019-07-14 00:00:00,27370,27440
2019-07-15 00:00:00,17000,23170
2019-07-16 00:00:00,26600,11100
2019-07-17 00:00:00,27260,23910
2019-07-18 00:00:00,27250,26020
2019-07-19 00:00:00,27330,26040
2019-07-20 00:00:00,27250,25910
2019-07-21 00:00:00,27260,26070
2019-07-22 00:00:00,27360,26110
2019-07-23 00:00:00,26630,17940
2019-07-24 00:00:00,21980,21240
2019-07-25 00:00:00,25350,23070
2019-07-26 00:00:00,27390,25280
2019-07-27 00:00:00,21430,26130
2019-07-28 00:00:00,27440,26150
2019-07-29 00:00:00,27280,26060
2019-07-30 00:00:00,23230,25920
2019-07-31 00:00:00,27330,26050
2019-08-01 00:00:00,27260,26040
2019-08-02 00:00:00,27290,26000
2019-08-03 00:00:00,27400,24640
2019-08-04 00:00:00,26820,25590
2019-08-05 00:00:00,27460,26190
2019-08-06 00:00:00,24190,25130
2019-08-07 00:00:00,27370,26070
2019-08-08 00:00:00,27350,26060
2019-08-09 00:00:00,23960,24240
2019-08-10 00:00:00,26680,25540
2019-08-11 00:00:00,27250,25860
2019-08-12 00:00:00,26600,26120
2019-08-13 00:00:00,26880,24750
2019-08-14 00:00:00,26850,26530
2019-08-15 00:00:00,27380,26700
2019-08-16 00:00:00,27440,26750
2019-08-17 00:00:00,26270,26760
2019-08-18 00:00:00,26710,26000
2019-08-19 00:00:00,27450,27160
2019-08-20 00:00:00,23470,27500
2019-08-21 00:00:00,23960,26660
2019-08-22 00:00:00,24520,27560
2019-08-23 00:00:00,23320,25960
2019-08-24 00:00:00,27410,18440
2019-08-25 00:00:00,24730,20050
2019-08-26 00:00:00,27400,26160
2019-08-27 00:00:00,27370,23860
2019-08-28 00:00:00,27210,24850
2019-08-29 00:00:00,27520,25730
2019-08-30 00:00:00,27510,27130
2019-08-31 00:00:00,27530,27660
2019-09-01 00:00:00,27580,27700
2019-09-02 00:00:00,27550,27610
2019-09-03 00:00:00,27460,26790
2019-09-04 00:00:00,26780,27630
2019-09-05 00:00:00,26720,27620
2019-09-06 00:00:00,27520,27610
2019-09-07 00:00:00,26920,26970
2019-09-08 00:00:00,27480,27030
2019-09-09 00:00:00,20910,27710
2019-09-10 00:00:00,26770,26070
2019-09-11 00:00:00,27460,25970
2019-09-12 00:00:00,27470,27590
2019-09-13 00:00:00,27440,27610
2019-09-14 00:00:00,27310,27050
2019-09-15 00:00:00,27360,26380
2019-09-16 00:00:00,27460,25620
2019-09-17 00:00:00,27410,27560
2019-09-18 00:00:00,27190,25940
2019-09-19 00:00:00,26700,26570
2019-09-20 00:00:00,27480,26010
2019-09-21 00:00:00,22220,21920
2019-09-22 00:00:00,27560,26310
2019-09-23 00:00:00,27330,25260
2019-09-24 00:00:00,27450,26660
2019-09-25 00:00:00,27290,20540
2019-09-26 00:00:00,26760,24490
2019-09-27 00:00:00,27480,27600
2019-09-28 00:00:00,27460,26120
2019-09-29 00:00:00,27340,26840
2019-09-30 00:00:00,27510,27590
2019-10-01 00:00:00,20190,27710
2019-10-02 00:00:00,27550,26060
2019-10-03 00:00:00,27690,26200
2019-10-04 00:00:00,22830,17950
2019-10-05 00:00:00,20280,25016.74463
2019-10-06 00:00:00,27630,25016.74463
2019-10-07 00:00:00,27630,25016.74463
2019-10-08 00:00:00,27610,13660
2019-10-09 00:00:00,27580,26610
2019-10-10 00:00:00,25150,25160
2019-10-11 00:00:00,27500,27610
2019-10-12 00:00:00,27510,27580
2019-10-13 00:00:00,27540,27650
2019-10-14 00:00:00,27500,27570
2019-10-15 00:00:00,27530,27570
2019-10-16 00:00:00,27550,27660
2019-10-17 00:00:00,27610,27700
2019-10-18 00:00:00,27500,27620
2019-10-19 00:00:00,27550,27640
2019-10-20 00:00:00,27600,27700
2019-10-21 00:00:00,27500,27600
2019-10-22 00:00:00,27460,27550
2019-10-23 00:00:00,27450,27540
2019-10-24 00:00:00,27460,27510
2019-10-25 00:00:00,27470,27560
2019-10-26 00:00:00,27290,27400
2019-10-27 00:00:00,28320,27650
2019-10-28 00:00:00,27470,27570
2019-10-29 00:00:00,27610,27710
2019-10-30 00:00:00,27600,27720
2019-10-31 00:00:00,27540,27620
2019-11-01 00:00:00,27560,27650
2019-11-02 00:00:00,27450,27530
2019-11-03 00:00:00,27380,27430
2019-11-04 00:00:00,27250,27320
2019-11-05 00:00:00,27470,27530
2019-11-06 00:00:00,27610,27710
2019-11-07 00:00:00,27350,27480
2019-11-08 00:00:00,25880,26090
2019-11-09 00:00:00,27470,27500
2019-11-10 00:00:00,27470,27200
2019-11-11 00:00:00,27410,27480
2019-11-12 00:00:00,27400,27460
2019-11-13 00:00:00,24940,23050
2019-11-14 00:00:00,25850,25100
2019-11-15 00:00:00,27480,25920
2019-11-16 00:00:00,24610,27180
2019-11-17 00:00:00,26280,27740
2019-11-18 00:00:00,26320,27770
2019-11-19 00:00:00,26210,27650
2019-11-20 00:00:00,26080,27090
2019-11-21 00:00:00,26250,26260
2019-11-22 00:00:00,22480,27570
2019-11-23 00:00:00,27310,27380
2019-11-24 00:00:00,27430,26720
2019-11-25 00:00:00,27440,27500
2019-11-26 00:00:00,27220,27440
2019-11-27 00:00:00,27320,27450
2019-11-28 00:00:00,27260,27420
2019-11-29 00:00:00,27450,26740
2019-11-30 00:00:00,27510,27580
2019-12-01 00:00:00,27390,27420
2019-12-02 00:00:00,27340,27410
2019-12-03 00:00:00,27220,27310
2019-12-04 00:00:00,27300,25790
2019-12-05 00:00:00,25500,25080
2019-12-06 00:00:00,26670,27340
2019-12-07 00:00:00,26990,27440
2019-12-08 00:00:00,27030,27330
2019-12-09 00:00:00,26430,26490
2019-12-10 00:00:00,27600,26980
2019-12-11 00:00:00,27150,24520
2019-12-12 00:00:00,27810,27570
2019-12-13 00:00:00,27770,27170
2019-12-14 00:00:00,27790,27390
2019-12-15 00:00:00,27740,26960
2019-12-16 00:00:00,27790,27570
2019-12-17 00:00:00,27880,18460
2019-12-18 00:00:00,27790,27800
2019-12-19 00:00:00,20170,27060
2019-12-20 00:00:00,27680,26830
2019-12-21 00:00:00,27610,26950
2019-12-22 00:00:00,27700,27090
2019-12-23 00:00:00,27400,26990
2019-12-24 00:00:00,27530,26720
2019-12-25 00:00:00,27100,26260
2019-12-26 00:00:00,26400,26770
2019-12-27 00:00:00,26100,26460
2019-12-28 00:00:00,26250,25030
2019-12-29 00:00:00,25650,24610
2019-12-30 00:00:00,22910,22160
2019-12-31 00:00:00,27360,27420
2020-01-01 00:00:00,27130,27140
2020-01-02 00:00:00,27380,24810
2020-01-03 00:00:00,27430,27330
2020-01-04 00:00:00,27420,27340
2020-01-05 00:00:00,27430,27180
2020-01-06 00:00:00,26820,27100
2020-01-07 00:00:00,27380,26880
2020-01-08 00:00:00,27410,27230
2020-01-09 00:00:00,27550,27610
2020-01-10 00:00:00,27450,27500
2020-01-11 00:00:00,24170,23320
2020-01-12 00:00:00,27450,26790
2020-01-13 00:00:00,27400,26720
2020-01-14 00:00:00,27340,27000
2020-01-15 00:00:00,27370,27130
2020-01-16 00:00:00,27360,27140
2020-01-17 00:00:00,26750,26680
2020-01-18 00:00:00,27420,26820
2020-01-19 00:00:00,26740,22510
2020-01-20 00:00:00,27410,27540
2020-01-21 00:00:00,27460,27590
2020-01-22 00:00:00,25110,23870
2020-01-23 00:00:00,26760,26540
2020-01-24 00:00:00,26490,26580
2020-01-25 00:00:00,25730,25800
2020-01-26 00:00:00,26610,26960
2020-01-27 00:00:00,26600,27020
2020-01-28 00:00:00,24790,24320
2020-01-29 00:00:00,27340,25790
2020-01-30 00:00:00,27270,24370
2020-01-31 00:00:00,26290,26480
2020-02-01 00:00:00,27060,26590
2020-02-02 00:00:00,27050,26850
2020-02-03 00:00:00,26800,26610
2020-02-04 00:00:00,27170,25820
2020-02-05 00:00:00,27130,25600
2020-02-06 00:00:00,27250,21180
2020-02-07 00:00:00,20290,19330
2020-02-08 00:00:00,27110,25470
2020-02-09 00:00:00,26570,21280
2020-02-10 00:00:00,27270,26080
2020-02-11 00:00:00,27270,26020
2020-02-12 00:00:00,27320,26110
2020-02-13 00:00:00,23060,22320
2020-02-14 00:00:00,27260,26780
2020-02-15 00:00:00,27220,26210
2020-02-16 00:00:00,26510,26470
2020-02-17 00:00:00,27210,26730
2020-02-18 00:00:00,27270,27080
2020-02-19 00:00:00,27310,26970
2020-02-20 00:00:00,27260,26770
2020-02-21 00:00:00,26660,26300
2020-02-22 00:00:00,27160,26820
2020-02-23 00:00:00,19580,20020
2020-02-24 00:00:00,27180,27140
2020-02-25 00:00:00,27260,27020
2020-02-26 00:00:00,26850,26690
2020-02-27 00:00:00,27170,26540
2020-02-28 00:00:00,26260,24810
2020-02-29 00:00:00,26980,26210
2020-03-01 00:00:00,27050,26390
2020-03-02 00:00:00,27150,26770
2020-03-03 00:00:00,26100,25120
2020-03-04 00:00:00,26650,26760
2020-03-05 00:00:00,27440,27290
2020-03-06 00:00:00,27270,23120
2020-03-07 00:00:00,26880,26440
2020-03-08 00:00:00,26920,26330
2020-03-09 00:00:00,27050,21510
2020-03-10 00:00:00,27020,24600
2020-03-11 00:00:00,26490,19720
2020-03-12 00:00:00,13020,12110
2020-03-13 00:00:00,26060,24030
2020-03-14 00:00:00,27110,24520
2020-03-15 00:00:00,18770,23560
2020-03-16 00:00:00,27230,24340
2020-03-17 00:00:00,22520,20060
2020-03-18 00:00:00,25500,23160
2020-03-19 00:00:00,27340,24930
2020-03-20 00:00:00,27350,24960
2020-03-21 00:00:00,27240,24780
2020-03-22 00:00:00,27170,24760
2020-03-23 00:00:00,26410,24070
2020-03-24 00:00:00,27090,23870
2020-03-25 00:00:00,27290,24140
2020-03-26 00:00:00,27410,13050
2020-03-27 00:00:00,27330,26050
2020-03-28 00:00:00,27120,27380
2020-03-29 00:00:00,26000,26280
2020-03-30 00:00:00,27170,27410
2020-03-31 00:00:00,27300,26810
2020-04-01 00:00:00,27120,27370
2020-04-02 00:00:00,27040,27280
2020-04-03 00:00:00,27280,27550
2020-04-04 00:00:00,27120,27320
2020-04-05 00:00:00,26260,26330
2020-04-06 00:00:00,27130,26400
2020-04-07 00:00:00,27200,23200
2020-04-08 00:00:00,27240,25850
2020-04-09 00:00:00,13450,12970
2020-04-10 00:00:00,25012.82575,25016.74463
2020-04-11 00:00:00,25012.82575,25016.74463
2020-04-12 00:00:00,70,10
2020-04-13 00:00:00,24450,25140
2020-04-14 00:00:00,21800,26630
2020-04-15 00:00:00,26560,24850
2020-04-16 00:00:00,27270,25380
2020-04-17 00:00:00,25910,23680
2020-04-18 00:00:00,27210,25750
2020-04-19 00:00:00,27210,26080
2020-04-20 00:00:00,27180,26050
2020-04-21 00:00:00,27190,26070
2020-04-22 00:00:00,27250,26130
2020-04-23 00:00:00,27260,26160
2020-04-24 00:00:00,26840,24050
2020-04-25 00:00:00,27250,25270
2020-04-26 00:00:00,27250,26100
2020-04-27 00:00:00,27320,26210
2020-04-28 00:00:00,27300,26760
2020-04-29 00:00:00,27270,26560
2020-04-30 00:00:00,27290,24430
2020-05-01 00:00:00,25970,24730
2020-05-02 00:00:00,27260,27460
2020-05-03 00:00:00,27270,26570
2020-05-04 00:00:00,18130,26110
2020-05-05 00:00:00,27180,26090
2020-05-06 00:00:00,26120,25040
2020-05-07 00:00:00,26340,26060
2020-05-08 00:00:00,25150,25570
2020-05-09 00:00:00,25840,25260
2020-05-10 00:00:00,25810,26020
2020-05-11 00:00:00,25880,26120
2020-05-12 00:00:00,26420,23040
2020-05-13 00:00:00,21270,25510
2020-05-14 00:00:00,25920,26070
2020-05-15 00:00:00,24490,26080
2020-05-16 00:00:00,25800,26000
2020-05-17 00:00:00,25860,26010
2020-05-18 00:00:00,25840,26010
2020-05-19 00:00:00,25880,25780
2020-05-20 00:00:00,25820,25050
2020-05-21 00:00:00,22000,20870
2020-05-22 00:00:00,25400,24810
2020-05-23 00:00:00,26680,25910
2020-05-24 00:00:00,25040,25920
2020-05-25 00:00:00,26860,25940
2020-05-26 00:00:00,26780,25970
2020-05-27 00:00:00,27070,25700
2020-05-28 00:00:00,16230,23670
2020-05-29 00:00:00,4500,24690
2020-05-30 00:00:00,25012.82575,24620
2020-05-31 00:00:00,25012.82575,24700
2020-06-01 00:00:00,25012.82575,24060
2020-06-02 00:00:00,25012.82575,21120
2020-06-03 00:00:00,25012.82575,25360
2020-06-04 00:00:00,25012.82575,24470
2020-06-05 00:00:00,6790,25320
2020-06-06 00:00:00,27110,25510
2020-06-07 00:00:00,26830,25730
2020-06-08 00:00:00,27620,26780
2020-06-09 00:00:00,27260,25330
2020-06-10 00:00:00,27220,24720
2020-06-11 00:00:00,20860,25800
2020-06-12 00:00:00,27140,25260
2020-06-13 00:00:00,22750,26000
2020-06-14 00:00:00,14420,26050
2020-06-15 00:00:00,24680,26080
2020-06-16 00:00:00,24630,26000
2020-06-17 00:00:00,18020,25310
2020-06-18 00:00:00,17540,24830
2020-06-19 00:00:00,13060,25890
2020-06-20 00:00:00,24340,25750
2020-06-21 00:00:00,24370,25680
2020-06-22 00:00:00,24420,24690
2020-06-23 00:00:00,14730,24800
2020-06-24 00:00:00,25012.82575,23210
2020-06-25 00:00:00,25012.82575,12670
2020-06-26 00:00:00,880,9980
2020-06-27 00:00:00,25012.82575,25016.74463
2020-06-28 00:00:00,25012.82575,25016.74463
2020-06-29 00:00:00,25012.82575,25016.74463
2020-06-30 00:00:00,25012.82575,25016.74463
2020-07-01 00:00:00,25012.82575,25016.74463
2020-07-02 00:00:00,25012.82575,25016.74463
2020-07-03 00:00:00,25012.82575,25016.74463
2020-07-04 00:00:00,25012.82575,25016.74463
2020-07-05 00:00:00,25012.82575,25016.74463
2020-07-06 00:00:00,620,25016.74463
2020-07-07 00:00:00,10040,5780
2020-07-08 00:00:00,19720,12450
2020-07-09 00:00:00,25490,26110
2020-07-10 00:00:00,25620,25710
2020-07-13 00:00:00,10760,16140
2020-07-14 00:00:00,26760,25490
2020-07-15 00:00:00,23130,26720
2020-07-16 00:00:00,25600,25190
2020-07-17 00:00:00,26760,26680
2020-07-18 00:00:00,26620,26670
2020-07-19 00:00:00,22740,26470
2020-07-20 00:00:00,26920,26890
2020-07-21 00:00:00,13750,13890
2020-07-22 00:00:00,26620,25170
2020-07-23 00:00:00,26360,25940
2020-07-24 00:00:00,23810,24670
2020-07-25 00:00:00,25930,25940
2020-07-26 00:00:00,26130,25970
2020-07-27 00:00:00,26220,26010
2020-07-28 00:00:00,25330,25030
2020-07-29 00:00:00,26490,26100
2020-07-30 00:00:00,10500,10570
2020-07-31 00:00:00,22300,22530
2020-08-01 00:00:00,25400,25940
2020-08-02 00:00:00,26990,26110
2020-08-03 00:00:00,26950,26150
2020-08-04 00:00:00,26980,25440
2020-08-05 00:00:00,26970,26060
2020-08-06 00:00:00,25320,24270
2020-08-07 00:00:00,26980,26150
2020-08-08 00:00:00,23740,25440
2020-08-09 00:00:00,26690,26060
2020-08-10 00:00:00,26620,26110
2020-08-11 00:00:00,26370,25920
2020-08-12 00:00:00,26320,25390
2020-08-13 00:00:00,26820,26230
2020-08-14 00:00:00,27010,26320
2020-08-15 00:00:00,26960,26230
2020-08-16 00:00:00,12630,12330
2020-08-17 00:00:00,8530,8490
2020-08-18 00:00:00,26590,26400
2020-08-19 00:00:00,24440,13300
2020-08-20 00:00:00,25830,25800
2020-08-21 00:00:00,20890,18840
2020-08-22 00:00:00,26820,26590
2020-08-23 00:00:00,27130,26590
2020-08-24 00:00:00,27080,26590
2020-08-25 00:00:00,26770,26410
2020-08-26 00:00:00,26980,26240
2020-08-27 00:00:00,25730,25730
2020-08-28 00:00:00,21760,22970
2020-08-29 00:00:00,26650,26080
2020-08-30 00:00:00,26640,26790
2020-08-31 00:00:00,26480,26630
2020-09-01 00:00:00,26540,26580
2020-09-02 00:00:00,26020,25490
2020-09-03 00:00:00,25790,25920
2020-09-04 00:00:00,26050,26130
2020-09-05 00:00:00,26370,25590
2020-09-06 00:00:00,26590,26310
2020-09-07 00:00:00,26390,26250
2020-09-08 00:00:00,20960,19360
2020-09-09 00:00:00,24390,24060
2020-09-10 00:00:00,27200,26850
2020-09-11 00:00:00,24120,24590
2020-09-12 00:00:00,26400,26640
2020-09-13 00:00:00,26300,25790
2020-09-14 00:00:00,26570,22980
2020-09-15 00:00:00,26740,25600
2020-09-16 00:00:00,27180,23680
2020-09-17 00:00:00,27270,26000
2020-09-18 00:00:00,27340,21690
2020-09-19 00:00:00,27300,25820
2020-09-20 00:00:00,26940,26230
2020-09-21 00:00:00,21740,25680
2020-09-22 00:00:00,26980,26370
2020-09-23 00:00:00,26490,25820
2020-09-24 00:00:00,21940,26130
2020-09-25 00:00:00,25240,26510
2020-09-26 00:00:00,27250,26450
2020-09-27 00:00:00,27410,26700
2020-09-28 00:00:00,27220,26720
2020-09-29 00:00:00,24980,25690
2020-09-30 00:00:00,27020,26900
2020-10-01 00:00:00,26900,26840
2020-10-02 00:00:00,26080,25780
2020-10-03 00:00:00,26880,26960
2020-10-04 00:00:00,26660,26980
2020-10-05 00:00:00,25470,25720
2020-10-06 00:00:00,26850,26860
2020-10-07 00:00:00,27420,26430
2020-10-08 00:00:00,26280,25690
2020-10-09 00:00:00,27640,26150
2020-10-10 00:00:00,27710,26220
2020-10-11 00:00:00,27630,26840
2020-10-12 00:00:00,27760,26920
2020-10-13 00:00:00,27750,25860
2020-10-14 00:00:00,27640,26130
2020-10-15 00:00:00,27470,26800
2020-10-16 00:00:00,27490,26850
2020-10-17 00:00:00,27210,26750
2020-10-18 00:00:00,27280,26760
2020-10-19 00:00:00,26530,26610
2020-10-20 00:00:00,26090,26660
2020-10-21 00:00:00,23190,26660
2020-10-22 00:00:00,24370,24420
2020-10-23 00:00:00,27370,27480
2020-10-24 00:00:00,26960,26270
2020-10-25 00:00:00,26880,26310
2020-10-26 00:00:00,25350,25600
2020-10-27 00:00:00,28220,28380
2020-10-28 00:00:00,27090,27270
2020-10-29 00:00:00,27060,26350
2020-10-30 00:00:00,24840,26230
2020-10-31 00:00:00,26920,26890
2020-11-01 00:00:00,26690,26170
2020-11-02 00:00:00,26920,26950
2020-11-03 00:00:00,27490,25360
2020-11-04 00:00:00,27470,25990
2020-11-05 00:00:00,27440,25210
2020-11-06 00:00:00,26800,25250
2020-11-07 00:00:00,27460,26820
2020-11-08 00:00:00,27090,26760
2020-11-09 00:00:00,26800,27070
2020-11-10 00:00:00,26570,24190
2020-11-11 00:00:00,26420,27120
2020-11-12 00:00:00,22030,22570
2020-11-13 00:00:00,26480,26560
2020-11-14 00:00:00,26270,26920
2020-11-15 00:00:00,26270,26500
2020-11-16 00:00:00,26400,26800
2020-11-17 00:00:00,26040,26670
2020-11-18 00:00:00,26180,26610
2020-11-19 00:00:00,27120,26830
2020-11-20 00:00:00,26980,26780
2020-11-21 00:00:00,26460,26250
2020-11-22 00:00:00,23390,25540
2020-11-23 00:00:00,26910,26720
2020-11-24 00:00:00,26310,26790
2020-11-25 00:00:00,26580,18510
2020-11-26 00:00:00,21990,27340
2020-11-27 00:00:00,27460,27000
2020-11-28 00:00:00,27410,26940
2020-11-29 00:00:00,27230,26900
2020-11-30 00:00:00,27020,26810
2020-12-01 00:00:00,26280,24840
2020-12-02 00:00:00,27030,26700
2020-12-03 00:00:00,27070,27040
2020-12-04 00:00:00,25590,25540
2020-12-05 00:00:00,27020,26740
2020-12-06 00:00:00,27120,26840
2020-12-07 00:00:00,25600,25280
2020-12-08 00:00:00,26880,26570
2020-12-09 00:00:00,26970,26680
2020-12-10 00:00:00,18820,25230
2020-12-11 00:00:00,26710,26440
2020-12-12 00:00:00,27160,26600
2020-12-13 00:00:00,27130,25300
2020-12-14 00:00:00,26700,26100
2020-12-15 00:00:00,27080,26480
2020-12-16 00:00:00,25980,26500
2020-12-17 00:00:00,26540,26470
2020-12-18 00:00:00,26410,25950
2020-12-19 00:00:00,25990,25610
2020-12-20 00:00:00,23190,24970
2020-12-21 00:00:00,26260,25990
2020-12-22 00:00:00,26570,26900
2020-12-23 00:00:00,26600,25460
2020-12-24 00:00:00,25470,22330
2020-12-25 00:00:00,26520,26330
2020-12-26 00:00:00,26100,26220
2020-12-27 00:00:00,25820,26340
2020-12-28 00:00:00,26190,26410
2020-12-29 00:00:00,26230,26430
2020-12-30 00:00:00,21840,26370
2020-12-31 00:00:00,24090,27180
2021-01-01 00:00:00,25740,27140
2021-01-02 00:00:00,26120,27430
2021-01-03 00:00:00,26120,26910
2021-01-04 00:00:00,26330,27520
2021-01-05 00:00:00,26380,27590
2021-01-06 00:00:00,26420,27310
2021-01-07 00:00:00,14460,25340
2021-01-08 00:00:00,16260,27580
2021-01-09 00:00:00,25920,27320
2021-01-10 00:00:00,25320,27060
2021-01-11 00:00:00,26670,26640
2021-01-12 00:00:00,27320,27300
2021-01-13 00:00:00,27460,27490
2021-01-14 00:00:00,25450,27510
2021-01-15 00:00:00,24630,27370
2021-01-16 00:00:00,25920,26920
2021-01-17 00:00:00,24780,25890
2021-01-18 00:00:00,25850,26910
2021-01-19 00:00:00,25500,26730
2021-01-20 00:00:00,25230,26470
2021-01-21 00:00:00,25480,26660
2021-01-22 00:00:00,25760,26410
2021-01-23 00:00:00,24590,21990
2021-01-24 00:00:00,23900,27360
2021-01-25 00:00:00,26460,27320
2021-01-26 00:00:00,18800,17970
2021-01-27 00:00:00,15370,16110
2021-01-28 00:00:00,26310,27470
2021-01-29 00:00:00,25940,27430
2021-01-30 00:00:00,26340,27430
2021-01-31 00:00:00,26440,27500
2021-02-01 00:00:00,24160,25270
2021-02-02 00:00:00,26090,27410
2021-02-03 00:00:00,25990,26870
2021-02-04 00:00:00,26030,27420
2021-02-05 00:00:00,22450,25220
2021-02-06 00:00:00,26200,27330
2021-02-07 00:00:00,26580,27430
2021-02-08 00:00:00,26640,27440
2021-02-09 00:00:00,23470,25940
2021-02-10 00:00:00,20320,25160
2021-02-11 00:00:00,23950,22360
2021-02-12 00:00:00,20580,27250
2021-02-13 00:00:00,25940,26880
2021-02-14 00:00:00,26860,26380
2021-02-15 00:00:00,26070,25300
2021-02-16 00:00:00,19290,25720
2021-02-17 00:00:00,24810,21800
2021-02-18 00:00:00,26510,27170
2021-02-19 00:00:00,26540,26390
2021-02-20 00:00:00,26010,27130
2021-02-21 00:00:00,26040,27260
2021-02-22 00:00:00,26280,26050
2021-02-23 00:00:00,27000,23700
2021-02-24 00:00:00,26860,26880
2021-02-25 00:00:00,27150,26320
2021-02-26 00:00:00,27410,24720
2021-02-27 00:00:00,27360,26920
2021-02-28 00:00:00,27360,26790
2021-03-01 00:00:00,27580,26640
2021-03-02 00:00:00,27560,26540
2021-03-03 00:00:00,27580,26300
2021-03-04 00:00:00,27490,26350
2021-03-05 00:00:00,26970,27650
2021-03-06 00:00:00,25900,26350
2021-03-07 00:00:00,27340,27210
2021-03-08 00:00:00,26980,26700
2021-03-09 00:00:00,26890,26650
2021-03-10 00:00:00,26460,26150
2021-03-11 00:00:00,26450,26090
2021-03-12 00:00:00,26170,25830
2021-03-13 00:00:00,27260,27070
2021-03-14 00:00:00,27300,27120
2021-03-15 00:00:00,27460,27300
2021-03-16 00:00:00,27270,26680
2021-03-17 00:00:00,26890,27250
2021-03-18 00:00:00,27330,27120
2021-03-19 00:00:00,27440,25020
2021-03-20 00:00:00,26890,26130
2021-03-21 00:00:00,27400,27320
2021-03-22 00:00:00,26220,25420
2021-03-23 00:00:00,27370,27030
2021-03-24 00:00:00,27320,27260
2021-03-25 00:00:00,25590,25990
2021-03-26 00:00:00,16950,16870
2021-03-29 00:00:00,16980,17060
2021-03-30 00:00:00,27190,27180
2021-03-31 00:00:00,24520,27080
2021-04-01 00:00:00,26010,22920
2021-04-02 00:00:00,25380,25680
2021-04-03 00:00:00,22630,23010
2021-04-04 00:00:00,23340,23680
2021-04-05 00:00:00,25830,26820
2021-04-06 00:00:00,27400,27450
2021-04-07 00:00:00,27430,26680
2021-04-08 00:00:00,25880,25830
2021-04-09 00:00:00,25910,26590
2021-04-10 00:00:00,27300,27860
2021-04-11 00:00:00,27270,27870
2021-04-12 00:00:00,27270,27290
2021-04-13 00:00:00,27180,27050
2021-04-14 00:00:00,27520,27840
2021-04-15 00:00:00,27470,27720
2021-04-16 00:00:00,27460,26840
2021-04-17 00:00:00,27480,27610
2021-04-18 00:00:00,27460,26730
2021-04-19 00:00:00,27430,27320
2021-04-20 00:00:00,21330,27470
2021-04-21 00:00:00,27180,27750
2021-04-22 00:00:00,27210,25320
2021-04-23 00:00:00,26570,27610
2021-04-24 00:00:00,27650,27750
2021-04-25 00:00:00,25330,27810
2021-04-26 00:00:00,27070,27620
2021-04-27 00:00:00,27070,27620
2021-04-28 00:00:00,27160,27230
2021-04-29 00:00:00,27200,27250
2021-04-30 00:00:00,26800,27180
2021-05-01 00:00:00,27440,27840
2021-05-02 00:00:00,27450,27900
2021-05-03 00:00:00,27200,27670
2021-05-04 00:00:00,27130,27590
2021-05-05 00:00:00,27330,26960
2021-05-06 00:00:00,27450,27870
2021-05-07 00:00:00,26050,25930
2021-05-08 00:00:00,26140,26650
2021-05-09 00:00:00,26420,26870
2021-05-10 00:00:00,20680,27200
2021-05-11 00:00:00,27680,27420
2021-05-12 00:00:00,26970,21070
2021-05-13 00:00:00,27010,27610
2021-05-14 00:00:00,27540,27840
2021-05-15 00:00:00,27490,27710
2021-05-16 00:00:00,27450,27690
2021-05-17 00:00:00,27500,27010
2021-05-18 00:00:00,26590,27680
2021-05-19 00:00:00,22290,26750
2021-05-20 00:00:00,26040,26430
2021-05-21 00:00:00,27260,27540
2021-05-22 00:00:00,27670,26430
2021-05-23 00:00:00,27590,27560
2021-05-24 00:00:00,27450,27440
2021-05-25 00:00:00,27470,27410
2021-05-26 00:00:00,27460,26640
2021-05-27 00:00:00,26670,25830
2021-05-28 00:00:00,26930,25450
2021-05-29 00:00:00,27370,25560
2021-05-30 00:00:00,27350,27140
2021-05-31 00:00:00,27220,15910
2021-06-01 00:00:00,26040,8850
2021-06-02 00:00:00,18130,18200
2021-06-03 00:00:00,13610,13740
2021-06-04 00:00:00,16180,16200
2021-06-05 00:00:00,27220,26120
2021-06-06 00:00:00,27310,25520
2021-06-07 00:00:00,27220,26920
2021-06-08 00:00:00,27180,25960
2021-06-09 00:00:00,26960,26560
2021-06-10 00:00:00,26910,25710
2021-06-11 00:00:00,27120,26080
2021-06-12 00:00:00,27220,25110
2021-06-13 00:00:00,27000,24690
2021-06-14 00:00:00,27200,26070
2021-06-15 00:00:00,27170,26270
2021-06-16 00:00:00,27060,27210
2021-06-17 00:00:00,27230,27290
2021-06-18 00:00:00,27400,27430
2021-06-19 00:00:00,27240,26550
2021-06-20 00:00:00,27300,23810
2021-06-21 00:00:00,27490,26930
2021-06-22 00:00:00,27550,26740
2021-06-23 00:00:00,27500,26970
2021-06-24 00:00:00,27290,26830
2021-06-25 00:00:00,27420,26850
2021-06-26 00:00:00,27510,26970
2021-06-27 00:00:00,27230,27110
2021-06-28 00:00:00,27400,26960
2021-06-29 00:00:00,27400,26960
2021-06-30 00:00:00,27470,26660
2021-07-01 00:00:00,26570,25830
2021-07-02 00:00:00,11920,11440
2021-07-03 00:00:00,25012.82575,25016.74463
2021-07-04 00:00:00,25012.82575,25016.74463
2021-07-05 00:00:00,25012.82575,25016.74463
2021-07-06 00:00:00,25012.82575,25016.74463
2021-07-07 00:00:00,25012.82575,25016.74463
2021-07-08 00:00:00,25012.82575,25016.74463
2021-07-09 00:00:00,25012.82575,25016.74463
2021-07-10 00:00:00,25012.82575,25016.74463
2021-07-11 00:00:00,25012.82575,25016.74463
2021-07-12 00:00:00,25012.82575,25016.74463
2021-07-13 00:00:00,25012.82575,25016.74463
2021-07-14 00:00:00,860,25016.74463
2021-07-15 00:00:00,4670,23340
2021-07-16 00:00:00,6890,56520
2021-07-17 00:00:00,13850,61030
2021-07-18 00:00:00,11770,58320
2021-07-19 00:00:00,20920,58210
2021-07-20 00:00:00,20500,46100
2021-07-21 00:00:00,19640,35620
2021-07-22 00:00:00,26150,60180
2021-07-23 00:00:00,23720,55350
2021-07-24 00:00:00,27500,33500
2021-07-25 00:00:00,27330,50770
2021-07-26 00:00:00,24790,59600
2021-07-27 00:00:00,18690,40530
2021-07-28 00:00:00,19020,27630
2021-07-29 00:00:00,27560,27570
2021-07-30 00:00:00,27730,27690
2021-07-31 00:00:00,27650,27630
2021-08-01 00:00:00,27690,27660
2021-08-02 00:00:00,27660,27610
2021-08-03 00:00:00,27650,27630
2021-08-04 00:00:00,27690,27690
2021-08-05 00:00:00,27500,27530
2021-08-06 00:00:00,26960,26610
2021-08-07 00:00:00,27440,27400
2021-08-08 00:00:00,27530,27530
2021-08-09 00:00:00,27600,27600
2021-08-10 00:00:00,26100,25570
2021-08-11 00:00:00,26060,25130
2021-08-12 00:00:00,26880,27470
2021-08-13 00:00:00,23520,27440
2021-08-14 00:00:00,27650,27620
2021-08-15 00:00:00,27790,27750
2021-08-16 00:00:00,27760,27720
2021-08-17 00:00:00,25700,22630
2021-08-18 00:00:00,27630,27150
2021-08-19 00:00:00,24970,27300
2021-08-20 00:00:00,27720,27630
2021-08-21 00:00:00,27710,27720
2021-08-22 00:00:00,27720,27670
2021-08-23 00:00:00,26340,26320
2021-08-24 00:00:00,27710,27670
2021-08-25 00:00:00,27690,27720
2021-08-26 00:00:00,27700,27690
2021-08-27 00:00:00,27820,27840
2021-08-28 00:00:00,27590,27760
2021-08-29 00:00:00,27770,27780
2021-08-30 00:00:00,27730,27710
2021-08-31 00:00:00,27320,27090
2021-09-01 00:00:00,27760,27780
2021-09-02 00:00:00,27000,27280
2021-09-03 00:00:00,27910,27930
2021-09-04 00:00:00,27810,27880
2021-09-05 00:00:00,27420,27420
2021-09-06 00:00:00,26570,26910
2021-09-07 00:00:00,27150,26920
2021-09-08 00:00:00,26940,26640
2021-09-09 00:00:00,24730,24480
2021-09-10 00:00:00,27210,27030
2021-09-11 00:00:00,27650,27650
2021-09-12 00:00:00,27740,27670
2021-09-13 00:00:00,26020,27110
2021-09-14 00:00:00,18450,18440
2021-09-16 00:00:00,2320,2320
2021-09-20 00:00:00,16100,16060
2021-09-21 00:00:00,27510,27510
2021-09-22 00:00:00,27470,27470
2021-09-23 00:00:00,26780,25760
2021-09-24 00:00:00,27440,27410
2021-09-25 00:00:00,27610,27610
2021-09-26 00:00:00,27540,27540
2021-09-27 00:00:00,27520,27550
2021-09-28 00:00:00,27630,27650
2021-09-29 00:00:00,27590,27590
2021-09-30 00:00:00,26760,27640
2021-10-01 00:00:00,27520,22910
2021-10-02 00:00:00,27580,27560
2021-10-03 00:00:00,27550,27560
2021-10-04 00:00:00,25500,27570
2021-10-05 00:00:00,19050,27590
2021-10-06 00:00:00,27570,27550
2021-10-07 00:00:00,22540,27570
2021-10-08 00:00:00,26940,22090
2021-10-09 00:00:00,26190,27630
2021-10-10 00:00:00,26770,27600
2021-10-11 00:00:00,26530,27290
2021-10-12 00:00:00,27630,27660
2021-10-13 00:00:00,27600,27580
2021-10-14 00:00:00,26460,27590
2021-10-15 00:00:00,27710,26770
2021-10-16 00:00:00,27730,27710
2021-10-17 00:00:00,27610,27610
2021-10-18 00:00:00,27540,27540
2021-10-19 00:00:00,27450,27480
2021-10-20 00:00:00,27580,27580
2021-10-21 00:00:00,27570,27580
2021-10-22 00:00:00,11410,11420
2021-10-28 00:00:00,17270,17250
2021-10-29 00:00:00,17560,27610
2021-10-30 00:00:00,27400,27550
2021-10-31 00:00:00,26180,26410
2021-11-01 00:00:00,27330,27610
2021-11-02 00:00:00,26840,26970
2021-11-03 00:00:00,27700,27740
2021-11-04 00:00:00,26810,19960
2021-11-05 00:00:00,27690,27690
2021-11-06 00:00:00,27500,27610
2021-11-07 00:00:00,27680,27700
2021-11-08 00:00:00,27570,27690
2021-11-09 00:00:00,27320,27690
2021-11-10 00:00:00,27160,27810
2021-11-11 00:00:00,27620,27740
2021-11-12 00:00:00,27150,27580
2021-11-13 00:00:00,27300,27770
2021-11-14 00:00:00,27520,27720
2021-11-15 00:00:00,27620,26190
2021-11-16 00:00:00,27400,27720
2021-11-17 00:00:00,26790,27680
2021-11-18 00:00:00,26000,27610
2021-11-19 00:00:00,26660,27680
2021-11-20 00:00:00,22110,27660
2021-11-21 00:00:00,20360,19130
2021-11-22 00:00:00,17740,21080
2021-11-23 00:00:00,23370,24510
2021-11-24 00:00:00,26440,27120
2021-11-25 00:00:00,26450,27540
2021-11-26 00:00:00,23460,23720
2021-11-27 00:00:00,10920,18800
2021-11-28 00:00:00,27210,27210
2021-11-29 00:00:00,27380,27470
2021-11-30 00:00:00,26810,27260
2021-12-01 00:00:00,27140,27560
2021-12-02 00:00:00,27080,27700
2021-12-03 00:00:00,25960,25940
2021-12-04 00:00:00,27040,27440
2021-12-05 00:00:00,27540,27800
2021-12-06 00:00:00,27540,27860
2021-12-07 00:00:00,27220,27560
2021-12-08 00:00:00,26940,27300
2021-12-09 00:00:00,26680,26500
2021-12-10 00:00:00,27190,27600
2021-12-11 00:00:00,26410,26480
2021-12-12 00:00:00,26040,26070
2021-12-13 00:00:00,27130,25850
2021-12-14 00:00:00,27280,27570
2021-12-15 00:00:00,27050,27250
2021-12-16 00:00:00,27090,26190
2021-12-17 00:00:00,26150,27840
2021-12-18 00:00:00,21440,27890
2021-12-19 00:00:00,26490,27940
2021-12-20 00:00:00,25830,27920
2021-12-21 00:00:00,20940,27940
2021-12-22 00:00:00,27830,27900
2021-12-23 00:00:00,27580,27410
2021-12-24 00:00:00,13610,13480
2022-01-17 00:00:00,10440,10440
2022-01-18 00:00:00,27140,27750
2022-01-19 00:00:00,27610,27650
2022-01-20 00:00:00,18400,18500
2022-01-21 00:00:00,17070,17350
2022-01-22 00:00:00,26830,27290
2022-01-23 00:00:00,27270,13090
2022-01-24 00:00:00,27480,8340
2022-01-25 00:00:00,16070,16240
2022-02-01 00:00:00,12350,12600
2022-02-02 00:00:00,26910,26830
2022-02-03 00:00:00,25640,26150
2022-02-04 00:00:00,26250,26960
2022-02-05 00:00:00,26510,27450
2022-02-06 00:00:00,24900,27530
2022-02-07 00:00:00,5900,10330
2022-02-08 00:00:00,13210,13740
2022-02-09 00:00:00,26480,27490
2022-02-10 00:00:00,26850,26620
2022-02-11 00:00:00,27310,21040
2022-02-12 00:00:00,26400,27520
2022-02-13 00:00:00,25900,27730
2022-02-14 00:00:00,26330,27680
2022-02-15 00:00:00,26330,27650
2022-02-16 00:00:00,25640,27640
2022-02-17 00:00:00,26360,27590
2022-02-18 00:00:00,22090,27690
2022-02-19 00:00:00,27440,24780
2022-02-20 00:00:00,26180,26730
2022-02-21 00:00:00,24660,26730
2022-02-22 00:00:00,25480,27510
2022-02-23 00:00:00,25550,27430
2022-02-24 00:00:00,26650,27490
2022-02-25 00:00:00,26360,27610
2022-02-26 00:00:00,26580,27430
2022-02-27 00:00:00,19190,27470
2022-02-28 00:00:00,25012.82575,27560
2022-03-01 00:00:00,25012.82575,27660
2022-03-02 00:00:00,25012.82575,20850
2022-03-03 00:00:00,25012.82575,14080
2022-03-04 00:00:00,25012.82575,22020
2022-03-05 00:00:00,25012.82575,27610
2022-03-06 00:00:00,25012.82575,25020
2022-03-07 00:00:00,5630,27570
2022-03-08 00:00:00,10170,10490
2022-03-11 00:00:00,16490,16920
2022-03-12 00:00:00,27360,27310
2022-03-13 00:00:00,26650,27300
2022-03-14 00:00:00,27470,27540
2022-03-15 00:00:00,27460,27390
2022-03-16 00:00:00,27550,27570
2022-03-17 00:00:00,2350,25080
2022-03-18 00:00:00,25012.82575,27520
2022-03-19 00:00:00,25012.82575,27440
2022-03-20 00:00:00,25012.82575,27540
2022-03-21 00:00:00,25012.82575,27650
2022-03-22 00:00:00,25012.82575,27510
2022-03-23 00:00:00,13180,20370
2022-03-24 00:00:00,27740,27280
2022-03-25 00:00:00,26880,25650
2022-03-26 00:00:00,24080,25680
2022-03-27 00:00:00,24170,24870
2022-03-28 00:00:00,27240,27460
2022-03-29 00:00:00,15860,16020
2022-03-31 00:00:00,12710,12680
2022-04-01 00:00:00,27830,27770
2022-04-02 00:00:00,27850,27720
2022-04-03 00:00:00,27370,27360
2022-04-04 00:00:00,26110,26120
2022-04-05 00:00:00,670,27470
2022-04-06 00:00:00,25012.82575,27450
2022-04-07 00:00:00,25012.82575,27620
2022-04-08 00:00:00,25012.82575,27750
2022-04-09 00:00:00,25012.82575,27800
2022-04-10 00:00:00,25012.82575,27850
2022-04-11 00:00:00,25012.82575,27690
2022-04-12 00:00:00,25012.82575,27780
2022-04-13 00:00:00,25012.82575,27770
2022-04-14 00:00:00,25012.82575,26980
2022-04-15 00:00:00,25012.82575,19590
2022-04-25 00:00:00,9500,10510
2022-04-26 00:00:00,22850,23520
2022-04-27 00:00:00,25350,27210
2022-04-28 00:00:00,25330,28000
2022-04-29 00:00:00,25270,27920
2022-04-30 00:00:00,19870,27880
2022-05-01 00:00:00,25340,28010
2022-05-02 00:00:00,25260,27920
2022-05-03 00:00:00,25290,27960
2022-05-04 00:00:00,19860,27300
2022-05-05 00:00:00,24220,26600
2022-05-11 00:00:00,12660,13870
2022-05-12 00:00:00,25260,27850
2022-05-13 00:00:00,25060,26820
2022-05-14 00:00:00,25180,26570
2022-05-15 00:00:00,25190,27610
2022-05-16 00:00:00,25200,27690
2022-05-17 00:00:00,23740,25550
2022-05-18 00:00:00,25000,27110
2022-05-19 00:00:00,25070,26970
2022-05-20 00:00:00,25130,27660
2022-05-21 00:00:00,25040,22580
2022-05-22 00:00:00,25040,40
2022-05-23 00:00:00,25160,25016.74463
2022-05-24 00:00:00,25110,6760
2022-05-25 00:00:00,24980,27590
2022-05-26 00:00:00,24950,26750
2022-05-27 00:00:00,24890,27150
2022-05-28 00:00:00,24970,27570
2022-05-29 00:00:00,25080,27680
2022-05-30 00:00:00,25180,27830
2022-05-31 00:00:00,23960,24180
2022-06-01 00:00:00,25200,27820
2022-06-02 00:00:00,25170,27760
2022-06-03 00:00:00,25150,27730
2022-06-04 00:00:00,25080,27700
2022-06-05 00:00:00,25010,27630
2022-06-06 00:00:00,25110,27640
2022-06-07 00:00:00,24420,26290
2022-06-08 00:00:00,25130,27340
2022-06-09 00:00:00,24510,26460
2022-06-10 00:00:00,24970,27400
2022-06-11 00:00:00,25010,27590
2022-06-12 00:00:00,24930,27500
2022-06-13 00:00:00,24950,27570
2022-06-14 00:00:00,24940,27040
2022-06-15 00:00:00,24920,27200
2022-06-16 00:00:00,24890,22000
2022-06-17 00:00:00,24970,26200
2022-06-18 00:00:00,24900,27530
2022-06-19 00:00:00,24940,27550
2022-06-20 00:00:00,24940,27360
2022-06-21 00:00:00,24970,27370
2022-06-22 00:00:00,24980,27170
2022-06-23 00:00:00,24930,27000
2022-06-24 00:00:00,24960,27450
2022-06-25 00:00:00,24900,27480
2022-06-26 00:00:00,24930,27550
2022-06-27 00:00:00,24950,27590
2022-06-28 00:00:00,24950,27550
2022-06-29 00:00:00,24900,27470
2022-06-30 00:00:00,24880,25720
2022-07-01 00:00:00,11590,13040
2022-07-02 00:00:00,25012.82575,25016.74463
2022-07-03 00:00:00,25012.82575,25016.74463
2022-07-04 00:00:00,25012.82575,25016.74463
2022-07-05 00:00:00,25012.82575,25016.74463
2022-07-06 00:00:00,25012.82575,25016.74463
2022-07-07 00:00:00,25012.82575,25016.74463
2022-07-08 00:00:00,25012.82575,25016.74463
2022-07-09 00:00:00,25012.82575,25016.74463
2022-07-10 00:00:00,25012.82575,25016.74463
2022-07-11 00:00:00,25012.82575,25016.74463
2022-07-12 00:00:00,9580,9560
2022-07-13 00:00:00,24090,24470
2022-07-14 00:00:00,24760,27210
2022-07-15 00:00:00,24790,27230
2022-07-16 00:00:00,24740,27170
2022-07-17 00:00:00,24540,22710
2022-07-18 00:00:00,24180,27270
2022-07-19 00:00:00,18510,18470
2022-07-20 00:00:00,24900,27330
2022-07-21 00:00:00,24930,26590
2022-07-22 00:00:00,24960,27410
2022-07-23 00:00:00,24950,27390
2022-07-24 00:00:00,24860,27260
2022-07-25 00:00:00,24950,27380
2022-07-26 00:00:00,24950,27400
2022-07-27 00:00:00,24960,27400
2022-07-28 00:00:00,25060,27500
2022-07-29 00:00:00,25060,27440
2022-07-30 00:00:00,24950,27390
2022-07-31 00:00:00,24950,27400
2022-08-01 00:00:00,24990,27400
2022-08-02 00:00:00,24940,27380
2022-08-03 00:00:00,22440,26710
2022-08-04 00:00:00,15430,18580
2022-08-05 00:00:00,25012.82575,300
2022-08-06 00:00:00,25012.82575,25016.74463
2022-08-07 00:00:00,25012.82575,25016.74463
2022-08-08 00:00:00,25012.82575,3750
2022-08-09 00:00:00,10550,26140
2022-08-10 00:00:00,27050,27450
2022-08-11 00:00:00,27020,23890
2022-08-12 00:00:00,25220,26610
2022-08-13 00:00:00,26990,27430
2022-08-14 00:00:00,26930,27300
2022-08-15 00:00:00,27010,27450
2022-08-16 00:00:00,27010,27450
2022-08-17 00:00:00,26980,27410
2022-08-18 00:00:00,26880,27340
2022-08-19 00:00:00,24340,24880
2022-08-20 00:00:00,24400,26700
2022-08-21 00:00:00,23560,27160
2022-08-22 00:00:00,26820,27350
2022-08-23 00:00:00,26860,27360
2022-08-24 00:00:00,24010,26760
2022-08-25 00:00:00,26630,27350
2022-08-26 00:00:00,22410,22810
2022-09-15 00:00:00,11250,11530
2022-09-16 00:00:00,26820,26780
2022-09-17 00:00:00,26800,27520
2022-09-18 00:00:00,26980,27690
2022-09-19 00:00:00,27050,27800
2022-09-20 00:00:00,27050,22830
2022-09-21 00:00:00,27060,27820
2022-09-22 00:00:00,27020,27770
2022-09-23 00:00:00,25950,27840
2022-09-24 00:00:00,27110,27070
2022-09-25 00:00:00,27040,27760
2022-09-26 00:00:00,27040,27790
2022-09-27 00:00:00,26970,27700
2022-09-28 00:00:00,27040,26960
2022-09-29 00:00:00,26960,27730
2022-09-30 00:00:00,25720,27000
2022-10-01 00:00:00,26790,27550
2022-10-02 00:00:00,26820,27530
2022-10-03 00:00:00,26930,27680
2022-10-04 00:00:00,26960,27710
2022-10-05 00:00:00,22200,26520
2022-10-06 00:00:00,26080,27610
2022-10-07 00:00:00,26860,27550
2022-10-08 00:00:00,26860,27570
2022-10-09 00:00:00,26860,27610
2022-10-10 00:00:00,26850,27600
2022-10-11 00:00:00,17880,18370
2022-11-01 00:00:00,11130,11440
2022-11-02 00:00:00,25870,27380
2022-11-03 00:00:00,26690,27410
2022-11-04 00:00:00,26610,26590
2022-11-05 00:00:00,25970,25860
2022-11-06 00:00:00,24790,25350
2022-11-07 00:00:00,24910,26470
2022-11-08 00:00:00,26330,26300
2022-11-09 00:00:00,26570,27340
2022-11-10 00:00:00,26610,27300
2022-11-11 00:00:00,26690,27430
2022-11-12 00:00:00,26610,26550
2022-11-13 00:00:00,26700,27460
2022-11-14 00:00:00,26880,27610
2022-11-15 00:00:00,26880,27620
2022-11-16 00:00:00,26870,27620
2022-11-17 00:00:00,26970,27700
2022-11-18 00:00:00,26970,27730
2022-11-19 00:00:00,25970,27610
2022-11-20 00:00:00,27010,27760
2022-11-21 00:00:00,27050,27800
2022-11-22 00:00:00,26180,27660
2022-11-23 00:00:00,26960,27690
2022-11-24 00:00:00,26950,27710
2022-11-25 00:00:00,26920,27710
2022-11-26 00:00:00,26150,27650
2022-11-27 00:00:00,26890,27650
2022-11-28 00:00:00,27020,27770
2022-11-29 00:00:00,27050,27840
2022-11-30 00:00:00,27080,27050
2022-12-01 00:00:00,26230,26260
2022-12-02 00:00:00,25980,26250
2022-12-03 00:00:00,24710,25720
2022-12-04 00:00:00,26940,26880
2022-12-05 00:00:00,27040,27810
2022-12-06 00:00:00,27000,27760
2022-12-07 00:00:00,26980,27700
2022-12-08 00:00:00,26980,27720
2022-12-09 00:00:00,27010,26990
2022-12-10 00:00:00,27030,27000
2022-12-11 00:00:00,27030,27820
2022-12-12 00:00:00,27110,22740
2022-12-13 00:00:00,26330,27070
2022-12-14 00:00:00,26970,27790
2022-12-15 00:00:00,27110,27890
2022-12-16 00:00:00,22560,26880
2022-12-17 00:00:00,26950,27710
2022-12-18 00:00:00,26860,26800
2022-12-19 00:00:00,25970,26690
2022-12-20 00:00:00,26740,27510
2022-12-21 00:00:00,26790,27520
2022-12-22 00:00:00,26270,26020
2022-12-23 00:00:00,26900,27650
2022-12-24 00:00:00,25760,26760
2022-12-25 00:00:00,26870,27650
2022-12-26 00:00:00,26820,27580
2022-12-27 00:00:00,26830,27560
2022-12-28 00:00:00,26900,27640
2022-12-29 00:00:00,26790,27560
2022-12-30 00:00:00,24530,25230
