Date,CHP No1 Gas Meter,CHP No2 Gas Meter
2016-11-09 00:00:00,276,282
2016-11-10 00:00:00,807,827
2016-11-11 00:00:00,824,848
2016-11-12 00:00:00,822,844
2016-11-13 00:00:00,794,850
2016-11-14 00:00:00,823,840
2016-11-15 00:00:00,737,763
2016-11-16 00:00:00,730,780
2016-11-17 00:00:00,831,793
2016-11-18 00:00:00,749,856
2016-11-19 00:00:00,846,837
2016-11-20 00:00:00,852,878
2016-11-21 00:00:00,755,885
2016-11-22 00:00:00,778,874
2016-11-23 00:00:00,855,624
2016-11-24 00:00:00,866,863
2016-11-25 00:00:00,743,776
2016-11-26 00:00:00,855,851
2016-11-27 00:00:00,854,838
2016-11-28 00:00:00,854,884
2016-11-29 00:00:00,868,819
2016-11-30 00:00:00,864,893
2016-12-01 00:00:00,873,897
2016-12-02 00:00:00,849,882
2016-12-03 00:00:00,877,919
2016-12-04 00:00:00,882,918
2016-12-05 00:00:00,885,913
2016-12-06 00:00:00,691,922
2016-12-07 00:00:00,901,914
2016-12-08 00:00:00,923,899
2016-12-09 00:00:00,899,848
2016-12-10 00:00:00,906,880
2016-12-11 00:00:00,933,883
2016-12-12 00:00:00,911,938
2016-12-13 00:00:00,868,940
2016-12-14 00:00:00,905,890
2016-12-15 00:00:00,949,940
2016-12-16 00:00:00,347,346
2016-12-19 00:00:00,4493,4454
2016-12-20 00:00:00,4507,4463
2016-12-22 00:00:00,1199,6081.302839
2016-12-23 00:00:00,1802,6081.302839
2016-12-24 00:00:00,2102,6081.302839
2016-12-25 00:00:00,1803,6081.302839
2016-12-26 00:00:00,1802,6081.302839
2016-12-27 00:00:00,2136,6081.302839
2016-12-28 00:00:00,1780,6081.302839
2016-12-29 00:00:00,1791,6081.302839
2016-12-30 00:00:00,2115,6081.302839
2016-12-31 00:00:00,1749,6081.302839
2017-01-01 00:00:00,1794,6081.302839
2017-01-02 00:00:00,2131,6081.302839
2017-01-03 00:00:00,1455,6081.302839
2017-01-04 00:00:00,1527,6081.302839
2017-01-05 00:00:00,811,6081.302839
2017-01-06 00:00:00,1195,6081.302839
2017-01-07 00:00:00,897,6081.302839
2017-01-08 00:00:00,893,6081.302839
2017-01-09 00:00:00,857,6081.302839
2017-01-10 00:00:00,895,6081.302839
2017-01-11 00:00:00,623,6081.302839
2017-01-12 00:00:00,298,6081.302839
2017-01-13 00:00:00,615,6081.302839
2017-01-14 00:00:00,920,6081.302839
2017-01-15 00:00:00,879,6081.302839
2017-01-16 00:00:00,3682,2343
2017-01-17 00:00:00,3074,3228
2017-01-18 00:00:00,2148,2631
2017-01-19 00:00:00,7361,7041
2017-01-20 00:00:00,6127,5864
2017-01-21 00:00:00,7414,7108
2017-01-22 00:00:00,7392,6223
2017-01-23 00:00:00,7349,7073
2017-01-24 00:00:00,7366,7073
2017-01-25 00:00:00,4517,4222
2017-01-26 00:00:00,7329,6777
2017-01-27 00:00:00,7383,7127
2017-01-28 00:00:00,7338,7084
2017-01-29 00:00:00,5506,5312
2017-02-01 00:00:00,4545,4402
2017-02-02 00:00:00,2697,2630
2017-02-03 00:00:00,3314,3221
2017-02-04 00:00:00,7262,7038
2017-02-05 00:00:00,7361,7117
2017-02-06 00:00:00,7419,7162
2017-02-07 00:00:00,7381,7137
2017-02-08 00:00:00,7403,7166
2017-02-09 00:00:00,3869,4380
2017-02-10 00:00:00,2429,2410
2017-02-11 00:00:00,7277,7206
2017-02-12 00:00:00,7174,7143
2017-02-13 00:00:00,7160,7124
2017-02-14 00:00:00,7185,7136
2017-02-15 00:00:00,7128,7103
2017-02-16 00:00:00,7046,2983
2017-02-17 00:00:00,7090,6081.302839
2017-02-18 00:00:00,7167,6081.302839
2017-02-19 00:00:00,7198,6081.302839
2017-02-20 00:00:00,7140,6081.302839
2017-02-21 00:00:00,7165,6081.302839
2017-02-22 00:00:00,7187,6081.302839
2017-02-23 00:00:00,7173,866
2017-02-24 00:00:00,7101,7152
2017-02-25 00:00:00,7041,6942
2017-02-26 00:00:00,7041,6983
2017-02-27 00:00:00,7095,7006
2017-02-28 00:00:00,5217,7211
2017-03-01 00:00:00,7278,7203
2017-03-02 00:00:00,7273,7202
2017-03-03 00:00:00,7250,7177
2017-03-04 00:00:00,7262,7145
2017-03-05 00:00:00,7237,7144
2017-03-06 00:00:00,7265,7181
2017-03-07 00:00:00,7275,7183
2017-03-08 00:00:00,7211,7080
2017-03-09 00:00:00,7226,7026
2017-03-10 00:00:00,6993,6942
2017-03-11 00:00:00,7241,6889
2017-03-12 00:00:00,7229,7078
2017-03-13 00:00:00,7222,7105
2017-03-14 00:00:00,7264,6911
2017-03-15 00:00:00,6085,5365
2017-03-16 00:00:00,5533,5638
2017-03-17 00:00:00,7246,7127
2017-03-18 00:00:00,7298,6936
2017-03-19 00:00:00,7100,6890
2017-03-20 00:00:00,7292,7162
2017-03-21 00:00:00,7265,7201
2017-03-22 00:00:00,7293,7238
2017-03-23 00:00:00,7274,7208
2017-03-24 00:00:00,7283,7069
2017-03-25 00:00:00,7217,6821
2017-03-26 00:00:00,6933,6867
2017-03-27 00:00:00,7291,6622
2017-03-28 00:00:00,7305,7017
2017-03-29 00:00:00,6385,5604
2017-03-30 00:00:00,7295,7117
2017-03-31 00:00:00,7287,7104
2017-04-01 00:00:00,7279,7127
2017-04-02 00:00:00,7273,6983
2017-04-03 00:00:00,7265,6914
2017-04-04 00:00:00,7254,6826
2017-04-05 00:00:00,7126,6553
2017-04-06 00:00:00,7237,7128
2017-04-07 00:00:00,7217,7111
2017-04-08 00:00:00,7245,6768
2017-04-09 00:00:00,7224,5867
2017-04-10 00:00:00,7176,6216
2017-04-11 00:00:00,7107,6406
2017-04-12 00:00:00,7080,6361
2017-04-13 00:00:00,6909,5860
2017-04-14 00:00:00,2640,6331
2017-04-15 00:00:00,2672,6110
2017-04-16 00:00:00,7203,6478
2017-04-17 00:00:00,7220,6517
2017-04-18 00:00:00,7238,6264
2017-04-19 00:00:00,7235,6520
2017-04-20 00:00:00,7200,6443
2017-04-21 00:00:00,7197,6461
2017-04-22 00:00:00,7154,6450
2017-04-23 00:00:00,7109,6157
2017-04-24 00:00:00,7114,6408
2017-04-25 00:00:00,7104,6425
2017-04-26 00:00:00,6780,6127
2017-04-27 00:00:00,6685,6376
2017-04-28 00:00:00,7041,6335
2017-04-29 00:00:00,7055,6332
2017-04-30 00:00:00,7072,6339
2017-05-01 00:00:00,7077,6356
2017-05-02 00:00:00,7087,6380
2017-05-03 00:00:00,6939,6267
2017-05-04 00:00:00,7041,6342
2017-05-05 00:00:00,6898,6341
2017-05-06 00:00:00,7070,6397
2017-05-07 00:00:00,7044,6388
2017-05-08 00:00:00,7087,6377
2017-05-09 00:00:00,7086,5660
2017-05-10 00:00:00,7106,5018
2017-05-11 00:00:00,7092,6466
2017-05-12 00:00:00,7174,6425
2017-05-13 00:00:00,7090,6328
2017-05-14 00:00:00,7073,5682
2017-05-15 00:00:00,7104,6379
2017-05-16 00:00:00,6755,6427
2017-05-17 00:00:00,6485,6103
2017-05-18 00:00:00,5317,4703
2017-05-19 00:00:00,7183,6432
2017-05-20 00:00:00,7169,6416
2017-05-21 00:00:00,7170,6415
2017-05-22 00:00:00,7191,6414
2017-05-23 00:00:00,5165,6444
2017-05-24 00:00:00,7296,6410
2017-05-25 00:00:00,7048,6240
2017-05-26 00:00:00,7277,6131
2017-05-27 00:00:00,6932,6082
2017-05-28 00:00:00,7245,6447
2017-05-29 00:00:00,7267,6476
2017-05-30 00:00:00,2876,2573
2017-05-31 00:00:00,6045.716901,6081.302839
2017-06-01 00:00:00,6045.716901,6081.302839
2017-06-02 00:00:00,6045.716901,6081.302839
2017-06-03 00:00:00,6045.716901,6081.302839
2017-06-04 00:00:00,3483,3069
2017-06-05 00:00:00,7223,6436
2017-06-06 00:00:00,7238,6471
2017-06-07 00:00:00,7202,6453
2017-06-08 00:00:00,7183,6435
2017-06-09 00:00:00,7094,6337
2017-06-10 00:00:00,7146,6396
2017-06-11 00:00:00,7101,6344
2017-06-12 00:00:00,7003,6282
2017-06-13 00:00:00,7011,3622
2017-06-14 00:00:00,5775,5995
2017-06-15 00:00:00,6594,7034
2017-06-16 00:00:00,6488,6343
2017-06-17 00:00:00,7071,6702
2017-06-18 00:00:00,7120,6918
2017-06-19 00:00:00,7067,6873
2017-06-20 00:00:00,6979,6767
2017-06-21 00:00:00,5911,6811
2017-06-22 00:00:00,2286,5572
2017-06-23 00:00:00,3873,6976
2017-06-24 00:00:00,7043,6925
2017-06-25 00:00:00,6837,6610
2017-06-26 00:00:00,6954,6436
2017-06-27 00:00:00,7096,6792
2017-06-28 00:00:00,7117,7026
2017-06-29 00:00:00,7128,7018
2017-06-30 00:00:00,7093,6978
2017-07-01 00:00:00,7071,6952
2017-07-02 00:00:00,6962,6485
2017-07-03 00:00:00,7039,6913
2017-07-04 00:00:00,7061,6972
2017-07-05 00:00:00,7073,6998
2017-07-06 00:00:00,7097,6988
2017-07-07 00:00:00,7086,6945
2017-07-08 00:00:00,7046,6917
2017-07-09 00:00:00,7053,6925
2017-07-10 00:00:00,7090,6973
2017-07-11 00:00:00,7098,7001
2017-07-12 00:00:00,6951,6712
2017-07-13 00:00:00,6982,6388
2017-07-14 00:00:00,2908,2597
2017-07-15 00:00:00,1,6081.302839
2017-07-16 00:00:00,1,6081.302839
2017-07-17 00:00:00,1,6081.302839
2017-07-18 00:00:00,6045.716901,6081.302839
2017-07-19 00:00:00,6045.716901,6081.302839
2017-07-20 00:00:00,6045.716901,6081.302839
2017-07-21 00:00:00,6045.716901,6081.302839
2017-07-22 00:00:00,6045.716901,6081.302839
2017-07-23 00:00:00,6045.716901,6081.302839
2017-07-24 00:00:00,6045.716901,6081.302839
2017-07-25 00:00:00,6045.716901,6081.302839
2017-07-26 00:00:00,6045.716901,6081.302839
2017-07-31 00:00:00,741,527
2017-08-01 00:00:00,825,1527
2017-08-02 00:00:00,2609,6081.302839
2017-08-03 00:00:00,6690,2083
2017-08-04 00:00:00,6015,6858
2017-08-05 00:00:00,6483,6687
2017-08-06 00:00:00,6655,6684
2017-08-07 00:00:00,6844,6881
2017-08-08 00:00:00,6873,6898
2017-08-09 00:00:00,6797,6895
2017-08-10 00:00:00,6801,6833
2017-08-11 00:00:00,6783,6814
2017-08-12 00:00:00,6750,6619
2017-08-13 00:00:00,6727,6752
2017-08-14 00:00:00,6791,6824
2017-08-15 00:00:00,6740,6768
2017-08-16 00:00:00,6689,6708
2017-08-17 00:00:00,6662,6584
2017-08-18 00:00:00,6701,6718
2017-08-19 00:00:00,6506,6513
2017-08-20 00:00:00,5086,6461
2017-08-21 00:00:00,6045.716901,6733
2017-08-22 00:00:00,3165,6696
2017-08-23 00:00:00,6654,6675
2017-08-24 00:00:00,6678,6698
2017-08-25 00:00:00,6655,6663
2017-08-26 00:00:00,6705,6715
2017-08-27 00:00:00,6646,6673
2017-08-28 00:00:00,6766,6800
2017-08-29 00:00:00,6733,6229
2017-08-30 00:00:00,6742,6756
2017-08-31 00:00:00,6742,6742
2017-09-01 00:00:00,6194,6652
2017-09-02 00:00:00,6189,2140
2017-09-03 00:00:00,6045.716901,6446
2017-09-04 00:00:00,6045.716901,6442
2017-09-05 00:00:00,6045.716901,6535
2017-09-06 00:00:00,3141,6393
2017-09-07 00:00:00,6531,6420
2017-09-08 00:00:00,6670,3400
2017-09-09 00:00:00,6681,6081.302839
2017-09-10 00:00:00,6684,6081.302839
2017-09-11 00:00:00,6688,6081.302839
2017-09-12 00:00:00,6666,2301
2017-09-13 00:00:00,6345,5545
2017-09-14 00:00:00,6498,5403
2017-09-15 00:00:00,6586,6016
2017-09-16 00:00:00,6513,6314
2017-09-17 00:00:00,6513,6478
2017-09-18 00:00:00,6617,6413
2017-09-19 00:00:00,6601,6190
2017-09-20 00:00:00,6629,6644
2017-09-21 00:00:00,6678,6698
2017-09-22 00:00:00,6656,6334
2017-09-23 00:00:00,6656,6406
2017-09-24 00:00:00,6693,6705
2017-09-25 00:00:00,6702,6701
2017-09-26 00:00:00,6720,6387
2017-09-27 00:00:00,6736,6739
2017-09-28 00:00:00,6723,6226
2017-09-29 00:00:00,6676,6684
2017-09-30 00:00:00,6510,6530
2017-10-01 00:00:00,6592,6605
2017-10-02 00:00:00,6680,6688
2017-10-03 00:00:00,6734,6742
2017-10-04 00:00:00,6720,6725
2017-10-05 00:00:00,6686,6654
2017-10-06 00:00:00,6698,6703
2017-10-07 00:00:00,6579,6487
2017-10-08 00:00:00,6598,6624
2017-10-09 00:00:00,6685,6691
2017-10-10 00:00:00,6707,6708
2017-10-11 00:00:00,6136,6137
2017-10-12 00:00:00,6727,6723
2017-10-13 00:00:00,6769,6759
2017-10-14 00:00:00,6745,6749
2017-10-15 00:00:00,6726,6619
2017-10-16 00:00:00,6711,6715
2017-10-17 00:00:00,6720,6646
2017-10-18 00:00:00,6192,5364
2017-10-19 00:00:00,6595,6501
2017-10-20 00:00:00,6710,6149
2017-10-21 00:00:00,6688,6044
2017-10-22 00:00:00,6525,6412
2017-10-23 00:00:00,6716,6709
2017-10-24 00:00:00,6650,6633
2017-10-25 00:00:00,5594,6715
2017-10-26 00:00:00,6703,6716
2017-10-27 00:00:00,6665,6682
2017-10-28 00:00:00,6319,6338
2017-10-29 00:00:00,6651,6688
2017-10-30 00:00:00,6355,6369
2017-10-31 00:00:00,6692,4896
2017-11-01 00:00:00,6687,6665
2017-11-02 00:00:00,6693,6543
2017-11-03 00:00:00,6691,6675
2017-11-04 00:00:00,6511,6531
2017-11-05 00:00:00,6531,6527
2017-11-06 00:00:00,6521,6685
2017-11-07 00:00:00,6707,6685
2017-11-08 00:00:00,6678,6656
2017-11-09 00:00:00,6642,6613
2017-11-10 00:00:00,6660,6638
2017-11-11 00:00:00,6507,6502
2017-11-12 00:00:00,6554,6552
2017-11-13 00:00:00,5244,5239
2017-11-14 00:00:00,6646,6447
2017-11-15 00:00:00,6654,6636
2017-11-16 00:00:00,6647,6635
2017-11-17 00:00:00,6506,6126
2017-11-18 00:00:00,6358,6526
2017-11-19 00:00:00,6605,6606
2017-11-20 00:00:00,6139,3433
2017-11-21 00:00:00,6573,2833
2017-11-22 00:00:00,6704,6689
2017-11-23 00:00:00,6701,6689
2017-11-24 00:00:00,6638,6653
2017-11-25 00:00:00,6481,6523
2017-11-26 00:00:00,6454,6496
2017-11-27 00:00:00,6602,6639
2017-11-28 00:00:00,6606,6639
2017-11-29 00:00:00,6609,6554
2017-11-30 00:00:00,6594,6482
2017-12-01 00:00:00,6624,6665
2017-12-02 00:00:00,6541,6582
2017-12-03 00:00:00,6465,6660
2017-12-04 00:00:00,6702,6739
2017-12-05 00:00:00,6397,6724
2017-12-06 00:00:00,6637,6609
2017-12-07 00:00:00,6645,6666
2017-12-08 00:00:00,6647,6698
2017-12-09 00:00:00,6603,5977
2017-12-10 00:00:00,6650,6694
2017-12-11 00:00:00,6630,6411
2017-12-12 00:00:00,6371,6420
2017-12-13 00:00:00,6658,6696
2017-12-14 00:00:00,6651,6699
2017-12-15 00:00:00,6526,6406
2017-12-16 00:00:00,6643,6698
2017-12-17 00:00:00,4616,6692
2017-12-18 00:00:00,6510,6699
2017-12-19 00:00:00,4942,6716
2017-12-20 00:00:00,6621,6730
2017-12-21 00:00:00,6701,6721
2017-12-22 00:00:00,6604,6630
2017-12-23 00:00:00,5588,5620
2017-12-24 00:00:00,5560,5610
2017-12-25 00:00:00,5569,5606
2017-12-26 00:00:00,5873,5908
2017-12-27 00:00:00,6084,6011
2017-12-28 00:00:00,6279,6317
2017-12-29 00:00:00,6304,5760
2017-12-30 00:00:00,5584,5634
2017-12-31 00:00:00,5477,5538
2018-01-01 00:00:00,5795,5849
2018-01-02 00:00:00,6369,6231
2018-01-03 00:00:00,6162,6465
2018-01-04 00:00:00,6506,6535
2018-01-05 00:00:00,5912,5412
2018-01-06 00:00:00,6234,6273
2018-01-07 00:00:00,6275,6320
2018-01-08 00:00:00,6548,6595
2018-01-09 00:00:00,6558,6595
2018-01-10 00:00:00,6346,6314
2018-01-11 00:00:00,6218,6320
2018-01-12 00:00:00,6618,6663
2018-01-13 00:00:00,6401,6216
2018-01-14 00:00:00,6356,6393
2018-01-15 00:00:00,6604,6630
2018-01-16 00:00:00,5475,6316
2018-01-17 00:00:00,6639,6676
2018-01-18 00:00:00,6648,5573
2018-01-19 00:00:00,6609,6641
2018-01-20 00:00:00,6453,6498
2018-01-21 00:00:00,27841,6614
2018-01-22 00:00:00,10902,6693
2018-01-23 00:00:00,6677,6697
2018-01-24 00:00:00,6610,6390
2018-01-25 00:00:00,6563,6605
2018-01-26 00:00:00,6563,6609
2018-01-27 00:00:00,6308,6378
2018-01-28 00:00:00,6248,6466
2018-01-29 00:00:00,6602,6630
2018-01-30 00:00:00,6687,6719
2018-01-31 00:00:00,6662,6699
2018-02-01 00:00:00,6624,6652
2018-02-02 00:00:00,6582,6631
2018-02-03 00:00:00,6417,6299
2018-02-04 00:00:00,6292,6342
2018-02-05 00:00:00,6469,6509
2018-02-06 00:00:00,6530,6577
2018-02-07 00:00:00,6531,6583
2018-02-08 00:00:00,6579,6623
2018-02-09 00:00:00,6337,6649
2018-02-10 00:00:00,6075,6116
2018-02-11 00:00:00,5864,5920
2018-02-12 00:00:00,6473,6501
2018-02-13 00:00:00,6640,6555
2018-02-14 00:00:00,6109,6689
2018-02-15 00:00:00,6045.716901,6485
2018-02-16 00:00:00,6045.716901,6447
2018-02-17 00:00:00,6045.716901,6432
2018-02-18 00:00:00,6045.716901,6422
2018-02-19 00:00:00,6045.716901,6643
2018-02-20 00:00:00,6045.716901,6704
2018-02-21 00:00:00,6045.716901,6715
2018-02-22 00:00:00,6045.716901,6733
2018-02-23 00:00:00,6045.716901,6747
2018-02-24 00:00:00,6045.716901,6635
2018-02-25 00:00:00,6045.716901,6593
2018-02-26 00:00:00,6045.716901,6695
2018-02-27 00:00:00,6045.716901,6522
2018-02-28 00:00:00,6045.716901,4
2018-03-01 00:00:00,6045.716901,6081.302839
2018-03-02 00:00:00,6045.716901,2683
2018-03-03 00:00:00,6045.716901,6360
2018-03-04 00:00:00,6045.716901,5023
2018-03-05 00:00:00,6045.716901,6349
2018-03-06 00:00:00,6045.716901,6623
2018-03-07 00:00:00,6045.716901,6601
2018-03-08 00:00:00,6045.716901,6579
2018-03-09 00:00:00,6045.716901,6642
2018-03-10 00:00:00,6045.716901,6530
2018-03-11 00:00:00,6045.716901,6506
2018-03-12 00:00:00,3,6604
2018-03-13 00:00:00,6045.716901,6636
2018-03-14 00:00:00,6045.716901,2499
2018-03-19 00:00:00,6045.716901,3643
2018-03-20 00:00:00,6045.716901,6314
2018-03-21 00:00:00,6,5183
2018-03-22 00:00:00,5,6514
2018-03-23 00:00:00,24,6317
2018-03-24 00:00:00,6045.716901,6520
2018-03-25 00:00:00,6045.716901,6249
2018-03-26 00:00:00,6045.716901,6430
2018-03-27 00:00:00,6045.716901,6675
2018-03-28 00:00:00,6045.716901,6624
2018-03-29 00:00:00,6045.716901,6405
2018-03-30 00:00:00,6045.716901,5460
2018-03-31 00:00:00,6045.716901,5043
2018-04-01 00:00:00,6045.716901,5233
2018-04-02 00:00:00,6045.716901,5837
2018-04-03 00:00:00,6045.716901,6594
2018-04-04 00:00:00,6045.716901,6590
2018-04-05 00:00:00,11,6455
2018-04-06 00:00:00,6045.716901,6456
2018-04-07 00:00:00,6045.716901,6566
2018-04-08 00:00:00,6045.716901,6443
2018-04-09 00:00:00,6045.716901,5841
2018-04-10 00:00:00,2698,6342
2018-04-11 00:00:00,32207,6628
2018-04-12 00:00:00,31247,6070
2018-04-13 00:00:00,32599,6379
2018-04-14 00:00:00,32726,5895
2018-04-15 00:00:00,22309,5318
2018-04-16 00:00:00,6045.716901,5833
2018-04-17 00:00:00,6045.716901,4463
2018-04-18 00:00:00,6045.716901,5485
2018-04-19 00:00:00,6045.716901,5092
2018-04-20 00:00:00,6045.716901,5422
2018-04-21 00:00:00,6045.716901,5468
2018-04-22 00:00:00,6045.716901,5435
2018-04-23 00:00:00,6045.716901,5420
2018-04-24 00:00:00,10,5441
2018-04-25 00:00:00,1,1410
2018-04-26 00:00:00,19,6081.302839
2018-04-27 00:00:00,6045.716901,3522
2018-04-28 00:00:00,6045.716901,6569
2018-04-29 00:00:00,6045.716901,4967
2018-04-30 00:00:00,6045.716901,6736
2018-05-01 00:00:00,6045.716901,6748
2018-05-02 00:00:00,6045.716901,6720
2018-05-03 00:00:00,6045.716901,6673
2018-05-04 00:00:00,6045.716901,6587
2018-05-05 00:00:00,6045.716901,6465
2018-05-06 00:00:00,6045.716901,6426
2018-05-07 00:00:00,6045.716901,6459
2018-05-08 00:00:00,6045.716901,6569
2018-05-09 00:00:00,6045.716901,6576
2018-05-10 00:00:00,6045.716901,6577
2018-05-11 00:00:00,2123,6576
2018-05-12 00:00:00,6391,6476
2018-05-13 00:00:00,6307,6366
2018-05-14 00:00:00,6292,5400
2018-05-15 00:00:00,6509,6546
2018-05-16 00:00:00,4488,4610
2018-05-17 00:00:00,6494,6600
2018-05-18 00:00:00,6499,6586
2018-05-19 00:00:00,6472,6509
2018-05-20 00:00:00,6430,6450
2018-05-21 00:00:00,6419,6441
2018-05-22 00:00:00,6430,6540
2018-05-23 00:00:00,6431,6322
2018-05-24 00:00:00,6427,6523
2018-05-25 00:00:00,6481,6563
2018-05-26 00:00:00,6482,6534
2018-05-27 00:00:00,6425,6427
2018-05-28 00:00:00,6434,6443
2018-05-29 00:00:00,6452,6498
2018-05-30 00:00:00,6201,6473
2018-05-31 00:00:00,6428,6376
2018-06-01 00:00:00,6432,6354
2018-06-02 00:00:00,6472,6441
2018-06-03 00:00:00,6484,6462
2018-06-04 00:00:00,6478,6494
2018-06-05 00:00:00,6296,6361
2018-06-06 00:00:00,6470,6490
2018-06-07 00:00:00,6456,6460
2018-06-08 00:00:00,6029,6330
2018-06-09 00:00:00,6297,5957
2018-06-10 00:00:00,6464,6498
2018-06-11 00:00:00,6513,6514
2018-06-12 00:00:00,6526,6571
2018-06-13 00:00:00,6518,6533
2018-06-14 00:00:00,6527,6480
2018-06-15 00:00:00,6511,6540
2018-06-16 00:00:00,6454,6384
2018-06-17 00:00:00,6437,6501
2018-06-18 00:00:00,6245,6537
2018-06-19 00:00:00,3029.4,6561
2018-06-20 00:00:00,6488,6537
2018-06-21 00:00:00,6470,6607
2018-06-22 00:00:00,6334,6359
2018-06-23 00:00:00,6419,6571
2018-06-24 00:00:00,6407,6523
2018-06-25 00:00:00,5313,6439
2018-06-26 00:00:00,6529,6616
2018-06-27 00:00:00,6430,6247
2018-06-28 00:00:00,1902,2549
2018-06-29 00:00:00,6045.716901,6081.302839
2018-06-30 00:00:00,6045.716901,6081.302839
2018-07-01 00:00:00,6045.716901,6081.302839
2018-07-02 00:00:00,6045.716901,6081.302839
2018-07-03 00:00:00,6045.716901,6081.302839
2018-07-04 00:00:00,6045.716901,6081.302839
2018-07-05 00:00:00,6045.716901,6081.302839
2018-07-06 00:00:00,2240,3289
2018-07-07 00:00:00,6534,6562
2018-07-08 00:00:00,5805,5735
2018-07-09 00:00:00,6402,6499
2018-07-10 00:00:00,6677,6807
2018-07-11 00:00:00,4620,4709
2018-07-12 00:00:00,2865,2907
2018-07-13 00:00:00,6630,6784
2018-07-14 00:00:00,6619,6751
2018-07-15 00:00:00,6426,6533
2018-07-16 00:00:00,4989,5107
2018-07-17 00:00:00,6665,6794
2018-07-18 00:00:00,6635,6770
2018-07-19 00:00:00,6498,6607
2018-07-20 00:00:00,6592,6740
2018-07-21 00:00:00,6625,6792
2018-07-22 00:00:00,6658,6753
2018-07-23 00:00:00,6664,6756
2018-07-24 00:00:00,6504,6576
2018-07-25 00:00:00,6635,6733
2018-07-26 00:00:00,6626,6713
2018-07-27 00:00:00,6408,6549
2018-07-28 00:00:00,6145,6357
2018-07-29 00:00:00,6335,6466
2018-07-30 00:00:00,6439,6599
2018-07-31 00:00:00,6567,6772
2018-08-01 00:00:00,6631,6806
2018-08-02 00:00:00,6670,6815
2018-08-03 00:00:00,6662,6810
2018-08-04 00:00:00,5593,5563
2018-08-05 00:00:00,6581,6741
2018-08-06 00:00:00,6696,6872
2018-08-07 00:00:00,6781,6908
2018-08-08 00:00:00,6493,6650
2018-08-09 00:00:00,6745,6908
2018-08-10 00:00:00,6693,6854
2018-08-11 00:00:00,6628,6783
2018-08-12 00:00:00,6419,6538
2018-08-13 00:00:00,5949,6075
2018-08-14 00:00:00,6679,6867
2018-08-15 00:00:00,3546,3848
2018-08-16 00:00:00,6427,6570
2018-08-17 00:00:00,6637,6801
2018-08-18 00:00:00,6558,6745
2018-08-19 00:00:00,6613,6772
2018-08-20 00:00:00,6330,6750
2018-08-21 00:00:00,6581,6731
2018-08-22 00:00:00,6601,6743
2018-08-23 00:00:00,6411,6580
2018-08-24 00:00:00,6553,6738
2018-08-25 00:00:00,6186,6409
2018-08-26 00:00:00,6174,6349
2018-08-27 00:00:00,6495,6676
2018-08-28 00:00:00,6507,6684
2018-08-29 00:00:00,6508,6661
2018-08-30 00:00:00,6501,6656
2018-08-31 00:00:00,6448,6613
2018-09-01 00:00:00,6402,6538
2018-09-02 00:00:00,6539,6636
2018-09-03 00:00:00,6518,6676
2018-09-04 00:00:00,6510,6666
2018-09-05 00:00:00,5319,6585
2018-09-06 00:00:00,6470,6678
2018-09-07 00:00:00,6499,6694
2018-09-08 00:00:00,6300,6461
2018-09-09 00:00:00,6520,6694
2018-09-10 00:00:00,6547,6714
2018-09-11 00:00:00,6538,6709
2018-09-12 00:00:00,6561,6721
2018-09-13 00:00:00,5911,6021
2018-09-14 00:00:00,6376,6578
2018-09-15 00:00:00,6365,6573
2018-09-16 00:00:00,6480,6694
2018-09-17 00:00:00,6425,6581
2018-09-18 00:00:00,3907,6171
2018-09-19 00:00:00,6602,6747
2018-09-20 00:00:00,6458,6553
2018-09-21 00:00:00,2731,6621
2018-09-22 00:00:00,6045.716901,6710
2018-09-23 00:00:00,6045.716901,6712
2018-09-24 00:00:00,6045.716901,6704
2018-09-25 00:00:00,6045.716901,6742
2018-09-26 00:00:00,469,6763
2018-09-27 00:00:00,6724,6763
2018-09-28 00:00:00,6677,6717
2018-09-29 00:00:00,6573,6590
2018-09-30 00:00:00,6218,6504
2018-10-01 00:00:00,6673,6690
2018-10-02 00:00:00,6768,3158
2018-10-03 00:00:00,6613,6081.302839
2018-10-04 00:00:00,6643,6081.302839
2018-10-05 00:00:00,6692,1788
2018-10-06 00:00:00,1884,1918
2018-10-09 00:00:00,3309,3357
2018-10-10 00:00:00,5356,6147
2018-10-11 00:00:00,6527,6658
2018-10-12 00:00:00,6373,6466
2018-10-13 00:00:00,6504,6572
2018-10-14 00:00:00,6450,6680
2018-10-15 00:00:00,6503,6748
2018-10-16 00:00:00,6514,6710
2018-10-17 00:00:00,6565,6667
2018-10-18 00:00:00,6569,6861
2018-10-19 00:00:00,6489,6848
2018-10-20 00:00:00,5842,6141
2018-10-21 00:00:00,6476,6718
2018-10-22 00:00:00,6579,6862
2018-10-23 00:00:00,5684,5874
2018-10-24 00:00:00,6463,6675
2018-10-25 00:00:00,6586,6736
2018-10-26 00:00:00,6505,6728
2018-10-27 00:00:00,6224,6545
2018-10-28 00:00:00,6572,6889
2018-10-29 00:00:00,6540,6866
2018-10-30 00:00:00,6548,6769
2018-10-31 00:00:00,6564,6747
2018-11-01 00:00:00,6533,6702
2018-11-02 00:00:00,6559,6765
2018-11-03 00:00:00,6416,6586
2018-11-04 00:00:00,6435,6373
2018-11-05 00:00:00,6356,6101
2018-11-06 00:00:00,6473,6464
2018-11-07 00:00:00,6463,6241
2018-11-08 00:00:00,6493,6736
2018-11-09 00:00:00,6452,6695
2018-11-10 00:00:00,6431,6690
2018-11-11 00:00:00,6452,6714
2018-11-12 00:00:00,6272,6767
2018-11-13 00:00:00,5885,5455
2018-11-14 00:00:00,6531,6777
2018-11-15 00:00:00,6546,6777
2018-11-16 00:00:00,6524,6761
2018-11-17 00:00:00,6408,6670
2018-11-18 00:00:00,6404,6659
2018-11-19 00:00:00,6485,6716
2018-11-20 00:00:00,6506,6755
2018-11-21 00:00:00,6418,6566
2018-11-22 00:00:00,6569,6800
2018-11-23 00:00:00,6534,6786
2018-11-24 00:00:00,6462,6731
2018-11-25 00:00:00,6473,6719
2018-11-26 00:00:00,6524,6752
2018-11-27 00:00:00,6538,6787
2018-11-28 00:00:00,6364,6312
2018-11-29 00:00:00,6472,6722
2018-11-30 00:00:00,5855,6074
2018-12-01 00:00:00,6408,6688
2018-12-02 00:00:00,6354,6620
2018-12-03 00:00:00,6470,6714
2018-12-04 00:00:00,4936,6736
2018-12-05 00:00:00,6411,6786
2018-12-06 00:00:00,6518,6746
2018-12-07 00:00:00,5609,6614
2018-12-08 00:00:00,6125,6348
2018-12-09 00:00:00,6412,6604
2018-12-10 00:00:00,6499,6694
2018-12-11 00:00:00,6618,6818
2018-12-12 00:00:00,6471,6402
2018-12-13 00:00:00,6482,1904
2018-12-14 00:00:00,6553,6806
2018-12-15 00:00:00,5725,5614
2018-12-16 00:00:00,6297,6376
2018-12-17 00:00:00,6378,6552
2018-12-18 00:00:00,6473,6740
2018-12-19 00:00:00,6538,6780
2018-12-20 00:00:00,6247,6476
2018-12-21 00:00:00,6274,6524
2018-12-22 00:00:00,5579,5810
2018-12-23 00:00:00,5582,5818
2018-12-24 00:00:00,5641,5862
2018-12-25 00:00:00,5602,5816
2018-12-26 00:00:00,5269,5504
2018-12-27 00:00:00,5405,5658
2018-12-28 00:00:00,2068,1062
2018-12-29 00:00:00,2653,6081.302839
2018-12-30 00:00:00,6450,6081.302839
2018-12-31 00:00:00,6520,6081.302839
2019-01-01 00:00:00,6487,6081.302839
2019-01-02 00:00:00,6453,6081.302839
2019-01-03 00:00:00,4846,6081.302839
2019-01-04 00:00:00,5068,6081.302839
2019-01-05 00:00:00,6520,6081.302839
2019-01-06 00:00:00,6542,6081.302839
2019-01-07 00:00:00,6306,6081.302839
2019-01-08 00:00:00,6466,6081.302839
2019-01-09 00:00:00,6471,6081.302839
2019-01-10 00:00:00,6614,6081.302839
2019-01-11 00:00:00,6606,6081.302839
2019-01-12 00:00:00,6577,6081.302839
2019-01-13 00:00:00,6488,6081.302839
2019-01-14 00:00:00,6469,6081.302839
2019-01-15 00:00:00,6490,6081.302839
2019-01-16 00:00:00,6461,6081.302839
2019-01-17 00:00:00,6558,6081.302839
2019-01-18 00:00:00,6604,6081.302839
2019-01-19 00:00:00,6515,6081.302839
2019-01-20 00:00:00,6518,6081.302839
2019-01-21 00:00:00,6529,6081.302839
2019-01-22 00:00:00,5780,6081.302839
2019-01-23 00:00:00,6035,6081.302839
2019-01-24 00:00:00,6247,6081.302839
2019-01-25 00:00:00,6453,6081.302839
2019-01-26 00:00:00,6402,6081.302839
2019-01-27 00:00:00,6434,6081.302839
2019-01-28 00:00:00,5768,6081.302839
2019-01-29 00:00:00,6496,6081.302839
2019-01-30 00:00:00,4348,6081.302839
2019-01-31 00:00:00,3562,6081.302839
2019-02-01 00:00:00,6564,6081.302839
2019-02-02 00:00:00,6564,6081.302839
2019-02-03 00:00:00,6566,6081.302839
2019-02-04 00:00:00,6534,6081.302839
2019-02-05 00:00:00,6558,6081.302839
2019-02-06 00:00:00,6500,6081.302839
2019-02-07 00:00:00,6448,6081.302839
2019-02-08 00:00:00,5160,6081.302839
2019-02-09 00:00:00,6408,6081.302839
2019-02-10 00:00:00,6440,6081.302839
2019-02-11 00:00:00,6502,6081.302839
2019-02-12 00:00:00,6498,6081.302839
2019-02-13 00:00:00,6450,6081.302839
2019-02-14 00:00:00,6484,6081.302839
2019-02-15 00:00:00,6458,6081.302839
2019-02-16 00:00:00,6430,6081.302839
2019-02-17 00:00:00,6384,6081.302839
2019-02-18 00:00:00,6408,6081.302839
2019-02-19 00:00:00,5278,6081.302839
2019-02-20 00:00:00,6146,6081.302839
2019-02-21 00:00:00,6396,6081.302839
2019-02-22 00:00:00,6590,6081.302839
2019-02-23 00:00:00,6424,6081.302839
2019-02-24 00:00:00,6462,6081.302839
2019-02-25 00:00:00,6464,6081.302839
2019-02-26 00:00:00,6444,6081.302839
2019-02-27 00:00:00,6498,6081.302839
2019-02-28 00:00:00,6464,6081.302839
2019-03-01 00:00:00,6184,6081.302839
2019-03-02 00:00:00,6396,6081.302839
2019-03-03 00:00:00,6402,6081.302839
2019-03-04 00:00:00,2724,6081.302839
2019-03-05 00:00:00,1716,6081.302839
2019-03-06 00:00:00,6348,6081.302839
2019-03-07 00:00:00,5426,6081.302839
2019-03-08 00:00:00,6168,6081.302839
2019-03-09 00:00:00,6088,6081.302839
2019-03-10 00:00:00,6294,6081.302839
2019-03-11 00:00:00,5686,6081.302839
2019-03-12 00:00:00,6484,6081.302839
2019-03-13 00:00:00,6460,6081.302839
2019-03-14 00:00:00,5718,6081.302839
2019-03-15 00:00:00,6454,6081.302839
2019-03-16 00:00:00,6080,6081.302839
2019-03-17 00:00:00,6056,6081.302839
2019-03-18 00:00:00,6376,6081.302839
2019-03-19 00:00:00,6060,6081.302839
2019-03-20 00:00:00,6356,6081.302839
2019-03-21 00:00:00,6422,6081.302839
2019-03-22 00:00:00,6480,6081.302839
2019-03-23 00:00:00,6068,6081.302839
2019-03-24 00:00:00,6270,6081.302839
2019-03-25 00:00:00,6432,6081.302839
2019-03-26 00:00:00,6450,16
2019-03-27 00:00:00,4832,1858
2019-03-28 00:00:00,6262,4216
2019-03-29 00:00:00,6420,5900
2019-03-30 00:00:00,6314,6522
2019-03-31 00:00:00,6064,6232
2019-04-01 00:00:00,6446,6642
2019-04-02 00:00:00,6422,6122
2019-04-03 00:00:00,4638,6648
2019-04-04 00:00:00,6194,6656
2019-04-05 00:00:00,5042,5536
2019-04-06 00:00:00,6416,6630
2019-04-07 00:00:00,5180,6636
2019-04-08 00:00:00,6396,6624
2019-04-09 00:00:00,2528,6492
2019-04-10 00:00:00,6045.716901,6664
2019-04-11 00:00:00,6045.716901,6626
2019-04-12 00:00:00,6045.716901,6634
2019-04-13 00:00:00,6045.716901,6632
2019-04-14 00:00:00,6045.716901,6624
2019-04-15 00:00:00,6045.716901,6636
2019-04-16 00:00:00,3314,6638
2019-04-17 00:00:00,3998,6334
2019-04-18 00:00:00,6396,6606
2019-04-19 00:00:00,2456,2548
2019-04-20 00:00:00,4212,5000
2019-04-21 00:00:00,4872,5614
2019-04-22 00:00:00,5572,5734
2019-04-23 00:00:00,6298,5850
2019-04-24 00:00:00,6178,6586
2019-04-25 00:00:00,5974,6206
2019-04-26 00:00:00,6300,6682
2019-04-27 00:00:00,6234,6452
2019-04-28 00:00:00,6262,6450
2019-04-29 00:00:00,260,6672
2019-04-30 00:00:00,6045.716901,6662
2019-05-01 00:00:00,6045.716901,6654
2019-05-02 00:00:00,6045.716901,6656
2019-05-03 00:00:00,6045.716901,6668
2019-05-04 00:00:00,6045.716901,6552
2019-05-05 00:00:00,6045.716901,6612
2019-05-06 00:00:00,6045.716901,6654
2019-05-07 00:00:00,6045.716901,6652
2019-05-08 00:00:00,6045.716901,6588
2019-05-09 00:00:00,6045.716901,6712
2019-05-10 00:00:00,6045.716901,6604
2019-05-11 00:00:00,6045.716901,6608
2019-05-12 00:00:00,6045.716901,5232
2019-05-13 00:00:00,6045.716901,6092
2019-05-14 00:00:00,6045.716901,6464
2019-05-15 00:00:00,6045.716901,6782
2019-05-16 00:00:00,6045.716901,6680
2019-05-17 00:00:00,6045.716901,6666
2019-05-18 00:00:00,6045.716901,6644
2019-05-19 00:00:00,6045.716901,6586
2019-05-20 00:00:00,6045.716901,6576
2019-05-21 00:00:00,6045.716901,6372
2019-05-22 00:00:00,6045.716901,6576
2019-05-23 00:00:00,6045.716901,6598
2019-05-24 00:00:00,6045.716901,6722
2019-05-25 00:00:00,6045.716901,6672
2019-05-26 00:00:00,6045.716901,6660
2019-05-27 00:00:00,6045.716901,6698
2019-05-28 00:00:00,6045.716901,6712
2019-05-29 00:00:00,6045.716901,6702
2019-05-30 00:00:00,6045.716901,6698
2019-05-31 00:00:00,6045.716901,6750
2019-06-01 00:00:00,6045.716901,6788
2019-06-02 00:00:00,6045.716901,6710
2019-06-03 00:00:00,6045.716901,6622
2019-06-04 00:00:00,6045.716901,6710
2019-06-05 00:00:00,6045.716901,6224
2019-06-06 00:00:00,6045.716901,6578
2019-06-07 00:00:00,6045.716901,6454
2019-06-08 00:00:00,6045.716901,6778
2019-06-09 00:00:00,6045.716901,6806
2019-06-10 00:00:00,6045.716901,6790
2019-06-11 00:00:00,6045.716901,6826
2019-06-12 00:00:00,6045.716901,6920
2019-06-13 00:00:00,6045.716901,6842
2019-06-14 00:00:00,6045.716901,6750
2019-06-15 00:00:00,6045.716901,6748
2019-06-16 00:00:00,6045.716901,6662
2019-06-17 00:00:00,6045.716901,6680
2019-06-18 00:00:00,6045.716901,6000
2019-06-19 00:00:00,6045.716901,6722
2019-06-20 00:00:00,6045.716901,4794
2019-06-21 00:00:00,6045.716901,6738
2019-06-22 00:00:00,6045.716901,6660
2019-06-23 00:00:00,6045.716901,6696
2019-06-24 00:00:00,6045.716901,4220
2019-06-25 00:00:00,6045.716901,4146
2019-06-26 00:00:00,6045.716901,6538
2019-06-27 00:00:00,6045.716901,5338
2019-06-28 00:00:00,6045.716901,64
2019-06-29 00:00:00,6045.716901,6081.302839
2019-06-30 00:00:00,6045.716901,6081.302839
2019-07-01 00:00:00,6045.716901,6081.302839
2019-07-02 00:00:00,6045.716901,6081.302839
2019-07-04 00:00:00,6045.716901,6081.302839
2019-07-05 00:00:00,6045.716901,750
2019-07-06 00:00:00,6045.716901,6081.302839
2019-07-07 00:00:00,6045.716901,6081.302839
2019-07-08 00:00:00,6045.716901,6081.302839
2019-07-09 00:00:00,26,2220
2019-07-10 00:00:00,172,6560
2019-07-11 00:00:00,3556,6528
2019-07-12 00:00:00,4652,4792
2019-07-13 00:00:00,6386,6808
2019-07-14 00:00:00,6598,6798
2019-07-15 00:00:00,4096,5744
2019-07-16 00:00:00,6332,2742
2019-07-17 00:00:00,6446,5896
2019-07-18 00:00:00,6428,6376
2019-07-19 00:00:00,6418,6372
2019-07-20 00:00:00,6470,6378
2019-07-21 00:00:00,6410,6422
2019-07-22 00:00:00,6510,6448
2019-07-23 00:00:00,6380,4448
2019-07-24 00:00:00,5360,5228
2019-07-25 00:00:00,6166,5670
2019-07-26 00:00:00,6710,6248
2019-07-27 00:00:00,5248,6434
2019-07-28 00:00:00,6738,6450
2019-07-29 00:00:00,6680,6424
2019-07-30 00:00:00,5578,6288
2019-07-31 00:00:00,6476,6270
2019-08-01 00:00:00,6476,6256
2019-08-02 00:00:00,6486,6268
2019-08-03 00:00:00,6588,5998
2019-08-04 00:00:00,6504,6274
2019-08-05 00:00:00,6610,6388
2019-08-06 00:00:00,6446,5664
2019-08-07 00:00:00,6636,6404
2019-08-08 00:00:00,6592,6380
2019-08-09 00:00:00,5756,5926
2019-08-10 00:00:00,6514,6308
2019-08-11 00:00:00,6564,6298
2019-08-12 00:00:00,6340,6300
2019-08-13 00:00:00,6356,5946
2019-08-14 00:00:00,6318,6374
2019-08-15 00:00:00,6480,6454
2019-08-16 00:00:00,6480,6452
2019-08-17 00:00:00,6200,6452
2019-08-18 00:00:00,6340,6284
2019-08-19 00:00:00,6492,6538
2019-08-20 00:00:00,5460,6502
2019-08-21 00:00:00,5692,6380
2019-08-22 00:00:00,5878,6650
2019-08-23 00:00:00,5620,6284
2019-08-24 00:00:00,6496,4436
2019-08-25 00:00:00,5856,4828
2019-08-26 00:00:00,6474,6260
2019-08-27 00:00:00,6462,5720
2019-08-28 00:00:00,6410,5952
2019-08-29 00:00:00,6452,6388
2019-08-30 00:00:00,6480,6456
2019-08-31 00:00:00,6480,6528
2019-09-01 00:00:00,6412,6474
2019-09-02 00:00:00,6368,6428
2019-09-03 00:00:00,6416,6282
2019-09-04 00:00:00,6238,6464
2019-09-05 00:00:00,6128,6356
2019-09-06 00:00:00,6370,6410
2019-09-07 00:00:00,6160,6206
2019-09-08 00:00:00,6022,6228
2019-09-09 00:00:00,4848,6430
2019-09-10 00:00:00,6208,6032
2019-09-11 00:00:00,6420,6076
2019-09-12 00:00:00,6378,6394
2019-09-13 00:00:00,6314,6326
2019-09-14 00:00:00,6242,6184
2019-09-15 00:00:00,6368,6138
2019-09-16 00:00:00,6324,5920
2019-09-17 00:00:00,6298,6322
2019-09-18 00:00:00,6204,5928
2019-09-19 00:00:00,6154,6112
2019-09-20 00:00:00,6386,6034
2019-09-21 00:00:00,5256,5146
2019-09-22 00:00:00,6596,6232
2019-09-23 00:00:00,6618,6028
2019-09-24 00:00:00,6710,6434
2019-09-25 00:00:00,6628,4962
2019-09-26 00:00:00,6468,5884
2019-09-27 00:00:00,6504,6532
2019-09-28 00:00:00,6590,6224
2019-09-29 00:00:00,6574,6400
2019-09-30 00:00:00,6528,6232
2019-10-01 00:00:00,4776,6488
2019-10-02 00:00:00,6408,6020
2019-10-03 00:00:00,6370,6024
2019-10-04 00:00:00,5462,4272
2019-10-05 00:00:00,4880,6081.302839
2019-10-06 00:00:00,6404,6081.302839
2019-10-07 00:00:00,6442,6081.302839
2019-10-08 00:00:00,6484,3246
2019-10-09 00:00:00,6484,6278
2019-10-10 00:00:00,5888,5908
2019-10-11 00:00:00,6476,6470
2019-10-12 00:00:00,6432,6420
2019-10-13 00:00:00,6404,6422
2019-10-14 00:00:00,6372,6386
2019-10-15 00:00:00,6428,6414
2019-10-16 00:00:00,6432,6434
2019-10-17 00:00:00,6426,6414
2019-10-18 00:00:00,6502,6488
2019-10-19 00:00:00,6468,6478
2019-10-20 00:00:00,6332,6350
2019-10-21 00:00:00,6294,6306
2019-10-22 00:00:00,6240,6240
2019-10-23 00:00:00,6334,6254
2019-10-24 00:00:00,6674,6404
2019-10-25 00:00:00,6580,6346
2019-10-26 00:00:00,6504,6338
2019-10-27 00:00:00,6686,6352
2019-10-28 00:00:00,6336,6190
2019-10-29 00:00:00,6308,6186
2019-10-30 00:00:00,6386,6214
2019-10-31 00:00:00,6504,6286
2019-11-01 00:00:00,6656,6420
2019-11-02 00:00:00,6688,6510
2019-11-03 00:00:00,6606,6448
2019-11-04 00:00:00,6612,6434
2019-11-05 00:00:00,6464,6334
2019-11-06 00:00:00,6420,6318
2019-11-07 00:00:00,6348,6288
2019-11-08 00:00:00,5954,5632
2019-11-09 00:00:00,6550,6356
2019-11-10 00:00:00,6528,6272
2019-11-11 00:00:00,6602,6432
2019-11-12 00:00:00,6566,6426
2019-11-13 00:00:00,5892,5314
2019-11-14 00:00:00,6308,5902
2019-11-15 00:00:00,6504,5944
2019-11-16 00:00:00,5870,6166
2019-11-17 00:00:00,6304,6258
2019-11-18 00:00:00,6182,6204
2019-11-19 00:00:00,6296,6204
2019-11-20 00:00:00,6280,6156
2019-11-21 00:00:00,6288,5966
2019-11-22 00:00:00,5504,6376
2019-11-23 00:00:00,6550,6326
2019-11-24 00:00:00,6524,6142
2019-11-25 00:00:00,6536,6336
2019-11-26 00:00:00,6552,6398
2019-11-27 00:00:00,6586,6412
2019-11-28 00:00:00,6530,6350
2019-11-29 00:00:00,6404,6018
2019-11-30 00:00:00,6346,6140
2019-12-01 00:00:00,6320,6118
2019-12-02 00:00:00,6390,6172
2019-12-03 00:00:00,6370,6186
2019-12-04 00:00:00,6424,5876
2019-12-05 00:00:00,6218,5822
2019-12-06 00:00:00,6666,6436
2019-12-07 00:00:00,6676,6384
2019-12-08 00:00:00,6738,6430
2019-12-09 00:00:00,6324,6020
2019-12-10 00:00:00,6662,6184
2019-12-11 00:00:00,6580,5620
2019-12-12 00:00:00,6738,6340
2019-12-13 00:00:00,6720,6318
2019-12-14 00:00:00,6648,6284
2019-12-15 00:00:00,6662,6184
2019-12-16 00:00:00,6510,6218
2019-12-17 00:00:00,6440,4168
2019-12-18 00:00:00,6424,6208
2019-12-19 00:00:00,4792,6164
2019-12-20 00:00:00,6684,6198
2019-12-21 00:00:00,6698,6226
2019-12-22 00:00:00,6638,6208
2019-12-23 00:00:00,6536,6188
2019-12-24 00:00:00,6532,6066
2019-12-25 00:00:00,6326,5864
2019-12-26 00:00:00,6186,6028
2019-12-27 00:00:00,6096,5952
2019-12-28 00:00:00,6140,5674
2019-12-29 00:00:00,6058,5606
2019-12-30 00:00:00,5418,5048
2019-12-31 00:00:00,6290,6058
2020-01-01 00:00:00,6332,6098
2020-01-02 00:00:00,6424,5672
2020-01-03 00:00:00,6336,6182
2020-01-04 00:00:00,6272,6132
2020-01-05 00:00:00,6310,6118
2020-01-06 00:00:00,6300,6162
2020-01-07 00:00:00,6554,6160
2020-01-08 00:00:00,6488,6190
2020-01-09 00:00:00,6516,6258
2020-01-10 00:00:00,6522,6244
2020-01-11 00:00:00,5990,5406
2020-01-12 00:00:00,6666,6116
2020-01-13 00:00:00,6682,6160
2020-01-14 00:00:00,6692,6292
2020-01-15 00:00:00,6564,6256
2020-01-16 00:00:00,6524,6224
2020-01-17 00:00:00,6466,6136
2020-01-18 00:00:00,6500,6050
2020-01-19 00:00:00,6278,5032
2020-01-20 00:00:00,6420,6146
2020-01-21 00:00:00,6468,6178
2020-01-22 00:00:00,5968,5396
2020-01-23 00:00:00,6328,6030
2020-01-24 00:00:00,6364,6096
2020-01-25 00:00:00,6296,5942
2020-01-26 00:00:00,6434,6174
2020-01-27 00:00:00,6408,6206
2020-01-28 00:00:00,6114,5612
2020-01-29 00:00:00,6684,5916
2020-01-30 00:00:00,6704,5672
2020-01-31 00:00:00,6572,6224
2020-02-01 00:00:00,6728,6220
2020-02-02 00:00:00,6672,6210
2020-02-03 00:00:00,6516,6114
2020-02-04 00:00:00,6510,5858
2020-02-05 00:00:00,6406,5746
2020-02-06 00:00:00,6314,4762
2020-02-07 00:00:00,4700,4402
2020-02-08 00:00:00,6338,5884
2020-02-09 00:00:00,6438,5070
2020-02-10 00:00:00,6474,6070
2020-02-11 00:00:00,6426,6004
2020-02-12 00:00:00,6368,5962
2020-02-13 00:00:00,5532,5180
2020-02-14 00:00:00,6474,6142
2020-02-15 00:00:00,6502,6098
2020-02-16 00:00:00,6376,6204
2020-02-17 00:00:00,6446,6178
2020-02-18 00:00:00,6342,6164
2020-02-19 00:00:00,6358,6136
2020-02-20 00:00:00,6472,6168
2020-02-21 00:00:00,6296,6092
2020-02-22 00:00:00,6392,6236
2020-02-23 00:00:00,4608,4654
2020-02-24 00:00:00,6420,6288
2020-02-25 00:00:00,6416,6294
2020-02-26 00:00:00,6350,6222
2020-02-27 00:00:00,6318,6144
2020-02-28 00:00:00,6182,5790
2020-02-29 00:00:00,6514,6244
2020-03-01 00:00:00,6444,6256
2020-03-02 00:00:00,6358,6236
2020-03-03 00:00:00,6108,5820
2020-03-04 00:00:00,6170,6110
2020-03-05 00:00:00,6350,6244
2020-03-06 00:00:00,6456,5360
2020-03-07 00:00:00,6502,6252
2020-03-08 00:00:00,6492,6232
2020-03-09 00:00:00,6364,5076
2020-03-10 00:00:00,6444,5832
2020-03-11 00:00:00,6258,4658
2020-03-12 00:00:00,3136,2924
2020-03-13 00:00:00,5526,6068
2020-03-14 00:00:00,6388,5754
2020-03-15 00:00:00,4474,5576
2020-03-16 00:00:00,6322,5622
2020-03-17 00:00:00,5262,4680
2020-03-18 00:00:00,5872,5306
2020-03-19 00:00:00,6228,5658
2020-03-20 00:00:00,6166,5614
2020-03-21 00:00:00,6164,5602
2020-03-22 00:00:00,6190,5630
2020-03-23 00:00:00,6076,5512
2020-03-24 00:00:00,6280,5544
2020-03-25 00:00:00,6236,5532
2020-03-26 00:00:00,6198,2960
2020-03-27 00:00:00,6328,5982
2020-03-28 00:00:00,6216,6260
2020-03-29 00:00:00,5790,5874
2020-03-30 00:00:00,6120,6196
2020-03-31 00:00:00,6094,6020
2020-04-01 00:00:00,6204,6280
2020-04-02 00:00:00,6278,6348
2020-04-03 00:00:00,6204,6296
2020-04-04 00:00:00,6196,6280
2020-04-05 00:00:00,6130,6128
2020-04-06 00:00:00,6326,6140
2020-04-07 00:00:00,6246,5322
2020-04-08 00:00:00,6272,5944
2020-04-09 00:00:00,3064,2968
2020-04-10 00:00:00,6045.716901,6081.302839
2020-04-11 00:00:00,6045.716901,6081.302839
2020-04-12 00:00:00,28,8
2020-04-13 00:00:00,5554,5744
2020-04-14 00:00:00,5018,6090
2020-04-15 00:00:00,6198,5796
2020-04-16 00:00:00,6352,5888
2020-04-17 00:00:00,6038,5498
2020-04-18 00:00:00,6360,5918
2020-04-19 00:00:00,6340,5990
2020-04-20 00:00:00,6340,5990
2020-04-21 00:00:00,6318,5992
2020-04-22 00:00:00,6316,5990
2020-04-23 00:00:00,6344,6014
2020-04-24 00:00:00,6312,5564
2020-04-25 00:00:00,6452,5888
2020-04-26 00:00:00,6510,6132
2020-04-27 00:00:00,6470,6096
2020-04-28 00:00:00,6444,6200
2020-04-29 00:00:00,6518,6236
2020-04-30 00:00:00,6578,5812
2020-05-01 00:00:00,6244,5862
2020-05-02 00:00:00,6504,6442
2020-05-03 00:00:00,6432,6166
2020-05-04 00:00:00,4234,6006
2020-05-05 00:00:00,6312,5970
2020-05-06 00:00:00,6036,5718
2020-05-07 00:00:00,6190,6010
2020-05-08 00:00:00,6042,5952
2020-05-09 00:00:00,6246,5916
2020-05-10 00:00:00,6156,6024
2020-05-11 00:00:00,6044,5940
2020-05-12 00:00:00,6250,5346
2020-05-13 00:00:00,5034,5818
2020-05-14 00:00:00,5972,5922
2020-05-15 00:00:00,5732,5996
2020-05-16 00:00:00,6010,5982
2020-05-17 00:00:00,6102,6026
2020-05-18 00:00:00,6116,6042
2020-05-19 00:00:00,6084,5968
2020-05-20 00:00:00,6102,5854
2020-05-21 00:00:00,5242,4916
2020-05-22 00:00:00,6174,5888
2020-05-23 00:00:00,6406,6094
2020-05-24 00:00:00,5990,6038
2020-05-25 00:00:00,6348,5988
2020-05-26 00:00:00,6368,6020
2020-05-27 00:00:00,6350,5884
2020-05-28 00:00:00,3778,5480
2020-05-29 00:00:00,1228,5782
2020-05-30 00:00:00,6045.716901,5844
2020-05-31 00:00:00,6045.716901,5846
2020-06-01 00:00:00,6045.716901,5766
2020-06-02 00:00:00,6045.716901,5084
2020-06-03 00:00:00,6045.716901,6066
2020-06-04 00:00:00,6045.716901,5762
2020-06-05 00:00:00,1732,6024
2020-06-06 00:00:00,6756,6046
2020-06-07 00:00:00,6562,6032
2020-06-08 00:00:00,6578,6164
2020-06-09 00:00:00,6242,5836
2020-06-10 00:00:00,6490,5746
2020-06-11 00:00:00,4990,5952
2020-06-12 00:00:00,6592,5880
2020-06-13 00:00:00,5622,6092
2020-06-14 00:00:00,3586,6076
2020-06-15 00:00:00,6000,6056
2020-06-16 00:00:00,5960,6070
2020-06-17 00:00:00,4452,5960
2020-06-18 00:00:00,4426,5966
2020-06-19 00:00:00,3190,6216
2020-06-20 00:00:00,5924,6198
2020-06-21 00:00:00,5850,6128
2020-06-22 00:00:00,5706,5782
2020-06-23 00:00:00,3468,5842
2020-06-24 00:00:00,6045.716901,5492
2020-06-25 00:00:00,6045.716901,2968
2020-06-26 00:00:00,242,2392
2020-06-27 00:00:00,6045.716901,6081.302839
2020-06-28 00:00:00,6045.716901,6081.302839
2020-06-29 00:00:00,6045.716901,6081.302839
2020-06-30 00:00:00,6045.716901,6081.302839
2020-07-01 00:00:00,6045.716901,6081.302839
2020-07-02 00:00:00,6045.716901,6081.302839
2020-07-03 00:00:00,6045.716901,6081.302839
2020-07-04 00:00:00,6045.716901,6081.302839
2020-07-05 00:00:00,6045.716901,6081.302839
2020-07-06 00:00:00,162,6081.302839
2020-07-07 00:00:00,2518,1398
2020-07-08 00:00:00,4742,2976
2020-07-09 00:00:00,6120,6146
2020-07-10 00:00:00,6198,6070
2020-07-13 00:00:00,2684,3828
2020-07-14 00:00:00,6448,6044
2020-07-15 00:00:00,5634,6384
2020-07-16 00:00:00,6232,6018
2020-07-17 00:00:00,6458,6314
2020-07-18 00:00:00,6438,6326
2020-07-19 00:00:00,5502,6248
2020-07-20 00:00:00,6394,6268
2020-07-21 00:00:00,3280,3244
2020-07-22 00:00:00,6338,5888
2020-07-23 00:00:00,6338,6116
2020-07-24 00:00:00,6012,5818
2020-07-25 00:00:00,6348,6186
2020-07-26 00:00:00,6370,6180
2020-07-27 00:00:00,6376,6180
2020-07-28 00:00:00,6088,5882
2020-07-29 00:00:00,6318,6088
2020-07-30 00:00:00,2558,2530
2020-07-31 00:00:00,5446,5400
2020-08-01 00:00:00,6122,6160
2020-08-02 00:00:00,6468,6186
2020-08-03 00:00:00,6404,6136
2020-08-04 00:00:00,6436,6012
2020-08-05 00:00:00,6594,6282
2020-08-06 00:00:00,6124,5786
2020-08-07 00:00:00,6532,6234
2020-08-08 00:00:00,5686,5976
2020-08-09 00:00:00,6434,6168
2020-08-10 00:00:00,6398,6182
2020-08-11 00:00:00,6398,6180
2020-08-12 00:00:00,6412,6074
2020-08-13 00:00:00,6398,6168
2020-08-14 00:00:00,6390,6144
2020-08-15 00:00:00,6364,6126
2020-08-16 00:00:00,2994,2900
2020-08-17 00:00:00,2102,2064
2020-08-18 00:00:00,6412,6266
2020-08-19 00:00:00,5952,3598
2020-08-20 00:00:00,6384,6260
2020-08-21 00:00:00,5154,4602
2020-08-22 00:00:00,6518,6390
2020-08-23 00:00:00,6506,6310
2020-08-24 00:00:00,6480,6298
2020-08-25 00:00:00,6552,6412
2020-08-26 00:00:00,6532,6302
2020-08-27 00:00:00,6188,6132
2020-08-28 00:00:00,5256,5660
2020-08-29 00:00:00,6328,6088
2020-08-30 00:00:00,6320,6228
2020-08-31 00:00:00,6308,6226
2020-09-01 00:00:00,6336,6268
2020-09-02 00:00:00,6260,6066
2020-09-03 00:00:00,6252,6200
2020-09-04 00:00:00,6236,6182
2020-09-05 00:00:00,6256,6024
2020-09-06 00:00:00,6244,6126
2020-09-07 00:00:00,6232,6146
2020-09-08 00:00:00,5012,4576
2020-09-09 00:00:00,5750,5630
2020-09-10 00:00:00,6288,6170
2020-09-11 00:00:00,5738,5814
2020-09-12 00:00:00,6294,6306
2020-09-13 00:00:00,6294,6126
2020-09-14 00:00:00,6306,5474
2020-09-15 00:00:00,6336,6150
2020-09-16 00:00:00,6338,5636
2020-09-17 00:00:00,6272,6074
2020-09-18 00:00:00,6256,5054
2020-09-19 00:00:00,6296,5906
2020-09-20 00:00:00,6244,6002
2020-09-21 00:00:00,5152,5964
2020-09-22 00:00:00,6454,6222
2020-09-23 00:00:00,6252,6020
2020-09-24 00:00:00,5196,6060
2020-09-25 00:00:00,5954,6144
2020-09-26 00:00:00,6258,6076
2020-09-27 00:00:00,6238,6070
2020-09-28 00:00:00,6222,6094
2020-09-29 00:00:00,5710,5842
2020-09-30 00:00:00,6200,6142
2020-10-01 00:00:00,6218,6166
2020-10-02 00:00:00,5978,5876
2020-10-03 00:00:00,6224,6200
2020-10-04 00:00:00,6252,6270
2020-10-05 00:00:00,5946,5960
2020-10-06 00:00:00,6250,6206
2020-10-07 00:00:00,6276,6024
2020-10-08 00:00:00,5962,5810
2020-10-09 00:00:00,6252,5914
2020-10-10 00:00:00,6232,5906
2020-10-11 00:00:00,6176,6006
2020-10-12 00:00:00,6222,6028
2020-10-13 00:00:00,6218,5786
2020-10-14 00:00:00,6188,5844
2020-10-15 00:00:00,6116,5956
2020-10-16 00:00:00,6110,5964
2020-10-17 00:00:00,6090,5978
2020-10-18 00:00:00,6084,5964
2020-10-19 00:00:00,6066,6072
2020-10-20 00:00:00,6078,6180
2020-10-21 00:00:00,5428,6206
2020-10-22 00:00:00,4008,5646
2020-10-23 00:00:00,6045.716901,6304
2020-10-24 00:00:00,6045.716901,6112
2020-10-25 00:00:00,6045.716901,6164
2020-10-26 00:00:00,6045.716901,5962
2020-10-27 00:00:00,6045.716901,6570
2020-10-28 00:00:00,6045.716901,6308
2020-10-29 00:00:00,6045.716901,6060
2020-10-30 00:00:00,6045.716901,5978
2020-10-31 00:00:00,6045.716901,6188
2020-11-01 00:00:00,6045.716901,6082
2020-11-02 00:00:00,6045.716901,6198
2020-11-03 00:00:00,6045.716901,5690
2020-11-04 00:00:00,6045.716901,5776
2020-11-05 00:00:00,6045.716901,5612
2020-11-06 00:00:00,6045.716901,5608
2020-11-07 00:00:00,6045.716901,5972
2020-11-08 00:00:00,6045.716901,6020
2020-11-09 00:00:00,2292,6148
2020-11-10 00:00:00,6062,5570
2020-11-11 00:00:00,6080,6212
2020-11-12 00:00:00,5084,5192
2020-11-13 00:00:00,6116,6118
2020-11-14 00:00:00,6100,6224
2020-11-15 00:00:00,6140,6178
2020-11-16 00:00:00,6132,6212
2020-11-17 00:00:00,6080,6192
2020-11-18 00:00:00,6150,6224
2020-11-19 00:00:00,6138,6090
2020-11-20 00:00:00,6110,6076
2020-11-21 00:00:00,6122,6084
2020-11-22 00:00:00,5334,5826
2020-11-23 00:00:00,6180,6138
2020-11-24 00:00:00,6158,6244
2020-11-25 00:00:00,6174,4326
2020-11-26 00:00:00,5076,6284
2020-11-27 00:00:00,6260,6164
2020-11-28 00:00:00,6164,6076
2020-11-29 00:00:00,6172,6106
2020-11-30 00:00:00,6196,6148
2020-12-01 00:00:00,5994,5692
2020-12-02 00:00:00,6310,6234
2020-12-03 00:00:00,6376,6372
2020-12-04 00:00:00,6166,6184
2020-12-05 00:00:00,6366,6352
2020-12-06 00:00:00,6338,6328
2020-12-07 00:00:00,5966,5946
2020-12-08 00:00:00,6234,6236
2020-12-09 00:00:00,6208,6220
2020-12-10 00:00:00,4412,5922
2020-12-11 00:00:00,6296,6266
2020-12-12 00:00:00,6296,6224
2020-12-13 00:00:00,6300,5944
2020-12-14 00:00:00,6282,6190
2020-12-15 00:00:00,6272,6184
2020-12-16 00:00:00,6080,6232
2020-12-17 00:00:00,6200,6204
2020-12-18 00:00:00,6230,6144
2020-12-19 00:00:00,6150,6080
2020-12-20 00:00:00,5444,5864
2020-12-21 00:00:00,6098,6072
2020-12-22 00:00:00,6102,6230
2020-12-23 00:00:00,6064,5880
2020-12-24 00:00:00,5684,5096
2020-12-25 00:00:00,5912,5980
2020-12-26 00:00:00,6024,6142
2020-12-27 00:00:00,6062,6272
2020-12-28 00:00:00,6058,6210
2020-12-29 00:00:00,6020,6172
2020-12-30 00:00:00,4972,6068
2020-12-31 00:00:00,5540,6256
2021-01-01 00:00:00,5820,6212
2021-01-02 00:00:00,5804,6188
2021-01-03 00:00:00,5780,6050
2021-01-04 00:00:00,5772,6136
2021-01-05 00:00:00,5786,6146
2021-01-06 00:00:00,5802,6100
2021-01-07 00:00:00,3240,5698
2021-01-08 00:00:00,3652,6178
2021-01-09 00:00:00,5762,6130
2021-01-10 00:00:00,5830,6148
2021-01-11 00:00:00,6272,6148
2021-01-12 00:00:00,6234,6158
2021-01-13 00:00:00,6232,6176
2021-01-14 00:00:00,5752,6158
2021-01-15 00:00:00,5410,6040
2021-01-16 00:00:00,5894,6120
2021-01-17 00:00:00,5616,5864
2021-01-18 00:00:00,5906,6138
2021-01-19 00:00:00,5898,6170
2021-01-20 00:00:00,5926,6200
2021-01-21 00:00:00,5956,6244
2021-01-22 00:00:00,6028,6200
2021-01-23 00:00:00,5720,5140
2021-01-24 00:00:00,5470,6198
2021-01-25 00:00:00,5978,6194
2021-01-26 00:00:00,4206,4078
2021-01-27 00:00:00,3460,3636
2021-01-28 00:00:00,5950,6244
2021-01-29 00:00:00,5934,6286
2021-01-30 00:00:00,5918,6206
2021-01-31 00:00:00,5916,6202
2021-02-01 00:00:00,5436,5718
2021-02-02 00:00:00,5912,6260
2021-02-03 00:00:00,5918,6158
2021-02-04 00:00:00,5884,6230
2021-02-05 00:00:00,5098,5748
2021-02-06 00:00:00,5868,6188
2021-02-07 00:00:00,5878,6128
2021-02-08 00:00:00,5924,6176
2021-02-09 00:00:00,5340,5876
2021-02-10 00:00:00,4580,5628
2021-02-11 00:00:00,5304,5032
2021-02-12 00:00:00,4542,6206
2021-02-13 00:00:00,5798,6180
2021-02-14 00:00:00,6078,6176
2021-02-15 00:00:00,6014,6026
2021-02-16 00:00:00,4516,6160
2021-02-17 00:00:00,5776,5112
2021-02-18 00:00:00,6276,6318
2021-02-19 00:00:00,6276,6136
2021-02-20 00:00:00,6222,6340
2021-02-21 00:00:00,6134,6290
2021-02-22 00:00:00,6078,5944
2021-02-23 00:00:00,6276,5480
2021-02-24 00:00:00,6276,6202
2021-02-25 00:00:00,6232,5996
2021-02-26 00:00:00,6200,5588
2021-02-27 00:00:00,6186,6082
2021-02-28 00:00:00,6156,6024
2021-03-01 00:00:00,6168,5974
2021-03-02 00:00:00,6184,5976
2021-03-03 00:00:00,6232,5972
2021-03-04 00:00:00,6274,6042
2021-03-05 00:00:00,6086,6224
2021-03-06 00:00:00,5880,5952
2021-03-07 00:00:00,6256,6204
2021-03-08 00:00:00,6256,6190
2021-03-09 00:00:00,6304,6236
2021-03-10 00:00:00,6372,6292
2021-03-11 00:00:00,6424,6348
2021-03-12 00:00:00,6246,5916
2021-03-13 00:00:00,6510,6462
2021-03-14 00:00:00,6438,6388
2021-03-15 00:00:00,6402,6356
2021-03-16 00:00:00,6286,6132
2021-03-17 00:00:00,6096,6148
2021-03-18 00:00:00,6252,6164
2021-03-19 00:00:00,6238,5676
2021-03-20 00:00:00,6172,6014
2021-03-21 00:00:00,6244,6246
2021-03-22 00:00:00,6016,5876
2021-03-23 00:00:00,6342,6312
2021-03-24 00:00:00,6318,6364
2021-03-25 00:00:00,5960,6094
2021-03-26 00:00:00,3954,3958
2021-03-29 00:00:00,4002,4046
2021-03-30 00:00:00,6326,6356
2021-03-31 00:00:00,5674,6278
2021-04-01 00:00:00,5876,5228
2021-04-02 00:00:00,5768,5756
2021-04-03 00:00:00,5242,5216
2021-04-04 00:00:00,5540,5496
2021-04-05 00:00:00,5984,6078
2021-04-06 00:00:00,6280,6176
2021-04-07 00:00:00,6242,5982
2021-04-08 00:00:00,6030,5902
2021-04-09 00:00:00,6030,6082
2021-04-10 00:00:00,6192,6278
2021-04-11 00:00:00,6128,6228
2021-04-12 00:00:00,6142,6104
2021-04-13 00:00:00,6134,6046
2021-04-14 00:00:00,6208,6216
2021-04-15 00:00:00,6218,6206
2021-04-16 00:00:00,6306,6096
2021-04-17 00:00:00,6274,6244
2021-04-18 00:00:00,6292,6064
2021-04-19 00:00:00,6336,6222
2021-04-20 00:00:00,4906,6262
2021-04-21 00:00:00,6344,6364
2021-04-22 00:00:00,6174,5704
2021-04-23 00:00:00,6056,6232
2021-04-24 00:00:00,6272,6232
2021-04-25 00:00:00,5706,6200
2021-04-26 00:00:00,6424,6460
2021-04-27 00:00:00,6504,6542
2021-04-28 00:00:00,6364,6304
2021-04-29 00:00:00,6386,6324
2021-04-30 00:00:00,6292,6294
2021-05-01 00:00:00,6432,6440
2021-05-02 00:00:00,6438,6442
2021-05-03 00:00:00,6492,6510
2021-05-04 00:00:00,6628,6632
2021-05-05 00:00:00,6584,6400
2021-05-06 00:00:00,6448,6472
2021-05-07 00:00:00,6092,6000
2021-05-08 00:00:00,6164,6210
2021-05-09 00:00:00,6444,6438
2021-05-10 00:00:00,4984,6490
2021-05-11 00:00:00,6456,6414
2021-05-12 00:00:00,6294,4904
2021-05-13 00:00:00,6292,6354
2021-05-14 00:00:00,6380,6380
2021-05-15 00:00:00,6454,6416
2021-05-16 00:00:00,6478,6456
2021-05-17 00:00:00,6444,6246
2021-05-18 00:00:00,6236,6424
2021-05-19 00:00:00,5222,6176
2021-05-20 00:00:00,6120,6142
2021-05-21 00:00:00,6592,6566
2021-05-22 00:00:00,6518,6446
2021-05-23 00:00:00,6514,6448
2021-05-24 00:00:00,6582,6490
2021-05-25 00:00:00,6734,6630
2021-05-26 00:00:00,6710,6434
2021-05-27 00:00:00,6454,6160
2021-05-28 00:00:00,6548,6368
2021-05-29 00:00:00,6646,6150
2021-05-30 00:00:00,6536,6414
2021-05-31 00:00:00,3778,6444
2021-06-01 00:00:00,2224,6216
2021-06-02 00:00:00,4656,4644
2021-06-03 00:00:00,3698,3714
2021-06-04 00:00:00,4240,4220
2021-06-05 00:00:00,6480,6186
2021-06-06 00:00:00,6484,6026
2021-06-07 00:00:00,6492,6386
2021-06-08 00:00:00,6474,6154
2021-06-09 00:00:00,6490,6354
2021-06-10 00:00:00,6536,6228
2021-06-11 00:00:00,6552,6288
2021-06-12 00:00:00,6480,5994
2021-06-13 00:00:00,6478,5978
2021-06-14 00:00:00,6538,6336
2021-06-15 00:00:00,6508,6314
2021-06-16 00:00:00,6558,6542
2021-06-17 00:00:00,6556,6528
2021-06-18 00:00:00,6482,6468
2021-06-19 00:00:00,6476,6294
2021-06-20 00:00:00,6466,5666
2021-06-21 00:00:00,6424,6320
2021-06-22 00:00:00,6432,6258
2021-06-23 00:00:00,6508,6378
2021-06-24 00:00:00,6586,6448
2021-06-25 00:00:00,6522,6400
2021-06-26 00:00:00,6508,6376
2021-06-27 00:00:00,6448,6402
2021-06-28 00:00:00,6590,6434
2021-06-29 00:00:00,6586,6430
2021-06-30 00:00:00,6540,6318
2021-07-01 00:00:00,6364,6120
2021-07-02 00:00:00,2872,2730
2021-07-03 00:00:00,6045.716901,6081.302839
2021-07-04 00:00:00,6045.716901,6081.302839
2021-07-05 00:00:00,6045.716901,6081.302839
2021-07-06 00:00:00,6045.716901,6081.302839
2021-07-07 00:00:00,6045.716901,6081.302839
2021-07-08 00:00:00,6045.716901,6081.302839
2021-07-09 00:00:00,6045.716901,6081.302839
2021-07-10 00:00:00,6045.716901,6081.302839
2021-07-11 00:00:00,6045.716901,6081.302839
2021-07-12 00:00:00,6045.716901,6081.302839
2021-07-13 00:00:00,6045.716901,6081.302839
2021-07-14 00:00:00,6045.716901,6081.302839
2021-07-15 00:00:00,20,52
2021-07-16 00:00:00,6045.716901,6081.302839
2021-07-17 00:00:00,6045.716901,6081.302839
2021-07-18 00:00:00,6045.716901,6081.302839
2021-07-19 00:00:00,6045.716901,6081.302839
2021-07-20 00:00:00,6045.716901,6081.302839
2021-07-21 00:00:00,6045.716901,6081.302839
2021-07-22 00:00:00,6045.716901,6081.302839
2021-07-23 00:00:00,6045.716901,6081.302839
2021-07-24 00:00:00,6045.716901,6081.302839
2021-07-25 00:00:00,6045.716901,6081.302839
2021-07-26 00:00:00,6045.716901,6081.302839
2021-07-27 00:00:00,6045.716901,50
2021-07-28 00:00:00,6045.716901,6081.302839
2021-07-29 00:00:00,6045.716901,6081.302839
2021-07-30 00:00:00,6045.716901,6081.302839
2021-07-31 00:00:00,6045.716901,6081.302839
2021-08-01 00:00:00,6045.716901,6081.302839
2021-08-02 00:00:00,6045.716901,6081.302839
2021-08-03 00:00:00,6045.716901,6081.302839
2021-08-04 00:00:00,6045.716901,6081.302839
2021-08-05 00:00:00,6045.716901,6081.302839
2021-08-06 00:00:00,6045.716901,6081.302839
2021-08-07 00:00:00,6045.716901,6081.302839
2021-08-08 00:00:00,6045.716901,6081.302839
2021-08-09 00:00:00,6045.716901,6081.302839
2021-08-10 00:00:00,6045.716901,6081.302839
2021-08-11 00:00:00,6045.716901,6081.302839
2021-08-12 00:00:00,6045.716901,6081.302839
2021-08-13 00:00:00,6045.716901,6081.302839
2021-08-14 00:00:00,6045.716901,6081.302839
2021-08-15 00:00:00,6045.716901,6081.302839
2021-08-16 00:00:00,6045.716901,6081.302839
2021-08-17 00:00:00,1906,2926
2021-08-18 00:00:00,6896,6786
2021-08-19 00:00:00,2446,6846
2021-08-20 00:00:00,2186,6940
2021-08-21 00:00:00,2222,7002
2021-08-22 00:00:00,2106,6994
2021-08-23 00:00:00,1926,6626
2021-08-24 00:00:00,25064,6912
2021-08-25 00:00:00,19784,6940
2021-08-26 00:00:00,1518,6896
2021-08-27 00:00:00,1072,6894
2021-08-28 00:00:00,21768,6932
2021-08-29 00:00:00,756,6960
2021-08-30 00:00:00,470,6946
2021-08-31 00:00:00,364,6772
2021-09-01 00:00:00,640,7008
2021-09-02 00:00:00,3334,6872
2021-09-03 00:00:00,6896,7144
2021-09-04 00:00:00,7226,7188
2021-09-05 00:00:00,7196,7144
2021-09-06 00:00:00,6978,6998
2021-09-07 00:00:00,7100,7000
2021-09-08 00:00:00,7052,6946
2021-09-09 00:00:00,6388,6280
2021-09-10 00:00:00,7108,7024
2021-09-11 00:00:00,7174,7164
2021-09-12 00:00:00,7134,7108
2021-09-13 00:00:00,6640,6878
2021-09-14 00:00:00,4688,4664
2021-09-16 00:00:00,604,604
2021-09-20 00:00:00,4192,4180
2021-09-21 00:00:00,7178,7190
2021-09-22 00:00:00,7162,7166
2021-09-23 00:00:00,6996,6734
2021-09-24 00:00:00,7158,7120
2021-09-25 00:00:00,7136,7118
2021-09-26 00:00:00,7150,7142
2021-09-27 00:00:00,7214,7158
2021-09-28 00:00:00,7200,7178
2021-09-29 00:00:00,7188,7176
2021-09-30 00:00:00,7036,7192
2021-10-01 00:00:00,7176,6012
2021-10-02 00:00:00,7152,7160
2021-10-03 00:00:00,7258,7268
2021-10-04 00:00:00,6678,7192
2021-10-05 00:00:00,4952,7132
2021-10-06 00:00:00,6992,6992
2021-10-07 00:00:00,5772,7020
2021-10-08 00:00:00,6956,5676
2021-10-09 00:00:00,6776,7044
2021-10-10 00:00:00,7032,7158
2021-10-11 00:00:00,6948,7080
2021-10-12 00:00:00,7136,7078
2021-10-13 00:00:00,7044,6976
2021-10-14 00:00:00,6752,6984
2021-10-15 00:00:00,7000,6738
2021-10-16 00:00:00,6992,6924
2021-10-17 00:00:00,7028,6958
2021-10-18 00:00:00,7072,7006
2021-10-19 00:00:00,7148,7098
2021-10-20 00:00:00,7140,7072
2021-10-21 00:00:00,7134,7068
2021-10-22 00:00:00,2958,2926
2021-10-28 00:00:00,4502,4440
2021-10-29 00:00:00,4632,7118
2021-10-30 00:00:00,7108,7100
2021-10-31 00:00:00,6798,6822
2021-11-01 00:00:00,7044,7126
2021-11-02 00:00:00,6960,6938
2021-11-03 00:00:00,7150,7106
2021-11-04 00:00:00,6952,5132
2021-11-05 00:00:00,7156,7100
2021-11-06 00:00:00,7062,7064
2021-11-07 00:00:00,7116,7070
2021-11-08 00:00:00,7004,7038
2021-11-09 00:00:00,7018,7078
2021-11-10 00:00:00,6888,6998
2021-11-11 00:00:00,7016,6978
2021-11-12 00:00:00,6834,6966
2021-11-13 00:00:00,6862,6946
2021-11-14 00:00:00,6936,6946
2021-11-15 00:00:00,6952,6586
2021-11-16 00:00:00,6918,7006
2021-11-17 00:00:00,6760,6980
2021-11-18 00:00:00,6824,6952
2021-11-19 00:00:00,6670,6942
2021-11-20 00:00:00,5596,6968
2021-11-21 00:00:00,5140,4866
2021-11-22 00:00:00,4548,5392
2021-11-23 00:00:00,5960,6276
2021-11-24 00:00:00,6688,6918
2021-11-25 00:00:00,6716,6998
2021-11-26 00:00:00,5994,6036
2021-11-27 00:00:00,2798,4728
2021-11-28 00:00:00,6860,6784
2021-11-29 00:00:00,6928,6868
2021-11-30 00:00:00,6850,6908
2021-12-01 00:00:00,6914,6972
2021-12-02 00:00:00,6858,6992
2021-12-03 00:00:00,6594,6552
2021-12-04 00:00:00,6824,6876
2021-12-05 00:00:00,6920,6944
2021-12-06 00:00:00,6890,6926
2021-12-07 00:00:00,6890,6930
2021-12-08 00:00:00,6820,6874
2021-12-09 00:00:00,6740,6658
2021-12-10 00:00:00,6860,6916
2021-12-11 00:00:00,6672,6636
2021-12-12 00:00:00,6548,6508
2021-12-13 00:00:00,6852,6494
2021-12-14 00:00:00,6864,6890
2021-12-15 00:00:00,6796,6812
2021-12-16 00:00:00,6784,6528
2021-12-17 00:00:00,6620,6950
2021-12-18 00:00:00,5458,6950
2021-12-19 00:00:00,6714,6962
2021-12-20 00:00:00,6624,6994
2021-12-21 00:00:00,5320,6934
2021-12-22 00:00:00,7060,6984
2021-12-23 00:00:00,6984,6894
2021-12-24 00:00:00,3450,3396
2022-01-17 00:00:00,2642,2594
2022-01-18 00:00:00,6930,6924
2022-01-19 00:00:00,7058,6876
2022-01-20 00:00:00,4656,4582
2022-01-21 00:00:00,4334,4308
2022-01-22 00:00:00,6850,6806
2022-01-23 00:00:00,6938,3290
2022-01-24 00:00:00,6962,2088
2022-01-25 00:00:00,3772,4036
2022-02-01 00:00:00,3162,3156
2022-02-02 00:00:00,6864,6716
2022-02-03 00:00:00,6564,6566
2022-02-04 00:00:00,6732,6776
2022-02-05 00:00:00,6822,6916
2022-02-06 00:00:00,6434,6918
2022-02-07 00:00:00,1546,2600
2022-02-08 00:00:00,3328,3436
2022-02-09 00:00:00,6688,6890
2022-02-10 00:00:00,6768,6656
2022-02-11 00:00:00,6844,5264
2022-02-12 00:00:00,6660,6904
2022-02-13 00:00:00,6492,6888
2022-02-14 00:00:00,6604,6904
2022-02-15 00:00:00,6604,6898
2022-02-16 00:00:00,6432,6858
2022-02-17 00:00:00,6618,6896
2022-02-18 00:00:00,5542,6918
2022-02-19 00:00:00,6844,6238
2022-02-20 00:00:00,6538,6704
2022-02-21 00:00:00,6230,6712
2022-02-22 00:00:00,6532,6896
2022-02-23 00:00:00,6570,6888
2022-02-24 00:00:00,6806,6890
2022-02-25 00:00:00,6704,6890
2022-02-26 00:00:00,6816,6888
2022-02-27 00:00:00,4924,6904
2022-02-28 00:00:00,6045.716901,6894
2022-03-01 00:00:00,6045.716901,6892
2022-03-02 00:00:00,6045.716901,5436
2022-03-03 00:00:00,6045.716901,3956
2022-03-04 00:00:00,6045.716901,5680
2022-03-05 00:00:00,6045.716901,6940
2022-03-06 00:00:00,6045.716901,6334
2022-03-07 00:00:00,1528,7008
2022-03-08 00:00:00,2724,2668
2022-03-11 00:00:00,4292,4262
2022-03-12 00:00:00,7080,6858
2022-03-13 00:00:00,6930,6880
2022-03-14 00:00:00,7146,6916
2022-03-15 00:00:00,7120,6894
2022-03-16 00:00:00,7144,6920
2022-03-17 00:00:00,626,6372
2022-03-18 00:00:00,6045.716901,6946
2022-03-19 00:00:00,6045.716901,6940
2022-03-20 00:00:00,6045.716901,6980
2022-03-21 00:00:00,6045.716901,6932
2022-03-22 00:00:00,2,6956
2022-03-23 00:00:00,3456,5142
2022-03-24 00:00:00,7152,6850
2022-03-25 00:00:00,6900,6396
2022-03-26 00:00:00,6218,6454
2022-03-27 00:00:00,6214,6232
2022-03-28 00:00:00,6980,6844
2022-03-29 00:00:00,4080,4006
2022-03-31 00:00:00,3296,3180
2022-04-01 00:00:00,7146,6926
2022-04-02 00:00:00,7126,6894
2022-04-03 00:00:00,6976,6814
2022-04-04 00:00:00,6680,6574
2022-04-05 00:00:00,184,6892
2022-04-06 00:00:00,6045.716901,6890
2022-04-07 00:00:00,6045.716901,6856
2022-04-08 00:00:00,6045.716901,6926
2022-04-09 00:00:00,6045.716901,6924
2022-04-10 00:00:00,6045.716901,6910
2022-04-11 00:00:00,6045.716901,6858
2022-04-12 00:00:00,6045.716901,6928
2022-04-13 00:00:00,6045.716901,7010
2022-04-14 00:00:00,6045.716901,6844
2022-04-15 00:00:00,6045.716901,4942
2022-04-25 00:00:00,2508,2648
2022-04-26 00:00:00,6056,5918
2022-04-27 00:00:00,6650,6826
2022-04-28 00:00:00,6622,7004
2022-04-29 00:00:00,6622,6984
2022-04-30 00:00:00,5252,7024
2022-05-01 00:00:00,6644,7030
2022-05-02 00:00:00,6660,7006
2022-05-03 00:00:00,6680,7076
2022-05-04 00:00:00,5264,6910
2022-05-05 00:00:00,6360,6710
2022-05-11 00:00:00,3218,3494
2022-05-12 00:00:00,6466,7050
2022-05-13 00:00:00,6488,6878
2022-05-14 00:00:00,6458,6780
2022-05-15 00:00:00,6456,7016
2022-05-16 00:00:00,6464,7044
2022-05-17 00:00:00,6118,6540
2022-05-18 00:00:00,6476,6964
2022-05-19 00:00:00,6460,6894
2022-05-20 00:00:00,6462,7022
2022-05-21 00:00:00,6462,5786
2022-05-22 00:00:00,6472,16
2022-05-23 00:00:00,6488,6081.302839
2022-05-24 00:00:00,6474,1724
2022-05-25 00:00:00,6448,7074
2022-05-26 00:00:00,6464,6880
2022-05-27 00:00:00,6430,6940
2022-05-28 00:00:00,6448,7008
2022-05-29 00:00:00,6468,7056
2022-05-30 00:00:00,6450,7042
2022-05-31 00:00:00,6160,6172
2022-06-01 00:00:00,6452,7044
2022-06-02 00:00:00,6440,7002
2022-06-03 00:00:00,6460,7052
2022-06-04 00:00:00,6460,7072
2022-06-05 00:00:00,6456,7056
2022-06-06 00:00:00,6460,7050
2022-06-07 00:00:00,6286,6700
2022-06-08 00:00:00,6446,6962
2022-06-09 00:00:00,6302,6744
2022-06-10 00:00:00,6470,6990
2022-06-11 00:00:00,6464,7018
2022-06-12 00:00:00,6472,6992
2022-06-13 00:00:00,6456,6988
2022-06-14 00:00:00,6414,6862
2022-06-15 00:00:00,6410,6912
2022-06-16 00:00:00,6434,5584
2022-06-17 00:00:00,6510,6720
2022-06-18 00:00:00,6460,6990
2022-06-19 00:00:00,6468,6996
2022-06-20 00:00:00,6440,6926
2022-06-21 00:00:00,6472,6950
2022-06-22 00:00:00,6434,6844
2022-06-23 00:00:00,6430,6822
2022-06-24 00:00:00,6460,6996
2022-06-25 00:00:00,6448,7014
2022-06-26 00:00:00,6472,7096
2022-06-27 00:00:00,6472,7096
2022-06-28 00:00:00,6452,7026
2022-06-29 00:00:00,6414,7038
2022-06-30 00:00:00,6362,6514
2022-07-01 00:00:00,2928,3280
2022-07-02 00:00:00,6045.716901,6081.302839
2022-07-03 00:00:00,6045.716901,6081.302839
2022-07-04 00:00:00,6045.716901,6081.302839
2022-07-05 00:00:00,6045.716901,6081.302839
2022-07-06 00:00:00,6045.716901,6081.302839
2022-07-07 00:00:00,2,2
2022-07-08 00:00:00,6045.716901,6081.302839
2022-07-09 00:00:00,6045.716901,6081.302839
2022-07-10 00:00:00,6045.716901,6081.302839
2022-07-11 00:00:00,2,6081.302839
2022-07-12 00:00:00,2564,2570
2022-07-13 00:00:00,6292,6380
2022-07-14 00:00:00,6460,7048
2022-07-15 00:00:00,6496,7096
2022-07-16 00:00:00,6480,7060
2022-07-17 00:00:00,6388,5892
2022-07-18 00:00:00,6212,6870
2022-07-19 00:00:00,4772,4692
2022-07-20 00:00:00,6426,6966
2022-07-21 00:00:00,6498,6862
2022-07-22 00:00:00,6520,7080
2022-07-23 00:00:00,6572,7122
2022-07-24 00:00:00,6568,7072
2022-07-25 00:00:00,6520,7052
2022-07-26 00:00:00,6496,7036
2022-07-27 00:00:00,6532,7072
2022-07-28 00:00:00,6526,7068
2022-07-29 00:00:00,6506,7044
2022-07-30 00:00:00,6496,7028
2022-07-31 00:00:00,6496,7036
2022-08-01 00:00:00,6476,6968
2022-08-02 00:00:00,6454,6976
2022-08-03 00:00:00,5842,6814
2022-08-04 00:00:00,4110,4806
2022-08-05 00:00:00,6045.716901,92
2022-08-06 00:00:00,6045.716901,6081.302839
2022-08-07 00:00:00,6045.716901,6081.302839
2022-08-08 00:00:00,6045.716901,980
2022-08-09 00:00:00,2714,6604
2022-08-10 00:00:00,6912,6938
2022-08-11 00:00:00,6926,6058
2022-08-12 00:00:00,6434,6712
2022-08-13 00:00:00,6898,6940
2022-08-14 00:00:00,6964,6992
2022-08-15 00:00:00,6974,7016
2022-08-16 00:00:00,6948,6992
2022-08-17 00:00:00,6944,6988
2022-08-18 00:00:00,6920,6972
2022-08-19 00:00:00,6260,6344
2022-08-20 00:00:00,6324,6840
2022-08-21 00:00:00,6172,7024
2022-08-22 00:00:00,6908,6984
2022-08-23 00:00:00,6838,6912
2022-08-24 00:00:00,6126,6788
2022-08-25 00:00:00,6792,6912
2022-08-26 00:00:00,5736,5788
2022-09-15 00:00:00,2858,2912
2022-09-16 00:00:00,6872,6822
2022-09-17 00:00:00,6934,7058
2022-09-18 00:00:00,6934,7052
2022-09-19 00:00:00,6922,7044
2022-09-20 00:00:00,6890,5774
2022-09-21 00:00:00,6882,7008
2022-09-22 00:00:00,6832,7010
2022-09-23 00:00:00,6864,7030
2022-09-24 00:00:00,6916,6858
2022-09-25 00:00:00,6890,7024
2022-09-26 00:00:00,6868,7012
2022-09-27 00:00:00,6862,6996
2022-09-28 00:00:00,6870,6816
2022-09-29 00:00:00,6892,7034
2022-09-30 00:00:00,6560,6826
2022-10-01 00:00:00,6936,7078
2022-10-02 00:00:00,6970,7094
2022-10-03 00:00:00,6934,7074
2022-10-04 00:00:00,6906,7044
2022-10-05 00:00:00,5722,6786
2022-10-06 00:00:00,6724,7008
2022-10-07 00:00:00,6932,7028
2022-10-08 00:00:00,6964,7060
2022-10-09 00:00:00,6948,7054
2022-10-10 00:00:00,6896,6986
2022-10-11 00:00:00,4600,4662
2022-11-01 00:00:00,2862,2926
2022-11-02 00:00:00,6694,7030
2022-11-03 00:00:00,6846,6978
2022-11-04 00:00:00,6812,6764
2022-11-05 00:00:00,6630,6576
2022-11-06 00:00:00,6388,6502
2022-11-07 00:00:00,6386,6740
2022-11-08 00:00:00,6788,6744
2022-11-09 00:00:00,6852,7004
2022-11-10 00:00:00,6854,7004
2022-11-11 00:00:00,6824,6968
2022-11-12 00:00:00,6872,6824
2022-11-13 00:00:00,6800,6996
2022-11-14 00:00:00,6816,7000
2022-11-15 00:00:00,6796,6974
2022-11-16 00:00:00,6796,6956
2022-11-17 00:00:00,6824,6972
2022-11-18 00:00:00,6804,6946
2022-11-19 00:00:00,6600,6944
2022-11-20 00:00:00,6832,6948
2022-11-21 00:00:00,6850,6984
2022-11-22 00:00:00,6640,6936
2022-11-23 00:00:00,6818,6940
2022-11-24 00:00:00,6808,6928
2022-11-25 00:00:00,6832,6948
2022-11-26 00:00:00,6668,6944
2022-11-27 00:00:00,6892,6996
2022-11-28 00:00:00,6868,6992
2022-11-29 00:00:00,6820,6964
2022-11-30 00:00:00,6836,6784
2022-12-01 00:00:00,6668,6640
2022-12-02 00:00:00,6588,6644
2022-12-03 00:00:00,6272,6500
2022-12-04 00:00:00,6890,6860
2022-12-05 00:00:00,6862,7032
2022-12-06 00:00:00,6864,7042
2022-12-07 00:00:00,6864,6984
2022-12-08 00:00:00,6838,7006
2022-12-09 00:00:00,6818,6802
2022-12-10 00:00:00,6800,6788
2022-12-11 00:00:00,6784,6974
2022-12-12 00:00:00,6796,5692
2022-12-13 00:00:00,6612,6748
2022-12-14 00:00:00,6804,6898
2022-12-15 00:00:00,6800,6942
2022-12-16 00:00:00,5680,6716
2022-12-17 00:00:00,6748,6926
2022-12-18 00:00:00,6756,6702
2022-12-19 00:00:00,6596,6698
2022-12-20 00:00:00,6780,6950
2022-12-21 00:00:00,6788,6952
2022-12-22 00:00:00,6650,6560
2022-12-23 00:00:00,6756,6928
2022-12-24 00:00:00,6538,6762
2022-12-25 00:00:00,6808,6968
2022-12-26 00:00:00,6804,6988
2022-12-27 00:00:00,6782,6960
2022-12-28 00:00:00,6786,6946
2022-12-29 00:00:00,6780,6950
2022-12-30 00:00:00,6188,6348
