Date,Degree Day Cool 5
09/11/2016,0
10/11/2016,0.1
11/11/2016,1.26
12/11/2016,2.53
13/11/2016,1.77
14/11/2016,6.43
15/11/2016,4.66
16/11/2016,1.74
17/11/2016,0
18/11/2016,0
19/11/2016,0
20/11/2016,0
21/11/2016,0
22/11/2016,0.45
23/11/2016,0.22
24/11/2016,0.98
25/11/2016,0.03
26/11/2016,1.33
27/11/2016,1.54
28/11/2016,0.77
29/11/2016,0
30/11/2016,1.15
01/12/2016,2.29
02/12/2016,1.53
03/12/2016,0.82
04/12/2016,0.65
05/12/2016,0.13
06/12/2016,0.02
07/12/2016,6.32
08/12/2016,5.17
09/12/2016,5.77
10/12/2016,3.74
11/12/2016,2.25
12/12/2016,0.87
13/12/2016,2.16
14/12/2016,3.16
15/12/2016,2.14
16/12/2016,1.88
17/12/2016,0
18/12/2016,0
19/12/2016,0
20/12/2016,0
21/12/2016,0
22/12/2016,0
23/12/2016,0
24/12/2016,0
25/12/2016,0
26/12/2016,0
27/12/2016,0
28/12/2016,0
29/12/2016,0
30/12/2016,0
31/12/2016,0
01/01/2017,0
02/01/2017,0
03/01/2017,0
04/01/2017,0
05/01/2017,0
06/01/2017,0
07/01/2017,0
08/01/2017,0
09/01/2017,0
10/01/2017,0
11/01/2017,0
12/01/2017,0
13/01/2017,0
14/01/2017,0
15/01/2017,0
16/01/2017,0.49
17/01/2017,0.52
18/01/2017,0.64
19/01/2017,1.35
20/01/2017,0.61
21/01/2017,0
22/01/2017,0
23/01/2017,0.13
24/01/2017,2.04
25/01/2017,0.92
26/01/2017,0
27/01/2017,0
28/01/2017,0
29/01/2017,0.83
30/01/2017,0
31/01/2017,0
01/02/2017,1.88
02/02/2017,1.32
03/02/2017,1.4
04/02/2017,0.43
05/02/2017,0.5
06/02/2017,0.07
07/02/2017,0.8
08/02/2017,0.01
09/02/2017,0
10/02/2017,0
11/02/2017,0
12/02/2017,0
13/02/2017,0.45
14/02/2017,1.18
15/02/2017,2.58
16/02/2017,1.89
17/02/2017,3.08
18/02/2017,3.73
19/02/2017,3.09
20/02/2017,4.61
21/02/2017,2.83
22/02/2017,1.39
23/02/2017,0.21
24/02/2017,0.48
25/02/2017,2.86
26/02/2017,2.09
27/02/2017,0.98
28/02/2017,0.47
01/03/2017,0.37
02/03/2017,0.31
03/03/2017,1.17
04/03/2017,2.61
05/03/2017,1.95
06/03/2017,1.38
07/03/2017,1.39
08/03/2017,2.17
09/03/2017,2.39
10/03/2017,3.59
11/03/2017,4.97
12/03/2017,3.9
13/03/2017,2.85
14/03/2017,4.8
15/03/2017,3.13
16/03/2017,2.72
17/03/2017,1.3
18/03/2017,4.69
19/03/2017,4.28
20/03/2017,2.24
21/03/2017,0.08
22/03/2017,0.12
23/03/2017,1.86
24/03/2017,2.92
25/03/2017,3.93
26/03/2017,3.12
27/03/2017,3
28/03/2017,4.12
29/03/2017,4.93
30/03/2017,8.51
31/03/2017,7.36
01/04/2017,6.44
02/04/2017,4.92
03/04/2017,4.67
04/04/2017,4.8
05/04/2017,4.08
06/04/2017,2.94
07/04/2017,3.87
08/04/2017,4.97
09/04/2017,5.06
10/04/2017,3.18
11/04/2017,2.74
12/04/2017,3.9
13/04/2017,2.62
14/04/2017,3.84
15/04/2017,1.87
16/04/2017,1.15
17/04/2017,2.78
18/04/2017,3.41
19/04/2017,3.34
20/04/2017,6.56
21/04/2017,5.98
22/04/2017,4.77
23/04/2017,3.87
24/04/2017,2.11
25/04/2017,0.61
26/04/2017,1.49
27/04/2017,3.09
28/04/2017,4.08
29/04/2017,6.82
30/04/2017,7.39
01/05/2017,6.08
02/05/2017,6.18
03/05/2017,4.82
04/05/2017,5.03
05/05/2017,5.89
06/05/2017,5.42
07/05/2017,3.92
08/05/2017,3.52
09/05/2017,7.15
10/05/2017,6.56
11/05/2017,7.6
12/05/2017,7.39
13/05/2017,7.83
14/05/2017,8.17
15/05/2017,7.38
16/05/2017,10.93
17/05/2017,7.35
18/05/2017,6.52
19/05/2017,35.66
20/05/2017,6.14
21/05/2017,8.79
22/05/2017,10.63
23/05/2017,9.03
24/05/2017,13.68
25/05/2017,16.08
26/05/2017,16.45
27/05/2017,12.17
28/05/2017,11.51
29/05/2017,7.02
30/05/2017,9.94
31/05/2017,10.39
01/06/2017,12.19
02/06/2017,11.62
03/06/2017,9.46
04/06/2017,8.37
05/06/2017,7.02
06/06/2017,37.29
07/06/2017,6.91
08/06/2017,9.15
09/06/2017,9.58
10/06/2017,10.86
11/06/2017,9.76
12/06/2017,8.12
13/06/2017,9.69
14/06/2017,14.98
15/06/2017,10.17
16/06/2017,9.3
17/06/2017,15.24
18/06/2017,16.38
19/06/2017,17.25
20/06/2017,13.2
21/06/2017,15.72
22/06/2017,14.63
23/06/2017,9.75
24/06/2017,9.17
25/06/2017,9.11
26/06/2017,9.02
27/06/2017,6.54
28/06/2017,5.23
29/06/2017,6.88
30/06/2017,9.08
01/07/2017,9.42
02/07/2017,9.33
03/07/2017,10.89
04/07/2017,7.79
05/07/2017,8.16
06/07/2017,13.42
07/07/2017,11.62
08/07/2017,9.63
09/07/2017,10.62
10/07/2017,10.17
11/07/2017,8.24
12/07/2017,10.79
13/07/2017,10.09
14/07/2017,9.15
15/07/2017,10.84
16/07/2017,12.17
17/07/2017,13
18/07/2017,14.42
19/07/2017,11.8
20/07/2017,10.16
21/07/2017,10.34
22/07/2017,12.87
23/07/2017,8.29
24/07/2017,10.11
25/07/2017,11.27
26/07/2017,3.12
27/07/2017,0
28/07/2017,0
29/07/2017,0
30/07/2017,0
31/07/2017,3.85
01/08/2017,10.33
02/08/2017,10.94
03/08/2017,9.74
04/08/2017,10.56
05/08/2017,8.63
06/08/2017,6.67
07/08/2017,9.41
08/08/2017,7.18
09/08/2017,9.1
10/08/2017,8.46
11/08/2017,8.85
12/08/2017,9.29
13/08/2017,8.63
14/08/2017,11.29
15/08/2017,10.22
16/08/2017,10.5
17/08/2017,11.91
18/08/2017,8.61
19/08/2017,8.07
20/08/2017,9.03
21/08/2017,9.81
22/08/2017,13.99
23/08/2017,12.42
24/08/2017,10.07
25/08/2017,10.76
26/08/2017,10.36
27/08/2017,10.08
28/08/2017,10.97
29/08/2017,9.15
30/08/2017,7.81
31/08/2017,7.67
01/09/2017,7.54
02/09/2017,7.16
03/09/2017,7.59
04/09/2017,11.45
05/09/2017,9.72
06/09/2017,7.39
07/09/2017,8.22
08/09/2017,7.24
09/09/2017,7.25
10/09/2017,6.55
11/09/2017,6.33
12/09/2017,6.44
13/09/2017,4.4
14/09/2017,5.17
15/09/2017,6.35
16/09/2017,5
17/09/2017,6.03
18/09/2017,4.96
19/09/2017,3.93
20/09/2017,8.56
21/09/2017,8.93
22/09/2017,4.58
23/09/2017,8.33
24/09/2017,9.67
25/09/2017,9.42
26/09/2017,10.07
27/09/2017,9.76
28/09/2017,8.72
29/09/2017,7.16
30/09/2017,5.07
01/10/2017,6.72
02/10/2017,5.89
03/10/2017,4.98
04/10/2017,5.16
05/10/2017,4.84
06/10/2017,3.82
07/10/2017,7.08
08/10/2017,7.26
09/10/2017,7.34
10/10/2017,7.78
11/10/2017,6.83
12/10/2017,5.29
13/10/2017,10.47
14/10/2017,9.87
15/10/2017,8.81
16/10/2017,8.2
17/10/2017,5.48
18/10/2017,4.75
19/10/2017,6.61
20/10/2017,7.09
21/10/2017,5.39
22/10/2017,3.82
23/10/2017,6.23
24/10/2017,7.47
25/10/2017,5.28
26/10/2017,5.22
27/10/2017,2.39
28/10/2017,5.61
29/10/2017,2.79
30/10/2017,1.36
31/10/2017,5.96
01/11/2017,5.7
02/11/2017,2.85
03/11/2017,2.69
04/11/2017,2.45
05/11/2017,0.59
06/11/2017,2.22
07/11/2017,3.27
08/11/2017,0.98
09/11/2017,3.88
10/11/2017,1.14
11/11/2017,0.61
12/11/2017,0
13/11/2017,0.33
14/11/2017,4.59
15/11/2017,1.61
16/11/2017,2.36
17/11/2017,0.38
18/11/2017,0.65
19/11/2017,0.08
20/11/2017,2.58
21/11/2017,5.17
22/11/2017,5.72
23/11/2017,0.41
24/11/2017,0
25/11/2017,0
26/11/2017,0.08
27/11/2017,0.43
28/11/2017,0.01
29/11/2017,0
30/11/2017,0
01/12/2017,0
02/12/2017,0.71
03/12/2017,1.72
04/12/2017,1.45
05/12/2017,1.13
06/12/2017,3.55
07/12/2017,1.96
08/12/2017,0
09/12/2017,0
10/12/2017,0
11/12/2017,0
12/12/2017,0
13/12/2017,0.03
14/12/2017,0
15/12/2017,0
16/12/2017,0
17/12/2017,0.6
18/12/2017,0.14
19/12/2017,2.52
20/12/2017,4.29
21/12/2017,3.4
22/12/2017,3.44
23/12/2017,3.11
24/12/2017,4.18
25/12/2017,3.23
26/12/2017,0
27/12/2017,0
28/12/2017,0
29/12/2017,0
30/12/2017,0
31/12/2017,1.08
01/01/2018,0.32
02/01/2018,0.35
03/01/2018,0.37
04/01/2018,0.27
05/01/2018,0.15
06/01/2018,0
07/01/2018,0
08/01/2018,0
09/01/2018,0
10/01/2018,0.3
11/01/2018,0.63
12/01/2018,1.06
13/01/2018,0.78
14/01/2018,0.03
15/01/2018,0.85
16/01/2018,0
17/01/2018,0
18/01/2018,0
19/01/2018,0
20/01/2018,0
21/01/2018,0
22/01/2018,0.13
23/01/2018,2.89
24/01/2018,1.4
25/01/2018,0.82
26/01/2018,0.37
27/01/2018,2.39
28/01/2018,3.66
29/01/2018,1.31
30/01/2018,0.07
31/01/2018,0
01/02/2018,0
02/02/2018,0.13
03/02/2018,0
04/02/2018,0
05/02/2018,0
06/02/2018,0
07/02/2018,0
08/02/2018,0.97
09/02/2018,0
10/02/2018,1.36
11/02/2018,0.03
12/02/2018,0
13/02/2018,0
14/02/2018,0
15/02/2018,0
16/02/2018,0.51
17/02/2018,0.52
18/02/2018,1.19
19/02/2018,3.36
20/02/2018,1.45
21/02/2018,0.69
22/02/2018,0.55
23/02/2018,0.45
24/02/2018,0.45
25/02/2018,0.11
26/02/2018,0
27/02/2018,0
28/02/2018,0
01/03/2018,0
02/03/2018,0
03/03/2018,0
04/03/2018,0.53
05/03/2018,0.04
06/03/2018,0
07/03/2018,0.64
08/03/2018,0.71
09/03/2018,1.1
10/03/2018,1.41
11/03/2018,3.28
12/03/2018,0.41
13/03/2018,1.51
14/03/2018,0
15/03/2018,0
16/03/2018,0
17/03/2018,0
18/03/2018,0
19/03/2018,0
20/03/2018,0.55
21/03/2018,0.29
22/03/2018,1.9
23/03/2018,1.8
24/03/2018,2.07
25/03/2018,1.5
26/03/2018,1.81
27/03/2018,1.97
28/03/2018,1.04
29/03/2018,1.65
30/03/2018,1.26
31/03/2018,0
01/04/2018,0.82
02/04/2018,0
03/04/2018,2.7
04/04/2018,1.6
05/04/2018,1.43
06/04/2018,4.17
07/04/2018,2.95
08/04/2018,4.85
09/04/2018,4.46
10/04/2018,0.55
11/04/2018,0.82
12/04/2018,0.25
13/04/2018,2.54
14/04/2018,6.01
15/04/2018,4.56
16/04/2018,5.58
17/04/2018,7.38
18/04/2018,10.94
19/04/2018,11.21
20/04/2018,7.5
21/04/2018,7.41
22/04/2018,6.26
23/04/2018,4.38
24/04/2018,3.48
25/04/2018,2.74
26/04/2018,2.71
27/04/2018,4.87
28/04/2018,3.16
29/04/2018,3.08
30/04/2018,2.44
01/05/2018,3.26
02/05/2018,4.28
03/05/2018,3.55
04/05/2018,8.38
05/05/2018,9.69
06/05/2018,12.01
07/05/2018,13.71
08/05/2018,8.23
09/05/2018,5.64
10/05/2018,5.63
11/05/2018,7.52
12/05/2018,8.31
13/05/2018,8.31
14/05/2018,8.48
15/05/2018,9.07
16/05/2018,7.47
17/05/2018,7.34
18/05/2018,8.46
19/05/2018,9.94
20/05/2018,11.33
21/05/2018,11.09
22/05/2018,6.11
23/05/2018,8.06
24/05/2018,10.02
25/05/2018,6.69
26/05/2018,11.95
27/05/2018,13.46
28/05/2018,14.06
29/05/2018,10.04
30/05/2018,9.23
31/05/2018,15.2
01/06/2018,14.65
02/06/2018,9.93
03/06/2018,10.9
04/06/2018,8.87
05/06/2018,10.53
06/06/2018,9.02
07/06/2018,11.2
08/06/2018,10.86
09/06/2018,11.2
10/06/2018,11.65
11/06/2018,10.38
12/06/2018,11.14
13/06/2018,8.47
14/06/2018,9.93
15/06/2018,7.36
16/06/2018,7.96
17/06/2018,8.83
18/06/2018,9.4
19/06/2018,8.77
20/06/2018,11.04
21/06/2018,8.17
22/06/2018,10.03
23/06/2018,9.32
24/06/2018,13.26
25/06/2018,7.35
26/06/2018,0
27/06/2018,0
28/06/2018,0
29/06/2018,0
30/06/2018,0
01/07/2018,0
02/07/2018,0
03/07/2018,11.13
04/07/2018,2.15
05/07/2018,10.47
06/07/2018,14.22
07/07/2018,16.09
08/07/2018,17.58
09/07/2018,12.87
10/07/2018,13.98
11/07/2018,12.47
12/07/2018,13.96
13/07/2018,14.38
14/07/2018,14.61
15/07/2018,14.31
16/07/2018,10.46
17/07/2018,11.46
18/07/2018,11.08
19/07/2018,14.5
20/07/2018,8.61
21/07/2018,13.33
22/07/2018,15.27
23/07/2018,15.65
24/07/2018,15.86
25/07/2018,14.19
26/07/2018,15.59
27/07/2018,17.77
28/07/2018,10.48
29/07/2018,9.79
30/07/2018,12.19
31/07/2018,11.3
01/08/2018,11.96
02/08/2018,13.97
03/08/2018,14.58
04/08/2018,11.4
05/08/2018,13.02
06/08/2018,12.56
07/08/2018,12.3
08/08/2018,9.91
09/08/2018,8.98
10/08/2018,8.36
11/08/2018,9.39
12/08/2018,13.57
13/08/2018,12.43
14/08/2018,11.23
15/08/2018,12.33
16/08/2018,9.21
17/08/2018,8.38
18/08/2018,11.6
19/08/2018,12.76
20/08/2018,12.48
21/08/2018,13.56
22/08/2018,12.4
23/08/2018,6.37
24/08/2018,5.37
25/08/2018,7.19
26/08/2018,5.57
27/08/2018,8.39
28/08/2018,9.57
29/08/2018,9.16
30/08/2018,7.13
31/08/2018,8.29
01/09/2018,9.76
02/09/2018,14.75
03/09/2018,8.1
04/09/2018,8.71
05/09/2018,8.29
06/09/2018,6.55
07/09/2018,4.88
08/09/2018,7.79
09/09/2018,9.79
10/09/2018,7.51
11/09/2018,8
12/09/2018,6.56
13/09/2018,6.98
14/09/2018,7.56
15/09/2018,6.54
16/09/2018,9.53
17/09/2018,10.4
18/09/2018,10.37
19/09/2018,8.44
20/09/2018,5.25
21/09/2018,3.34
22/09/2018,3.65
23/09/2018,2.91
24/09/2018,3.42
25/09/2018,4.43
26/09/2018,9.65
27/09/2018,8.9
28/09/2018,2.99
29/09/2018,3.12
30/09/2018,3.99
01/10/2018,2.9
02/10/2018,5.99
03/10/2018,6.47
04/10/2018,8.9
05/10/2018,4.69
06/10/2018,0.38
07/10/2018,0
08/10/2018,0
09/10/2018,3.54
10/10/2018,6.01
11/10/2018,8.65
12/10/2018,7.59
13/10/2018,10.37
14/10/2018,4.71
15/10/2018,2.45
16/10/2018,6.45
17/10/2018,5.79
18/10/2018,1.66
19/10/2018,3.4
20/10/2018,7.3
21/10/2018,6.5
22/10/2018,2.42
23/10/2018,4.76
24/10/2018,5.61
25/10/2018,5.05
26/10/2018,1.04
27/10/2018,0.01
28/10/2018,0.3
29/10/2018,0.28
30/10/2018,0.51
31/10/2018,2.49
01/11/2018,1.45
02/11/2018,1.53
03/11/2018,5.56
04/11/2018,6.98
05/11/2018,4.64
06/11/2018,6.01
07/11/2018,5.33
08/11/2018,3.57
09/11/2018,3.17
10/11/2018,3.54
11/11/2018,1.62
12/11/2018,3.45
13/11/2018,3.53
14/11/2018,5.82
15/11/2018,2.07
16/11/2018,5.13
17/11/2018,2.6
18/11/2018,1.48
19/11/2018,1.48
20/11/2018,0.02
21/11/2018,0.04
22/11/2018,0.22
23/11/2018,1.14
24/11/2018,0.87
25/11/2018,0.3
26/11/2018,0.23
27/11/2018,0.42
28/11/2018,3.68
29/11/2018,3.12
30/11/2018,0.51
01/12/2018,0.96
02/12/2018,4.2
03/12/2018,1.17
04/12/2018,0.08
05/12/2018,0.01
06/12/2018,4.73
07/12/2018,2.23
08/12/2018,1.15
09/12/2018,0.19
10/12/2018,0.54
11/12/2018,0.48
12/12/2018,0.33
13/12/2018,0.33
14/12/2018,0
15/12/2018,0
16/12/2018,0.29
17/12/2018,0.79
18/12/2018,2.47
19/12/2018,0.74
20/12/2018,0.89
21/12/2018,1.1
22/12/2018,1.18
23/12/2018,1.06
24/12/2018,0.09
25/12/2018,1.75
26/12/2018,3.86
27/12/2018,2.3
28/12/2018,1.03
29/12/2018,0.64
30/12/2018,3.43
31/12/2018,3.5
01/01/2019,1.46
02/01/2019,0.01
03/01/2019,0.02
04/01/2019,0.29
05/01/2019,0.1
06/01/2019,2.2
07/01/2019,3.15
08/01/2019,0.31
09/01/2019,0
10/01/2019,1.25
11/01/2019,1.51
12/01/2019,2.61
13/01/2019,2.58
14/01/2019,0.51
15/01/2019,2.32
16/01/2019,0.93
17/01/2019,0
18/01/2019,0
19/01/2019,0
20/01/2019,0.02
21/01/2019,0.03
22/01/2019,0
23/01/2019,0
24/01/2019,0.01
25/01/2019,2.71
26/01/2019,2.25
27/01/2019,0
28/01/2019,0
29/01/2019,0
30/01/2019,0
31/01/2019,0
01/02/2019,0
02/02/2019,0
03/02/2019,0
04/02/2019,0.64
05/02/2019,0.65
06/02/2019,1.45
07/02/2019,0.08
08/02/2019,1.78
09/02/2019,0.38
10/02/2019,0.04
11/02/2019,0.66
12/02/2019,2.34
13/02/2019,2.99
14/02/2019,2.88
15/02/2019,3.29
16/02/2019,4.49
17/02/2019,3.44
18/02/2019,1.88
19/02/2019,1.29
20/02/2019,4.07
21/02/2019,4.35
22/02/2019,4.25
23/02/2019,5.57
24/02/2019,2.86
25/02/2019,2.95
26/02/2019,3.28
27/02/2019,2.72
28/02/2019,1.16
01/03/2019,2.4
02/03/2019,3.69
03/03/2019,0.9
04/03/2019,0.59
05/03/2019,0.95
06/03/2019,2.94
07/03/2019,0.67
08/03/2019,0.78
09/03/2019,0.2
10/03/2019,0
11/03/2019,0.36
12/03/2019,0.25
13/03/2019,1.23
14/03/2019,1.47
15/03/2019,1.17
16/03/2019,0.97
17/03/2019,0.38
18/03/2019,1.76
19/03/2019,3.38
20/03/2019,5.13
21/03/2019,5.47
22/03/2019,4.69
23/03/2019,1.67
24/03/2019,1.04
25/03/2019,2.13
26/03/2019,2.5
27/03/2019,2.47
28/03/2019,2.9
29/03/2019,2.28
30/03/2019,2.3
31/03/2019,2.45
01/04/2019,2.81
02/04/2019,0.94
03/04/2019,0.7
04/04/2019,2.26
05/04/2019,4.24
06/04/2019,3.09
07/04/2019,3.26
08/04/2019,2.07
09/04/2019,3.03
10/04/2019,3.06
11/04/2019,3.27
12/04/2019,2.6
13/04/2019,2.73
14/04/2019,2.03
15/04/2019,3.68
16/04/2019,5.11
17/04/2019,5.11
18/04/2019,6.94
19/04/2019,7.28
20/04/2019,10.2
21/04/2019,10.05
22/04/2019,7.73
23/04/2019,6.83
24/04/2019,6.38
25/04/2019,4.45
26/04/2019,4.03
27/04/2019,2.85
28/04/2019,5.1
29/04/2019,6.25
30/04/2019,6.7
01/05/2019,6.38
02/05/2019,4.66
03/05/2019,2.23
04/05/2019,1.7
05/05/2019,3.21
06/05/2019,1.14
07/05/2019,2.62
08/05/2019,1.29
09/05/2019,2.09
10/05/2019,5.07
11/05/2019,33.91
12/05/2019,6.62
13/05/2019,8.6
14/05/2019,11.52
15/05/2019,11.04
16/05/2019,8.48
17/05/2019,7.62
18/05/2019,6.91
19/05/2019,8.1
20/05/2019,9.92
21/05/2019,7.89
22/05/2019,6.88
23/05/2019,7.97
24/05/2019,8.4
25/05/2019,7.1
26/05/2019,8.73
27/05/2019,6.17
28/05/2019,4.79
29/05/2019,5.55
30/05/2019,9.52
31/05/2019,9.17
01/06/2019,9.95
02/06/2019,11.64
03/06/2019,8.22
04/06/2019,7.83
05/06/2019,7.84
06/06/2019,9.6
07/06/2019,6.35
08/06/2019,4.63
09/06/2019,8.39
10/06/2019,7.79
11/06/2019,5.13
12/06/2019,4.93
13/06/2019,4.42
14/06/2019,7.42
15/06/2019,8.46
16/06/2019,8.2
17/06/2019,10.4
18/06/2019,10.02
19/06/2019,10.82
20/06/2019,8.17
21/06/2019,9.09
22/06/2019,10.63
23/06/2019,10.89
24/06/2019,5.73
25/06/2019,4.63
26/06/2019,10.88
27/06/2019,11.7
28/06/2019,13.91
29/06/2019,15.64
30/06/2019,11.36
01/07/2019,10.94
02/07/2019,2.96
03/07/2019,0
04/07/2019,6.2
05/07/2019,11.16
06/07/2019,13.27
07/07/2019,10.82
08/07/2019,1.67
09/07/2019,3.51
10/07/2019,12.14
11/07/2019,13.33
12/07/2019,12.9
13/07/2019,13.41
14/07/2019,13.76
15/07/2019,12.44
16/07/2019,12.79
17/07/2019,11.65
18/07/2019,11.65
19/07/2019,11.72
20/07/2019,12.78
21/07/2019,10.64
22/07/2019,13.31
23/07/2019,19.87
24/07/2019,16.83
25/07/2019,19.25
26/07/2019,15.86
27/07/2019,9.64
28/07/2019,13.77
29/07/2019,14.43
30/07/2019,10.11
31/07/2019,11.08
01/08/2019,13.71
02/08/2019,13.92
03/08/2019,14.3
04/08/2019,14.76
05/08/2019,11.96
06/08/2019,10.5
07/08/2019,10.65
08/08/2019,12.34
09/08/2019,12.17
10/08/2019,11.61
11/08/2019,8.55
12/08/2019,8.43
13/08/2019,6.97
14/08/2019,7.31
15/08/2019,10.51
16/08/2019,10.08
17/08/2019,9.91
18/08/2019,9.08
19/08/2019,9.16
20/08/2019,8.65
21/08/2019,8.9
22/08/2019,10.2
23/08/2019,14.02
24/08/2019,14.76
25/08/2019,15.04
26/08/2019,13.92
27/08/2019,14.43
28/08/2019,10.54
29/08/2019,8.84
30/08/2019,11.2
31/08/2019,10
01/09/2019,6.18
02/09/2019,7.11
03/09/2019,10.51
04/09/2019,7.61
05/09/2019,5.8
06/09/2019,7.97
07/09/2019,6.41
08/09/2019,5.45
09/09/2019,6.28
10/09/2019,6.11
11/09/2019,9.59
12/09/2019,9.48
13/09/2019,6.71
14/09/2019,6.12
15/09/2019,7.59
16/09/2019,5.47
17/09/2019,5.85
18/09/2019,6.25
19/09/2019,8.08
20/09/2019,8.57
21/09/2019,6.52
22/09/2019,8.35
23/09/2019,9.96
24/09/2019,8.76
25/09/2019,9.53
26/09/2019,8.05
27/09/2019,5.94
28/09/2019,6.82
29/09/2019,5.41
30/09/2019,6.44
01/10/2019,3.07
02/10/2019,2.13
03/10/2019,2.98
04/10/2019,4.85
05/10/2019,7.06
06/10/2019,4.98
07/10/2019,6.1
08/10/2019,5.69
09/10/2019,4.38
10/10/2019,5.36
11/10/2019,5.83
12/10/2019,4.86
13/10/2019,3.3
14/10/2019,4.2
15/10/2019,5.2
16/10/2019,4.86
17/10/2019,3.09
18/10/2019,3.88
19/10/2019,3.15
20/10/2019,2.34
21/10/2019,3.09
22/10/2019,3.03
23/10/2019,5.29
24/10/2019,4.8
25/10/2019,0.67
26/10/2019,0.17
27/10/2019,1.23
28/10/2019,0.49
29/10/2019,1.26
30/10/2019,1.27
31/10/2019,2.05
01/11/2019,3.86
02/11/2019,4.86
03/11/2019,2.36
04/11/2019,3.24
05/11/2019,1.56
06/11/2019,0.69
07/11/2019,0.67
08/11/2019,0.12
09/11/2019,0.29
10/11/2019,0.92
11/11/2019,0.02
12/11/2019,0.25
13/11/2019,0.45
14/11/2019,0
15/11/2019,0.53
16/11/2019,1.93
17/11/2019,0.55
18/11/2019,0.47
19/11/2019,0
20/11/2019,0.34
21/11/2019,0.63
22/11/2019,1.44
23/11/2019,2.61
24/11/2019,3.48
25/11/2019,3.57
26/11/2019,3.57
27/11/2019,1.7
28/11/2019,1.24
29/11/2019,0
30/11/2019,0
01/12/2019,0
02/12/2019,0.37
03/12/2019,0.43
04/12/2019,1.36
05/12/2019,2.32
06/12/2019,4.4
07/12/2019,2.96
08/12/2019,0.94
09/12/2019,0
10/12/2019,1.52
11/12/2019,0
12/12/2019,0
13/12/2019,0.18
14/12/2019,0
15/12/2019,0
16/12/2019,0.1
17/12/2019,0.2
18/12/2019,0.04
19/12/2019,3.17
20/12/2019,2.06
21/12/2019,0.64
22/12/2019,0.3
23/12/2019,0.58
24/12/2019,0.39
25/12/2019,0.79
26/12/2019,0.64
27/12/2019,1.9
28/12/2019,4.56
29/12/2019,3.37
30/12/2019,1.71
31/12/2019,0
01/01/2020,0.03
02/01/2020,2.04
03/01/2020,0.82
04/01/2020,1.51
05/01/2020,2.88
06/01/2020,2.13
07/01/2020,3.73
08/01/2020,1.37
09/01/2020,0
10/01/2020,0.27
11/01/2020,3.39
12/01/2020,0.35
13/01/2020,0.84
14/01/2020,0.22
15/01/2020,0.38
16/01/2020,1.6
17/01/2020,0.42
18/01/2020,0
19/01/2020,0.01
20/01/2020,0.17
21/01/2020,1.48
22/01/2020,2.48
23/01/2020,1.39
24/01/2020,1.29
25/01/2020,1.4
26/01/2020,1.33
27/01/2020,0.17
28/01/2020,0
29/01/2020,0.56
30/01/2020,2.81
31/01/2020,3.39
01/02/2020,1.53
02/02/2020,1.1
03/02/2020,0.4
04/02/2020,0.84
05/02/2020,0.31
06/02/2020,0.71
07/02/2020,0.24
08/02/2020,1.38
09/02/2020,1.72
10/02/2020,0
11/02/2020,0
12/02/2020,0
13/02/2020,0
14/02/2020,1.1
15/02/2020,2.19
16/02/2020,0.73
17/02/2020,0.52
18/02/2020,0.01
19/02/2020,0.84
20/02/2020,1.28
21/02/2020,1.27
22/02/2020,0.54
23/02/2020,0
24/02/2020,0.15
25/02/2020,0
26/02/2020,0.02
27/02/2020,0
28/02/2020,0.82
29/02/2020,1.04
01/03/2020,0.06
02/03/2020,0.07
03/03/2020,0.44
04/03/2020,1.19
05/03/2020,0.97
06/03/2020,0.99
07/03/2020,2.89
08/03/2020,1.31
09/03/2020,1.2
10/03/2020,2.65
11/03/2020,0.97
12/03/2020,0.13
13/03/2020,0.55
14/03/2020,2.7
15/03/2020,1.74
16/03/2020,1.36
17/03/2020,4.01
18/03/2020,1.63
19/03/2020,2.05
20/03/2020,1.13
21/03/2020,2.19
22/03/2020,2.17
23/03/2020,3.28
24/03/2020,4.93
25/03/2020,6.19
26/03/2020,3.53
27/03/2020,2.2
28/03/2020,0.85
29/03/2020,0.07
30/03/2020,1.79
31/03/2020,2.84
01/04/2020,2.06
02/04/2020,2.27
03/04/2020,1.52
04/04/2020,4.22
05/04/2020,6.68
06/04/2020,5.77
07/04/2020,5.47
08/04/2020,5.92
09/04/2020,4.83
10/04/2020,8.39
11/04/2020,9.45
12/04/2020,5.83
13/04/2020,2.07
14/04/2020,2.69
15/04/2020,5.55
16/04/2020,4.43
17/04/2020,5.14
18/04/2020,4.61
19/04/2020,4.8
20/04/2020,3.66
21/04/2020,4.41
22/04/2020,5.13
23/04/2020,5.78
24/04/2020,6.1
25/04/2020,6.91
26/04/2020,6.53
27/04/2020,5.33
28/04/2020,3.93
29/04/2020,2.94
30/04/2020,4.94
01/05/2020,3.71
02/05/2020,5.71
03/05/2020,4.92
04/05/2020,6.99
05/05/2020,6.09
06/05/2020,6.35
07/05/2020,7.71
08/05/2020,9.73
09/05/2020,10.41
10/05/2020,3.2
11/05/2020,3.49
12/05/2020,3.75
13/05/2020,2.61
14/05/2020,5.1
15/05/2020,4.93
16/05/2020,5.31
17/05/2020,6.6
18/05/2020,7.01
19/05/2020,9.24
20/05/2020,14.43
21/05/2020,11.2
22/05/2020,7.61
23/05/2020,5.11
24/05/2020,8.62
25/05/2020,10.17
26/05/2020,11.72
27/05/2020,10.81
28/05/2020,12.06
29/05/2020,14.48
30/05/2020,10.79
31/05/2020,11.07
01/06/2020,11.29
02/06/2020,11.24
03/06/2020,6.02
04/06/2020,5.54
05/06/2020,4.17
06/06/2020,5.71
07/06/2020,5.05
08/06/2020,6.93
09/06/2020,6.88
10/06/2020,6.43
11/06/2020,5.85
12/06/2020,5.65
13/06/2020,11.05
14/06/2020,13.55
15/06/2020,15.29
16/06/2020,14.91
17/06/2020,13.56
18/06/2020,8.59
19/06/2020,10.49
20/06/2020,13.51
21/06/2020,10.34
22/06/2020,11.46
23/06/2020,16.53
24/06/2020,18.31
25/06/2020,7.34
26/06/2020,12.13
27/06/2020,10.53
28/06/2020,6.52
29/06/2020,8.38
30/06/2020,8.56
01/07/2020,8.79
02/07/2020,7.94
03/07/2020,8.77
04/07/2020,11.38
05/07/2020,7.98
06/07/2020,8.08
07/07/2020,8.12
08/07/2020,8.37
09/07/2020,10.41
10/07/2020,8.73
11/07/2020,0
12/07/2020,0
13/07/2020,7.83
14/07/2020,9.43
15/07/2020,9.04
16/07/2020,12.69
17/07/2020,11.26
18/07/2020,13.54
19/07/2020,8.43
20/07/2020,7.89
21/07/2020,10.35
22/07/2020,9.99
23/07/2020,11.35
24/07/2020,12.08
25/07/2020,11.93
26/07/2020,10.13
27/07/2020,9.59
28/07/2020,7.76
29/07/2020,8.72
30/07/2020,11.51
31/07/2020,15.23
01/08/2020,12.27
02/08/2020,9.79
03/08/2020,9.61
04/08/2020,8.07
05/08/2020,14.03
06/08/2020,15.41
07/08/2020,15.92
08/08/2020,12.1
09/08/2020,12.59
10/08/2020,14.57
11/08/2020,16.45
12/08/2020,16.67
13/08/2020,11.67
14/08/2020,10.44
15/08/2020,11.25
16/08/2020,9.11
17/08/2020,12.82
18/08/2020,10.18
19/08/2020,12.47
20/08/2020,13.79
21/08/2020,10.63
22/08/2020,9.55
23/08/2020,8.47
24/08/2020,8.9
25/08/2020,8.49
26/08/2020,9.06
27/08/2020,8.27
28/08/2020,6.04
29/08/2020,5.22
30/08/2020,6.69
31/08/2020,6.07
01/09/2020,7.28
02/09/2020,7.15
03/09/2020,10.6
04/09/2020,7.39
05/09/2020,6.44
06/09/2020,7.48
07/09/2020,7.8
08/09/2020,12.42
09/09/2020,8.95
10/09/2020,5.16
11/09/2020,8.04
12/09/2020,7.75
13/09/2020,10.1
14/09/2020,12.66
15/09/2020,13.67
16/09/2020,8.88
17/09/2020,7.86
18/09/2020,5.53
19/09/2020,8.33
20/09/2020,8.99
21/09/2020,7
22/09/2020,9.12
23/09/2020,4.93
24/09/2020,2.75
25/09/2020,2.48
26/09/2020,2.95
27/09/2020,4.17
28/09/2020,5.04
29/09/2020,4.79
30/09/2020,5.68
01/10/2020,3.86
02/10/2020,4.29
03/10/2020,5.61
04/10/2020,5.97
05/10/2020,5.98
06/10/2020,5.51
07/10/2020,5.49
08/10/2020,3.52
09/10/2020,2.22
10/10/2020,2.8
11/10/2020,3.32
12/10/2020,3.95
13/10/2020,2.59
14/10/2020,5.12
15/10/2020,1.93
16/10/2020,4.01
17/10/2020,4.09
18/10/2020,3.31
19/10/2020,5.93
20/10/2020,7.38
21/10/2020,7.02
22/10/2020,4.18
23/10/2020,2.69
24/10/2020,3.37
25/10/2020,2.27
26/10/2020,2.73
27/10/2020,2.41
28/10/2020,2.19
29/10/2020,4.45
30/10/2020,5.36
31/10/2020,4.17
01/11/2020,4.74
02/11/2020,2.44
03/11/2020,0.41
04/11/2020,1.71
05/11/2020,3.57
06/11/2020,1.61
07/11/2020,0.95
08/11/2020,3.21
09/11/2020,6.64
10/11/2020,6.84
11/11/2020,5.67
12/11/2020,3.29
13/11/2020,3.23
14/11/2020,3.86
15/11/2020,2.75
16/11/2020,3.83
17/11/2020,7.08
18/11/2020,4.89
19/11/2020,0.25
20/11/2020,2.8
21/11/2020,3.96
22/11/2020,0.58
23/11/2020,2.01
24/11/2020,5.23
25/11/2020,1.84
26/11/2020,1.41
27/11/2020,0.69
28/11/2020,44.24
29/11/2020,2.59
30/11/2020,1.91
01/12/2020,0.24
02/12/2020,0.79
03/12/2020,0
04/12/2020,0.02
05/12/2020,0.11
06/12/2020,0.35
07/12/2020,0.03
08/12/2020,0.56
09/12/2020,0.68
10/12/2020,0.42
11/12/2020,1.32
12/12/2020,1.43
13/12/2020,0.62
14/12/2020,2.33
15/12/2020,1.84
16/12/2020,1.38
17/12/2020,1.95
18/12/2020,6.27
19/12/2020,2.97
20/12/2020,0.95
21/12/2020,0.51
22/12/2020,0.16
23/12/2020,0
24/12/2020,0
25/12/2020,0
26/12/2020,0.66
27/12/2020,0
28/12/2020,0
29/12/2020,0
30/12/2020,0
31/12/2020,0
01/01/2021,0
02/01/2021,0
03/01/2021,0
04/01/2021,0
05/01/2021,0
06/01/2021,0
07/01/2021,0
08/01/2021,0
09/01/2021,0
10/01/2021,0.01
11/01/2021,1.06
12/01/2021,0.02
13/01/2021,0
14/01/2021,0
15/01/2021,0
16/01/2021,0.08
17/01/2021,0.03
18/01/2021,0.26
19/01/2021,1.65
20/01/2021,2.44
21/01/2021,0
22/01/2021,0
23/01/2021,0
24/01/2021,0
25/01/2021,0
26/01/2021,0.05
27/01/2021,0.87
28/01/2021,0
29/01/2021,0.59
30/01/2021,0.01
31/01/2021,0
01/02/2021,0.22
02/02/2021,0
03/02/2021,0
04/02/2021,0.24
05/02/2021,0.86
06/02/2021,0.04
07/02/2021,0
08/02/2021,0
09/02/2021,0
10/02/2021,0
11/02/2021,0
12/02/2021,0
13/02/2021,0
14/02/2021,0
15/02/2021,2.03
16/02/2021,2.79
17/02/2021,2.09
18/02/2021,1.72
19/02/2021,2.63
20/02/2021,5.05
21/02/2021,3.33
22/02/2021,1.97
23/02/2021,3.23
24/02/2021,4.27
25/02/2021,1.22
26/02/2021,0.97
27/02/2021,1.77
28/02/2021,1.81
01/03/2021,1.52
02/03/2021,0.46
03/03/2021,0
04/03/2021,0.17
05/03/2021,0.48
06/03/2021,0.18
07/03/2021,1.19
08/03/2021,1.44
09/03/2021,2.44
10/03/2021,2.41
11/03/2021,0.5
12/03/2021,0.08
13/03/2021,0.16
14/03/2021,0.61
15/03/2021,2.37
16/03/2021,4.71
17/03/2021,2.52
18/03/2021,4.7
19/03/2021,2.61
20/03/2021,3.67
21/03/2021,3.86
22/03/2021,1.41
23/03/2021,2.59
24/03/2021,2.7
25/03/2021,3.11
26/03/2021,1.5
27/03/2021,0
28/03/2021,0
29/03/2021,3.73
30/03/2021,6.11
31/03/2021,7.51
01/04/2021,2.11
02/04/2021,1.81
03/04/2021,2.77
04/04/2021,2.05
05/04/2021,0.33
06/04/2021,0.22
07/04/2021,0.41
08/04/2021,1.46
09/04/2021,1.3
10/04/2021,1.33
11/04/2021,0.16
12/04/2021,1.38
13/04/2021,2.23
14/04/2021,3.18
15/04/2021,3.08
16/04/2021,3.9
17/04/2021,4.65
18/04/2021,5.2
19/04/2021,5.69
20/04/2021,5.27
21/04/2021,5.17
22/04/2021,5.38
23/04/2021,6.43
24/04/2021,4.74
25/04/2021,4.94
26/04/2021,4.68
27/04/2021,2.62
28/04/2021,1.89
29/04/2021,2.38
30/04/2021,1.4
01/05/2021,2.99
02/05/2021,2.8
03/05/2021,1.78
04/05/2021,0.74
05/05/2021,1.28
06/05/2021,1.25
07/05/2021,4.33
08/05/2021,2.1
09/05/2021,7.98
10/05/2021,7.38
11/05/2021,5.24
12/05/2021,5.96
13/05/2021,7.41
14/05/2021,5.19
15/05/2021,6.92
16/05/2021,6
17/05/2021,5.13
18/05/2021,5.9
19/05/2021,7.74
20/05/2021,3.48
21/05/2021,5.57
22/05/2021,3.98
23/05/2021,4.46
24/05/2021,5.52
25/05/2021,5.43
26/05/2021,5.85
27/05/2021,9.76
28/05/2021,9.41
29/05/2021,12.83
30/05/2021,11.78
31/05/2021,10.76
01/06/2021,11.78
02/06/2021,10.86
03/06/2021,11.37
04/06/2021,10.72
05/06/2021,11.05
06/06/2021,11.97
07/06/2021,14
08/06/2021,11.05
09/06/2021,12.32
10/06/2021,13.3
11/06/2021,11.77
12/06/2021,11.12
13/06/2021,13.53
14/06/2021,10.23
15/06/2021,12.23
16/06/2021,12.7
17/06/2021,13.86
18/06/2021,11.51
19/06/2021,12.55
20/06/2021,12.23
21/06/2021,8.15
22/06/2021,28.66
23/06/2021,8.18
24/06/2021,11.93
25/06/2021,5.6
26/06/2021,7.93
27/06/2021,10.91
28/06/2021,14.06
29/06/2021,13.08
30/06/2021,12.09
01/07/2021,10.57
02/07/2021,12.14
03/07/2021,11.42
04/07/2021,13.07
05/07/2021,12.38
06/07/2021,8.57
07/07/2021,10.84
08/07/2021,11.59
09/07/2021,12.55
10/07/2021,13.26
11/07/2021,13.85
12/07/2021,10.79
13/07/2021,13.55
14/07/2021,15.75
15/07/2021,15.69
16/07/2021,15.69
17/07/2021,17.9
18/07/2021,16.69
19/07/2021,16.79
20/07/2021,16.78
21/07/2021,18.37
22/07/2021,15.55
23/07/2021,16.16
24/07/2021,13.43
25/07/2021,13.99
26/07/2021,14.14
27/07/2021,12.63
28/07/2021,10.56
29/07/2021,9.93
30/07/2021,9.81
31/07/2021,10.76
01/08/2021,9.6
02/08/2021,10.61
03/08/2021,10.41
04/08/2021,10.04
05/08/2021,12.08
06/08/2021,11.69
07/08/2021,11.31
08/08/2021,10.49
09/08/2021,10.75
10/08/2021,11.8
11/08/2021,12.05
12/08/2021,10.37
13/08/2021,10.58
14/08/2021,9.86
15/08/2021,9.62
16/08/2021,10.29
17/08/2021,10.78
18/08/2021,10.3
19/08/2021,10.81
20/08/2021,12.34
21/08/2021,11.76
22/08/2021,11.97
23/08/2021,12.64
24/08/2021,13.29
25/08/2021,12.32
26/08/2021,9.7
27/08/2021,9.28
28/08/2021,9.32
29/08/2021,8.31
30/08/2021,8.21
31/08/2021,8.07
01/09/2021,8.57
02/09/2021,10.68
03/09/2021,9.24
04/09/2021,9.44
05/09/2021,12.81
06/09/2021,12.6
07/09/2021,13.65
08/09/2021,14.4
09/09/2021,13.3
10/09/2021,13
11/09/2021,11.16
12/09/2021,8.1
13/09/2021,8.85
14/09/2021,5.74
15/09/2021,0
16/09/2021,0.85
17/09/2021,0
18/09/2021,0
19/09/2021,0
20/09/2021,5.89
21/09/2021,8.82
22/09/2021,9.61
23/09/2021,9.6
24/09/2021,11.23
25/09/2021,11.92
26/09/2021,10.7
27/09/2021,7.49
28/09/2021,4.81
29/09/2021,3.65
30/09/2021,5.88
01/10/2021,5.57
02/10/2021,3.46
03/10/2021,4.11
04/10/2021,4.05
05/10/2021,2.79
06/10/2021,4.98
07/10/2021,10.33
08/10/2021,10.48
09/10/2021,8.69
10/10/2021,6.31
11/10/2021,5.84
12/10/2021,6.5
13/10/2021,6.48
14/10/2021,6.08
15/10/2021,2.13
16/10/2021,3.99
17/10/2021,8.19
18/10/2021,9.27
19/10/2021,9.94
20/10/2021,4.5
21/10/2021,1.23
22/10/2021,1.23
23/10/2021,0
24/10/2021,0
25/10/2021,0
26/10/2021,0
27/10/2021,0
28/10/2021,5.69
29/10/2021,5.86
30/10/2021,3.07
31/10/2021,2.19
01/11/2021,2.24
02/11/2021,1.49
03/11/2021,1.48
04/11/2021,0.56
05/11/2021,2.73
06/11/2021,4.28
07/11/2021,2.33
08/11/2021,4.29
09/11/2021,7.47
10/11/2021,4.31
11/11/2021,4.06
12/11/2021,5.49
13/11/2021,5.05
14/11/2021,3.86
15/11/2021,4.36
16/11/2021,3.47
17/11/2021,2.02
18/11/2021,6.46
19/11/2021,5.76
20/11/2021,3.78
21/11/2021,0
22/11/2021,0.18
23/11/2021,0.8
24/11/2021,1.43
25/11/2021,0
26/11/2021,0.08
27/11/2021,0
28/11/2021,0
29/11/2021,0.09
30/11/2021,3.71
01/12/2021,0.34
02/12/2021,0
03/12/2021,0.75
04/12/2021,0.22
05/12/2021,0
06/12/2021,0
07/12/2021,0
08/12/2021,0
09/12/2021,0.21
10/12/2021,0
11/12/2021,1.85
12/12/2021,5.31
13/12/2021,2.71
14/12/2021,1.5
15/12/2021,3.57
16/12/2021,2.21
17/12/2021,0.19
18/12/2021,0
19/12/2021,0
20/12/2021,0.44
21/12/2021,0.02
22/12/2021,0
23/12/2021,1.05
24/12/2021,0.91
25/12/2021,0
26/12/2021,0
27/12/2021,0
28/12/2021,0
29/12/2021,0
30/12/2021,0
31/12/2021,0
01/01/2022,0
02/01/2022,0
03/01/2022,0
04/01/2022,0
05/01/2022,0
06/01/2022,0
07/01/2022,0
08/01/2022,0
09/01/2022,0
10/01/2022,0
11/01/2022,0
12/01/2022,0
13/01/2022,0
14/01/2022,0
15/01/2022,0
16/01/2022,0
17/01/2022,0.11
18/01/2022,0.67
19/01/2022,0.95
20/01/2022,0
21/01/2022,0.21
22/01/2022,0.94
23/01/2022,0.53
24/01/2022,0.19
25/01/2022,0
26/01/2022,0
27/01/2022,0
28/01/2022,0
29/01/2022,0
30/01/2022,0
31/01/2022,0
01/02/2022,1.59
02/02/2022,3.57
03/02/2022,3.04
04/02/2022,0
05/02/2022,0.17
06/02/2022,0
07/02/2022,0
08/02/2022,1.28
09/02/2022,0.97
10/02/2022,0.04
11/02/2022,0.38
12/02/2022,1.15
13/02/2022,2.32
14/02/2022,0.24
15/02/2022,0.5
16/02/2022,3.13
17/02/2022,0.25
18/02/2022,0
19/02/2022,0.01
20/02/2022,1.21
21/02/2022,1.11
22/02/2022,1.04
23/02/2022,1.42
24/02/2022,0
25/02/2022,0.56
26/02/2022,1.65
27/02/2022,0.79
28/02/2022,2.24
01/03/2022,0.79
02/03/2022,0.39
03/03/2022,0.78
04/03/2022,0.1
05/03/2022,0.36
06/03/2022,1.23
07/03/2022,1.21
08/03/2022,0
09/03/2022,0
10/03/2022,0
11/03/2022,3.89
12/03/2022,3.98
13/03/2022,4.34
14/03/2022,1.58
15/03/2022,3.69
16/03/2022,2.36
17/03/2022,2.26
18/03/2022,3.33
19/03/2022,2.88
20/03/2022,2.38
21/03/2022,2.64
22/03/2022,5.02
23/03/2022,5.42
24/03/2022,5.91
25/03/2022,7.54
26/03/2022,5.29
27/03/2022,5.24
28/03/2022,5.52
29/03/2022,2.32
30/03/2022,0
31/03/2022,0
01/04/2022,0.71
02/04/2022,1.47
03/04/2022,1.11
04/04/2022,4.66
05/04/2022,4.12
06/04/2022,2.28
07/04/2022,0.47
08/04/2022,1.23
09/04/2022,1.19
10/04/2022,3.65
11/04/2022,5.22
12/04/2022,3.52
13/04/2022,5.68
14/04/2022,7.25
15/04/2022,6.05
16/04/2022,0
17/04/2022,0
18/04/2022,0
19/04/2022,0
20/04/2022,0
21/04/2022,0
22/04/2022,0
23/04/2022,0
24/04/2022,0
25/04/2022,2.31
26/04/2022,3.42
27/04/2022,3.83
28/04/2022,4.4
29/04/2022,5.81
30/04/2022,4.1
01/05/2022,6.6
02/05/2022,6.13
03/05/2022,5.47
04/05/2022,7.39
05/05/2022,6.59
06/05/2022,0
07/05/2022,0
08/05/2022,0
09/05/2022,0
10/05/2022,0
11/05/2022,4.15
12/05/2022,4.96
13/05/2022,6.5
14/05/2022,10.03
15/05/2022,8.99
16/05/2022,8.17
17/05/2022,11.46
18/05/2022,10.69
19/05/2022,8.98
20/05/2022,7.42
21/05/2022,7.39
22/05/2022,9.65
23/05/2022,8.28
24/05/2022,6.94
25/05/2022,7.64
26/05/2022,8.26
27/05/2022,6.83
28/05/2022,7.38
29/05/2022,5.8
30/05/2022,4.82
31/05/2022,4.69
01/06/2022,6.59
02/06/2022,7.77
03/06/2022,9.79
04/06/2022,9.64
05/06/2022,6.51
06/06/2022,7.61
07/06/2022,10.11
08/06/2022,9.19
09/06/2022,9.56
10/06/2022,10.94
11/06/2022,8.64
12/06/2022,7.23
13/06/2022,7.3
14/06/2022,10.59
15/06/2022,12.09
16/06/2022,13.38
17/06/2022,13.26
18/06/2022,8.57
19/06/2022,9.94
20/06/2022,10.72
21/06/2022,11.63
22/06/2022,14.1
23/06/2022,14.4
24/06/2022,14.54
25/06/2022,12.49
26/06/2022,10.01
27/06/2022,10.13
28/06/2022,10.38
29/06/2022,10.72
30/06/2022,10.53
01/07/2022,9.16
02/07/2022,10.36
03/07/2022,9.85
04/07/2022,9.22
05/07/2022,9.99
06/07/2022,10.66
07/07/2022,13.38
08/07/2022,12.63
09/07/2022,13.99
10/07/2022,15.82
11/07/2022,15.33
12/07/2022,15.26
13/07/2022,11.34
14/07/2022,10.72
15/07/2022,11.62
16/07/2022,11.62
17/07/2022,15.93
18/07/2022,20.37
19/07/2022,21.36
20/07/2022,15.63
21/07/2022,11.53
22/07/2022,9.85
23/07/2022,11.37
24/07/2022,13.57
25/07/2022,10.94
26/07/2022,10.84
27/07/2022,10.82
28/07/2022,10.85
29/07/2022,12.29
30/07/2022,11.86
31/07/2022,12.17
01/08/2022,11.18
02/08/2022,13.45
03/08/2022,12.13
04/08/2022,10.76
05/08/2022,8.36
06/08/2022,8.87
07/08/2022,10.25
08/08/2022,12.6
09/08/2022,14.15
10/08/2022,15.43
11/08/2022,17.01
12/08/2022,16.56
13/08/2022,14.89
14/08/2022,15.18
15/08/2022,14.41
16/08/2022,11.1
17/08/2022,10.62
18/08/2022,11.11
19/08/2022,10.51
20/08/2022,10.04
21/08/2022,8.98
22/08/2022,11.25
23/08/2022,13.27
24/08/2022,12.57
25/08/2022,11.05
26/08/2022,8.98
27/08/2022,0
28/08/2022,0
29/08/2022,0
30/08/2022,0
31/08/2022,0
01/09/2022,0
02/09/2022,0
03/09/2022,0
04/09/2022,0
05/09/2022,0
06/09/2022,0
07/09/2022,0
08/09/2022,0
09/09/2022,0
10/09/2022,0
11/09/2022,0
12/09/2022,0
13/09/2022,0
14/09/2022,0
15/09/2022,3.57
16/09/2022,4.4
17/09/2022,4.7
18/09/2022,7.01
19/09/2022,7.97
20/09/2022,9.25
21/09/2022,7.81
22/09/2022,8.57
23/09/2022,5.81
24/09/2022,5.53
25/09/2022,4.92
26/09/2022,4.17
27/09/2022,2.41
28/09/2022,3.78
29/09/2022,6.22
30/09/2022,3.89
01/10/2022,5.23
02/10/2022,5.05
03/10/2022,6.46
04/10/2022,9.99
05/10/2022,6.42
06/10/2022,7
07/10/2022,6.35
08/10/2022,4.03
09/10/2022,5.83
10/10/2022,3.87
11/10/2022,2.75
12/10/2022,0
13/10/2022,0
14/10/2022,0
15/10/2022,0
16/10/2022,0
17/10/2022,0
18/10/2022,0
19/10/2022,0
20/10/2022,0
21/10/2022,0
22/10/2022,0
23/10/2022,0
24/10/2022,0
25/10/2022,0
26/10/2022,0
27/10/2022,0
28/10/2022,0
29/10/2022,0
30/10/2022,0
31/10/2022,0
01/11/2022,1.8
02/11/2022,3.42
03/11/2022,2.5
04/11/2022,1.51
05/11/2022,2.61
06/11/2022,2.43
07/11/2022,5.62
08/11/2022,4.93
09/11/2022,4.12
10/11/2022,7.82
11/11/2022,9.38
12/11/2022,6.42
13/11/2022,5.53
14/11/2022,2.22
