Date,43-21 DC69 Workshop Hourly,43-27 DC29 D Blk Base Hourly
2016-11-09 00:00:00,20,14
2016-11-10 00:00:00,71,61
2016-11-11 00:00:00,73,51
2016-11-12 00:00:00,34,26
2016-11-13 00:00:00,35,22
2016-11-14 00:00:00,77,57
2016-11-15 00:00:00,67,52
2016-11-16 00:00:00,74,48
2016-11-17 00:00:00,78,62
2016-11-18 00:00:00,77,60
2016-11-19 00:00:00,44,33
2016-11-20 00:00:00,48,37
2016-11-21 00:00:00,90,61
2016-11-22 00:00:00,75,62
2016-11-23 00:00:00,87,63
2016-11-24 00:00:00,84,68
2016-11-25 00:00:00,61,47
2016-11-26 00:00:00,45,38
2016-11-27 00:00:00,40,31
2016-11-28 00:00:00,82,65
2016-11-29 00:00:00,83,59
2016-11-30 00:00:00,86,63
2016-12-01 00:00:00,89,62
2016-12-02 00:00:00,81,58
2016-12-03 00:00:00,48,37
2016-12-04 00:00:00,50,32
2016-12-05 00:00:00,85,59
2016-12-06 00:00:00,97,62
2016-12-07 00:00:00,94,60
2016-12-08 00:00:00,90,56
2016-12-09 00:00:00,82,56
2016-12-10 00:00:00,41,31
2016-12-11 00:00:00,36,30
2016-12-12 00:00:00,85,59
2016-12-13 00:00:00,92,59
2016-12-14 00:00:00,85,52
2016-12-15 00:00:00,86,59
2016-12-16 00:00:00,30,22
2016-12-19 00:00:00,489,331
2016-12-20 00:00:00,414,234
2016-12-22 00:00:00,506.077619,86
2016-12-23 00:00:00,506.077619,84
2016-12-24 00:00:00,506.077619,41
2016-12-25 00:00:00,506.077619,41
2016-12-26 00:00:00,506.077619,58
2016-12-27 00:00:00,506.077619,51
2016-12-28 00:00:00,506.077619,56
2016-12-29 00:00:00,506.077619,58
2016-12-30 00:00:00,506.077619,56
2016-12-31 00:00:00,506.077619,47
2017-01-01 00:00:00,506.077619,56
2017-01-02 00:00:00,506.077619,54
2017-01-03 00:00:00,506.077619,93
2017-01-04 00:00:00,506.077619,144
2017-01-05 00:00:00,506.077619,116
2017-01-06 00:00:00,506.077619,49
2017-01-07 00:00:00,506.077619,22
2017-01-08 00:00:00,506.077619,23
2017-01-09 00:00:00,506.077619,64
2017-01-10 00:00:00,506.077619,65
2017-01-11 00:00:00,506.077619,52
2017-01-12 00:00:00,506.077619,50
2017-01-13 00:00:00,506.077619,52
2017-01-14 00:00:00,506.077619,26
2017-01-15 00:00:00,506.077619,21
2017-01-16 00:00:00,506.077619,247
2017-01-17 00:00:00,506.077619,119
2017-01-18 00:00:00,506.077619,95
2017-01-19 00:00:00,506.077619,483
2017-01-20 00:00:00,222,314
2017-01-21 00:00:00,329,235
2017-01-22 00:00:00,321,227
2017-01-23 00:00:00,649,457
2017-01-24 00:00:00,669,456
2017-01-25 00:00:00,352,252
2017-01-26 00:00:00,717,457
2017-01-27 00:00:00,673,398
2017-01-28 00:00:00,415,260
2017-01-29 00:00:00,246,154
2017-02-01 00:00:00,507,361
2017-02-02 00:00:00,222,132
2017-02-03 00:00:00,269,213
2017-02-04 00:00:00,283,216
2017-02-05 00:00:00,251,202
2017-02-06 00:00:00,680,430
2017-02-07 00:00:00,647,448
2017-02-08 00:00:00,667,465
2017-02-09 00:00:00,460,307
2017-02-10 00:00:00,153,109
2017-02-11 00:00:00,342,208
2017-02-12 00:00:00,305,207
2017-02-13 00:00:00,665,473
2017-02-14 00:00:00,697,444
2017-02-15 00:00:00,676,440
2017-02-16 00:00:00,648,437
2017-02-17 00:00:00,606,415
2017-02-18 00:00:00,317,233
2017-02-19 00:00:00,366,232
2017-02-20 00:00:00,655,432
2017-02-21 00:00:00,627,416
2017-02-22 00:00:00,626,424
2017-02-23 00:00:00,633,417
2017-02-24 00:00:00,618,398
2017-02-25 00:00:00,333,197
2017-02-26 00:00:00,333,176
2017-02-27 00:00:00,637,410
2017-02-28 00:00:00,687,431
2017-03-01 00:00:00,664,434
2017-03-02 00:00:00,634,435
2017-03-03 00:00:00,611,410
2017-03-04 00:00:00,350,243
2017-03-05 00:00:00,388,240
2017-03-06 00:00:00,692,421
2017-03-07 00:00:00,634,445
2017-03-08 00:00:00,634,438
2017-03-09 00:00:00,605,463
2017-03-10 00:00:00,619,439
2017-03-11 00:00:00,359,236
2017-03-12 00:00:00,348,210
2017-03-13 00:00:00,646,425
2017-03-14 00:00:00,646,441
2017-03-15 00:00:00,655,422
2017-03-16 00:00:00,678,453
2017-03-17 00:00:00,596,440
2017-03-18 00:00:00,248,254
2017-03-19 00:00:00,292,276
2017-03-20 00:00:00,636,457
2017-03-21 00:00:00,647,446
2017-03-22 00:00:00,643,462
2017-03-23 00:00:00,654,488
2017-03-24 00:00:00,584,435
2017-03-25 00:00:00,270,253
2017-03-26 00:00:00,287,210
2017-03-27 00:00:00,655,434
2017-03-28 00:00:00,695,452
2017-03-29 00:00:00,546,371
2017-03-30 00:00:00,642,457
2017-03-31 00:00:00,652,434
2017-04-01 00:00:00,361,263
2017-04-02 00:00:00,315,236
2017-04-03 00:00:00,638,442
2017-04-04 00:00:00,687,423
2017-04-05 00:00:00,694,436
2017-04-06 00:00:00,633,470
2017-04-07 00:00:00,642,454
2017-04-08 00:00:00,337,198
2017-04-09 00:00:00,340,190
2017-04-10 00:00:00,641,442
2017-04-11 00:00:00,668,460
2017-04-12 00:00:00,645,454
2017-04-13 00:00:00,597,428
2017-04-14 00:00:00,350,85
2017-04-15 00:00:00,299,52
2017-04-16 00:00:00,339,242
2017-04-17 00:00:00,321,233
2017-04-18 00:00:00,586,408
2017-04-19 00:00:00,709,443
2017-04-20 00:00:00,681,427
2017-04-21 00:00:00,643,369
2017-04-22 00:00:00,358,175
2017-04-23 00:00:00,357,159
2017-04-24 00:00:00,656,444
2017-04-25 00:00:00,673,497
2017-04-26 00:00:00,630,424
2017-04-27 00:00:00,672,536
2017-04-28 00:00:00,601,444
2017-04-29 00:00:00,334,246
2017-04-30 00:00:00,311,253
2017-05-01 00:00:00,398,251
2017-05-02 00:00:00,656,481
2017-05-03 00:00:00,681,497
2017-05-04 00:00:00,676,492
2017-05-05 00:00:00,624,458
2017-05-06 00:00:00,312,250
2017-05-07 00:00:00,324,240
2017-05-08 00:00:00,640,495
2017-05-09 00:00:00,690,484
2017-05-10 00:00:00,698,479
2017-05-11 00:00:00,713,483
2017-05-12 00:00:00,651,468
2017-05-13 00:00:00,378,289
2017-05-14 00:00:00,350,272
2017-05-15 00:00:00,637,489
2017-05-16 00:00:00,707,517
2017-05-17 00:00:00,688,478
2017-05-18 00:00:00,684,501
2017-05-19 00:00:00,615,457
2017-05-20 00:00:00,335,259
2017-05-21 00:00:00,327,268
2017-05-22 00:00:00,627,468
2017-05-23 00:00:00,677,481
2017-05-24 00:00:00,667,497
2017-05-25 00:00:00,694,510
2017-05-26 00:00:00,679,486
2017-05-27 00:00:00,284,227
2017-05-28 00:00:00,294,220
2017-05-29 00:00:00,365,263
2017-05-30 00:00:00,651,461
2017-05-31 00:00:00,675,433
2017-06-01 00:00:00,736,477
2017-06-02 00:00:00,654,444
2017-06-03 00:00:00,318,245
2017-06-04 00:00:00,319,278
2017-06-05 00:00:00,641,487
2017-06-06 00:00:00,697,496
2017-06-07 00:00:00,680,488
2017-06-08 00:00:00,662,468
2017-06-09 00:00:00,610,433
2017-06-10 00:00:00,279,220
2017-06-11 00:00:00,298,244
2017-06-12 00:00:00,631,461
2017-06-13 00:00:00,665,503
2017-06-14 00:00:00,680,505
2017-06-15 00:00:00,706,485
2017-06-16 00:00:00,521,375
2017-06-17 00:00:00,276,255
2017-06-18 00:00:00,285,262
2017-06-19 00:00:00,666,472
2017-06-20 00:00:00,670,474
2017-06-21 00:00:00,719,481
2017-06-22 00:00:00,730,521
2017-06-23 00:00:00,677,465
2017-06-24 00:00:00,264,214
2017-06-25 00:00:00,260,237
2017-06-26 00:00:00,659,456
2017-06-27 00:00:00,626,474
2017-06-28 00:00:00,682,477
2017-06-29 00:00:00,660,483
2017-06-30 00:00:00,578,423
2017-07-01 00:00:00,239,198
2017-07-02 00:00:00,229,197
2017-07-03 00:00:00,623,426
2017-07-04 00:00:00,689,447
2017-07-05 00:00:00,699,442
2017-07-06 00:00:00,664,458
2017-07-07 00:00:00,610,413
2017-07-08 00:00:00,266,194
2017-07-09 00:00:00,262,258
2017-07-10 00:00:00,632,464
2017-07-11 00:00:00,642,491
2017-07-12 00:00:00,607,495
2017-07-13 00:00:00,636,456
2017-07-14 00:00:00,610,433
2017-07-15 00:00:00,285,283
2017-07-16 00:00:00,282,304
2017-07-17 00:00:00,739,444
2017-07-18 00:00:00,707,479
2017-07-19 00:00:00,672,486
2017-07-20 00:00:00,659,495
2017-07-21 00:00:00,600,456
2017-07-22 00:00:00,284,269
2017-07-23 00:00:00,301,248
2017-07-24 00:00:00,625,462
2017-07-25 00:00:00,641,487
2017-07-26 00:00:00,133,98
2017-07-31 00:00:00,208,121
2017-08-01 00:00:00,673,460
2017-08-02 00:00:00,647,422
2017-08-03 00:00:00,732,448
2017-08-04 00:00:00,604,420
2017-08-05 00:00:00,340,178
2017-08-06 00:00:00,321,177
2017-08-07 00:00:00,673,422
2017-08-08 00:00:00,647,455
2017-08-09 00:00:00,681,457
2017-08-10 00:00:00,730,428
2017-08-11 00:00:00,666,371
2017-08-12 00:00:00,372,210
2017-08-13 00:00:00,379,196
2017-08-14 00:00:00,650,420
2017-08-15 00:00:00,639,427
2017-08-16 00:00:00,612,476
2017-08-17 00:00:00,640,486
2017-08-18 00:00:00,565,394
2017-08-19 00:00:00,278,197
2017-08-20 00:00:00,251,198
2017-08-21 00:00:00,632,417
2017-08-22 00:00:00,668,449
2017-08-23 00:00:00,655,432
2017-08-24 00:00:00,678,432
2017-08-25 00:00:00,577,400
2017-08-26 00:00:00,309,261
2017-08-27 00:00:00,330,253
2017-08-28 00:00:00,390,243
2017-08-29 00:00:00,646,406
2017-08-30 00:00:00,624,415
2017-08-31 00:00:00,603,438
2017-09-01 00:00:00,523,377
2017-09-02 00:00:00,260,202
2017-09-03 00:00:00,261,187
2017-09-04 00:00:00,590,442
2017-09-05 00:00:00,628,482
2017-09-06 00:00:00,667,463
2017-09-07 00:00:00,644,468
2017-09-08 00:00:00,594,450
2017-09-09 00:00:00,289,230
2017-09-10 00:00:00,254,240
2017-09-11 00:00:00,586,457
2017-09-12 00:00:00,618,463
2017-09-13 00:00:00,587,424
2017-09-14 00:00:00,589,434
2017-09-15 00:00:00,589,424
2017-09-16 00:00:00,316,252
2017-09-17 00:00:00,295,232
2017-09-18 00:00:00,616,446
2017-09-19 00:00:00,653,394
2017-09-20 00:00:00,636,445
2017-09-21 00:00:00,634,484
2017-09-22 00:00:00,563,429
2017-09-23 00:00:00,268,219
2017-09-24 00:00:00,278,219
2017-09-25 00:00:00,607,427
2017-09-26 00:00:00,633,443
2017-09-27 00:00:00,644,420
2017-09-28 00:00:00,650,439
2017-09-29 00:00:00,607,399
2017-09-30 00:00:00,341,189
2017-10-01 00:00:00,339,192
2017-10-02 00:00:00,614,457
2017-10-03 00:00:00,620,461
2017-10-04 00:00:00,626,441
2017-10-05 00:00:00,616,453
2017-10-06 00:00:00,539,400
2017-10-07 00:00:00,254,206
2017-10-08 00:00:00,281,225
2017-10-09 00:00:00,590,441
2017-10-10 00:00:00,606,465
2017-10-11 00:00:00,564,380
2017-10-12 00:00:00,638,449
2017-10-13 00:00:00,567,413
2017-10-14 00:00:00,295,245
2017-10-15 00:00:00,306,239
2017-10-16 00:00:00,615,451
2017-10-17 00:00:00,635,432
2017-10-18 00:00:00,634,441
2017-10-19 00:00:00,650,456
2017-10-20 00:00:00,575,427
2017-10-21 00:00:00,323,199
2017-10-22 00:00:00,289,179
2017-10-23 00:00:00,599,410
2017-10-24 00:00:00,599,453
2017-10-25 00:00:00,621,469
2017-10-26 00:00:00,630,435
2017-10-27 00:00:00,595,384
2017-10-28 00:00:00,282,172
2017-10-29 00:00:00,309,190
2017-10-30 00:00:00,609,367
2017-10-31 00:00:00,638,434
2017-11-01 00:00:00,631,446
2017-11-02 00:00:00,635,449
2017-11-03 00:00:00,573,414
2017-11-04 00:00:00,270,191
2017-11-05 00:00:00,278,149
2017-11-06 00:00:00,651,439
2017-11-07 00:00:00,646,452
2017-11-08 00:00:00,669,442
2017-11-09 00:00:00,637,466
2017-11-10 00:00:00,566,410
2017-11-11 00:00:00,341,201
2017-11-12 00:00:00,337,215
2017-11-13 00:00:00,428,291
2017-11-14 00:00:00,623,468
2017-11-15 00:00:00,647,437
2017-11-16 00:00:00,624,452
2017-11-17 00:00:00,616,401
2017-11-18 00:00:00,397,204
2017-11-19 00:00:00,392,225
2017-11-20 00:00:00,635,434
2017-11-21 00:00:00,615,473
2017-11-22 00:00:00,631,438
2017-11-23 00:00:00,654,431
2017-11-24 00:00:00,583,408
2017-11-25 00:00:00,361,225
2017-11-26 00:00:00,266,222
2017-11-27 00:00:00,618,449
2017-11-28 00:00:00,618,451
2017-11-29 00:00:00,633,439
2017-11-30 00:00:00,656,454
2017-12-01 00:00:00,615,435
2017-12-02 00:00:00,320,261
2017-12-03 00:00:00,325,224
2017-12-04 00:00:00,624,456
2017-12-05 00:00:00,658,450
2017-12-06 00:00:00,635,465
2017-12-07 00:00:00,632,462
2017-12-08 00:00:00,607,437
2017-12-09 00:00:00,326,264
2017-12-10 00:00:00,343,294
2017-12-11 00:00:00,652,463
2017-12-12 00:00:00,582,461
2017-12-13 00:00:00,636,461
2017-12-14 00:00:00,609,444
2017-12-15 00:00:00,561,411
2017-12-16 00:00:00,381,240
2017-12-17 00:00:00,413,257
2017-12-18 00:00:00,649,420
2017-12-19 00:00:00,628,407
2017-12-20 00:00:00,641,426
2017-12-21 00:00:00,622,387
2017-12-22 00:00:00,503,284
2017-12-23 00:00:00,241,177
2017-12-24 00:00:00,208,199
2017-12-25 00:00:00,208,188
2017-12-26 00:00:00,220,145
2017-12-27 00:00:00,352,188
2017-12-28 00:00:00,381,209
2017-12-29 00:00:00,333,195
2017-12-30 00:00:00,259,195
2017-12-31 00:00:00,255,177
2018-01-01 00:00:00,232,188
2018-01-02 00:00:00,607,412
2018-01-03 00:00:00,616,444
2018-01-04 00:00:00,644,435
2018-01-05 00:00:00,592,415
2018-01-06 00:00:00,318,234
2018-01-07 00:00:00,331,232
2018-01-08 00:00:00,686,445
2018-01-09 00:00:00,696,447
2018-01-10 00:00:00,671,467
2018-01-11 00:00:00,642,467
2018-01-12 00:00:00,583,412
2018-01-13 00:00:00,327,240
2018-01-14 00:00:00,244,236
2018-01-15 00:00:00,645,441
2018-01-16 00:00:00,673,446
2018-01-17 00:00:00,673,483
2018-01-18 00:00:00,643,478
2018-01-19 00:00:00,589,470
2018-01-20 00:00:00,332,254
2018-01-21 00:00:00,345,240
2018-01-22 00:00:00,633,453
2018-01-23 00:00:00,642,483
2018-01-24 00:00:00,658,481
2018-01-25 00:00:00,645,479
2018-01-26 00:00:00,585,415
2018-01-27 00:00:00,332,230
2018-01-28 00:00:00,353,218
2018-01-29 00:00:00,653,467
2018-01-30 00:00:00,645,441
2018-01-31 00:00:00,694,449
2018-02-01 00:00:00,690,434
2018-02-02 00:00:00,598,384
2018-02-03 00:00:00,318,229
2018-02-04 00:00:00,314,233
2018-02-05 00:00:00,659,445
2018-02-06 00:00:00,690,477
2018-02-07 00:00:00,708,487
2018-02-08 00:00:00,713,468
2018-02-09 00:00:00,623,434
2018-02-10 00:00:00,263,273
2018-02-11 00:00:00,248,264
2018-02-12 00:00:00,639,448
2018-02-13 00:00:00,689,456
2018-02-14 00:00:00,658,446
2018-02-15 00:00:00,636,460
2018-02-16 00:00:00,572,408
2018-02-17 00:00:00,289,263
2018-02-18 00:00:00,268,261
2018-02-19 00:00:00,612,469
2018-02-20 00:00:00,621,456
2018-02-21 00:00:00,601,493
2018-02-22 00:00:00,622,491
2018-02-23 00:00:00,596,448
2018-02-24 00:00:00,326,252
2018-02-25 00:00:00,241,233
2018-02-26 00:00:00,658,463
2018-02-27 00:00:00,650,467
2018-02-28 00:00:00,635,430
2018-03-01 00:00:00,668,395
2018-03-02 00:00:00,647,388
2018-03-03 00:00:00,395,304
2018-03-04 00:00:00,360,280
2018-03-05 00:00:00,666,475
2018-03-06 00:00:00,647,481
2018-03-07 00:00:00,641,471
2018-03-08 00:00:00,648,458
2018-03-09 00:00:00,566,440
2018-03-10 00:00:00,302,285
2018-03-11 00:00:00,260,269
2018-03-12 00:00:00,619,473
2018-03-13 00:00:00,642,469
2018-03-14 00:00:00,150,107
2018-03-19 00:00:00,419,280
2018-03-20 00:00:00,655,426
2018-03-21 00:00:00,635,422
2018-03-22 00:00:00,610,424
2018-03-23 00:00:00,578,398
2018-03-24 00:00:00,253,223
2018-03-25 00:00:00,254,220
2018-03-26 00:00:00,608,439
2018-03-27 00:00:00,607,407
2018-03-28 00:00:00,615,372
2018-03-29 00:00:00,598,385
2018-03-30 00:00:00,419,214
2018-03-31 00:00:00,452,240
2018-04-01 00:00:00,372,211
2018-04-02 00:00:00,288,204
2018-04-03 00:00:00,613,379
2018-04-04 00:00:00,635,412
2018-04-05 00:00:00,598,407
2018-04-06 00:00:00,557,386
2018-04-07 00:00:00,303,250
2018-04-08 00:00:00,335,232
2018-04-09 00:00:00,592,413
2018-04-10 00:00:00,614,394
2018-04-11 00:00:00,636,409
2018-04-12 00:00:00,611,417
2018-04-13 00:00:00,577,418
2018-04-14 00:00:00,304,216
2018-04-15 00:00:00,320,243
2018-04-16 00:00:00,594,404
2018-04-17 00:00:00,611,412
2018-04-18 00:00:00,607,380
2018-04-19 00:00:00,625,407
2018-04-20 00:00:00,586,436
2018-04-21 00:00:00,321,308
2018-04-22 00:00:00,279,261
2018-04-23 00:00:00,570,452
2018-04-24 00:00:00,592,436
2018-04-25 00:00:00,616,383
2018-04-26 00:00:00,616,374
2018-04-27 00:00:00,577,349
2018-04-28 00:00:00,286,187
2018-04-29 00:00:00,284,183
2018-04-30 00:00:00,604,367
2018-05-01 00:00:00,590,421
2018-05-02 00:00:00,557,412
2018-05-03 00:00:00,597,409
2018-05-04 00:00:00,538,396
2018-05-05 00:00:00,230,252
2018-05-06 00:00:00,250,228
2018-05-07 00:00:00,232,222
2018-05-08 00:00:00,648,412
2018-05-09 00:00:00,604,427
2018-05-10 00:00:00,610,452
2018-05-11 00:00:00,572,393
2018-05-12 00:00:00,246,189
2018-05-13 00:00:00,213,221
2018-05-14 00:00:00,585,443
2018-05-15 00:00:00,586,475
2018-05-16 00:00:00,593,433
2018-05-17 00:00:00,595,447
2018-05-18 00:00:00,544,415
2018-05-19 00:00:00,273,229
2018-05-20 00:00:00,276,259
2018-05-21 00:00:00,560,419
2018-05-22 00:00:00,605,440
2018-05-23 00:00:00,590,433
2018-05-24 00:00:00,559,434
2018-05-25 00:00:00,444,393
2018-05-26 00:00:00,228,220
2018-05-27 00:00:00,256,222
2018-05-28 00:00:00,276,282
2018-05-29 00:00:00,559,463
2018-05-30 00:00:00,617,476
2018-05-31 00:00:00,637,471
2018-06-01 00:00:00,595,430
2018-06-02 00:00:00,371,245
2018-06-03 00:00:00,350,270
2018-06-04 00:00:00,639,473
2018-06-05 00:00:00,637,471
2018-06-06 00:00:00,614,443
2018-06-07 00:00:00,606,440
2018-06-08 00:00:00,544,418
2018-06-09 00:00:00,301,244
2018-06-10 00:00:00,303,237
2018-06-11 00:00:00,634,438
2018-06-12 00:00:00,669,455
2018-06-13 00:00:00,624,441
2018-06-14 00:00:00,583,451
2018-06-15 00:00:00,546,414
2018-06-16 00:00:00,332,224
2018-06-17 00:00:00,308,265
2018-06-18 00:00:00,616,448
2018-06-19 00:00:00,623,221
2018-06-20 00:00:00,623,461
2018-06-21 00:00:00,599,462
2018-06-22 00:00:00,589,422
2018-06-23 00:00:00,292,235
2018-06-24 00:00:00,285,237
2018-06-25 00:00:00,639,450
2018-06-26 00:00:00,655,483
2018-06-27 00:00:00,715,449
2018-06-28 00:00:00,673,428
2018-06-29 00:00:00,679,462
2018-06-30 00:00:00,432,298
2018-07-01 00:00:00,424,296
2018-07-02 00:00:00,814,455
2018-07-03 00:00:00,792,452
2018-07-04 00:00:00,205,99
2018-07-05 00:00:00,571,358
2018-07-06 00:00:00,699,444
2018-07-07 00:00:00,407,237
2018-07-08 00:00:00,389,226
2018-07-09 00:00:00,757,438
2018-07-10 00:00:00,749,462
2018-07-11 00:00:00,741,436
2018-07-12 00:00:00,741,427
2018-07-13 00:00:00,678,428
2018-07-14 00:00:00,478,278
2018-07-15 00:00:00,480,273
2018-07-16 00:00:00,642,375
2018-07-17 00:00:00,683,482
2018-07-18 00:00:00,705,462
2018-07-19 00:00:00,742,466
2018-07-20 00:00:00,676,436
2018-07-21 00:00:00,348,258
2018-07-22 00:00:00,354,257
2018-07-23 00:00:00,764,445
2018-07-24 00:00:00,786,463
2018-07-25 00:00:00,729,439
2018-07-26 00:00:00,781,468
2018-07-27 00:00:00,717,450
2018-07-28 00:00:00,436,284
2018-07-29 00:00:00,408,293
2018-07-30 00:00:00,740,452
2018-07-31 00:00:00,751,434
2018-08-01 00:00:00,777,427
2018-08-02 00:00:00,731,459
2018-08-03 00:00:00,673,433
2018-08-04 00:00:00,408,248
2018-08-05 00:00:00,320,244
2018-08-06 00:00:00,691,459
2018-08-07 00:00:00,828,448
2018-08-08 00:00:00,770,449
2018-08-09 00:00:00,741,429
2018-08-10 00:00:00,685,386
2018-08-11 00:00:00,385,233
2018-08-12 00:00:00,378,251
2018-08-13 00:00:00,679,435
2018-08-14 00:00:00,654,446
2018-08-15 00:00:00,683,448
2018-08-16 00:00:00,607,401
2018-08-17 00:00:00,508,425
2018-08-18 00:00:00,282,230
2018-08-19 00:00:00,228,255
2018-08-20 00:00:00,551,419
2018-08-21 00:00:00,627,461
2018-08-22 00:00:00,613,463
2018-08-23 00:00:00,624,460
2018-08-24 00:00:00,582,409
2018-08-25 00:00:00,283,247
2018-08-26 00:00:00,267,251
2018-08-27 00:00:00,299,271
2018-08-28 00:00:00,586,431
2018-08-29 00:00:00,607,416
2018-08-30 00:00:00,596,413
2018-08-31 00:00:00,518,400
2018-09-01 00:00:00,278,249
2018-09-02 00:00:00,300,288
2018-09-03 00:00:00,586,463
2018-09-04 00:00:00,607,493
2018-09-05 00:00:00,609,466
2018-09-06 00:00:00,606,451
2018-09-07 00:00:00,555,415
2018-09-08 00:00:00,333,259
2018-09-09 00:00:00,302,244
2018-09-10 00:00:00,610,444
2018-09-11 00:00:00,658,437
2018-09-12 00:00:00,642,470
2018-09-13 00:00:00,646,463
2018-09-14 00:00:00,588,449
2018-09-15 00:00:00,312,264
2018-09-16 00:00:00,303,254
2018-09-17 00:00:00,604,438
2018-09-18 00:00:00,619,486
2018-09-19 00:00:00,623,444
2018-09-20 00:00:00,634,461
2018-09-21 00:00:00,579,401
2018-09-22 00:00:00,269,263
2018-09-23 00:00:00,277,265
2018-09-24 00:00:00,576,426
2018-09-25 00:00:00,610,418
2018-09-26 00:00:00,638,424
2018-09-27 00:00:00,614,451
2018-09-28 00:00:00,525,392
2018-09-29 00:00:00,283,233
2018-09-30 00:00:00,295,234
2018-10-01 00:00:00,590,444
2018-10-02 00:00:00,595,435
2018-10-03 00:00:00,599,446
2018-10-04 00:00:00,624,439
2018-10-05 00:00:00,590,412
2018-10-06 00:00:00,79,75
2018-10-09 00:00:00,354,215
2018-10-10 00:00:00,559,392
2018-10-11 00:00:00,635,428
2018-10-12 00:00:00,558,402
2018-10-13 00:00:00,299,244
2018-10-14 00:00:00,283,226
2018-10-15 00:00:00,594,426
2018-10-16 00:00:00,597,476
2018-10-17 00:00:00,599,468
2018-10-18 00:00:00,614,456
2018-10-19 00:00:00,569,421
2018-10-20 00:00:00,279,238
2018-10-21 00:00:00,273,236
2018-10-22 00:00:00,600,450
2018-10-23 00:00:00,469,355
2018-10-24 00:00:00,599,426
2018-10-25 00:00:00,592,415
2018-10-26 00:00:00,561,361
2018-10-27 00:00:00,244,263
2018-10-28 00:00:00,254,270
2018-10-29 00:00:00,569,442
2018-10-30 00:00:00,612,463
2018-10-31 00:00:00,610,475
2018-11-01 00:00:00,629,464
2018-11-02 00:00:00,599,428
2018-11-03 00:00:00,284,240
2018-11-04 00:00:00,335,243
2018-11-05 00:00:00,636,452
2018-11-06 00:00:00,641,459
2018-11-07 00:00:00,623,489
2018-11-08 00:00:00,604,479
2018-11-09 00:00:00,542,432
2018-11-10 00:00:00,360,230
2018-11-11 00:00:00,328,223
2018-11-12 00:00:00,617,431
2018-11-13 00:00:00,646,398
2018-11-14 00:00:00,636,414
2018-11-15 00:00:00,635,429
2018-11-16 00:00:00,574,382
2018-11-17 00:00:00,283,191
2018-11-18 00:00:00,299,182
2018-11-19 00:00:00,640,402
2018-11-20 00:00:00,650,444
2018-11-21 00:00:00,620,461
2018-11-22 00:00:00,632,429
2018-11-23 00:00:00,571,414
2018-11-24 00:00:00,282,290
2018-11-25 00:00:00,291,289
2018-11-26 00:00:00,648,437
2018-11-27 00:00:00,688,432
2018-11-28 00:00:00,648,479
2018-11-29 00:00:00,609,467
2018-11-30 00:00:00,564,419
2018-12-01 00:00:00,255,243
2018-12-02 00:00:00,283,217
2018-12-03 00:00:00,610,411
2018-12-04 00:00:00,615,434
2018-12-05 00:00:00,643,411
2018-12-06 00:00:00,668,449
2018-12-07 00:00:00,586,407
2018-12-08 00:00:00,321,276
2018-12-09 00:00:00,331,283
2018-12-10 00:00:00,624,471
2018-12-11 00:00:00,629,445
2018-12-12 00:00:00,630,416
2018-12-13 00:00:00,638,415
2018-12-14 00:00:00,567,393
2018-12-15 00:00:00,331,244
2018-12-16 00:00:00,328,240
2018-12-17 00:00:00,623,467
2018-12-18 00:00:00,648,468
2018-12-19 00:00:00,632,452
2018-12-20 00:00:00,584,387
2018-12-21 00:00:00,439,285
2018-12-22 00:00:00,189,181
2018-12-23 00:00:00,193,204
2018-12-24 00:00:00,209,205
2018-12-25 00:00:00,231,210
2018-12-26 00:00:00,229,216
2018-12-27 00:00:00,279,237
2018-12-28 00:00:00,110,92
2018-12-29 00:00:00,123,101
2018-12-30 00:00:00,169,216
2018-12-31 00:00:00,183,205
2019-01-01 00:00:00,212,225
2019-01-02 00:00:00,617,404
2019-01-03 00:00:00,695,445
2019-01-04 00:00:00,615,404
2019-01-05 00:00:00,335,230
2019-01-06 00:00:00,288,224
2019-01-07 00:00:00,669,452
2019-01-08 00:00:00,651,438
2019-01-09 00:00:00,690,423
2019-01-10 00:00:00,697,455
2019-01-11 00:00:00,624,414
2019-01-12 00:00:00,347,250
2019-01-13 00:00:00,351,237
2019-01-14 00:00:00,682,460
2019-01-15 00:00:00,676,460
2019-01-16 00:00:00,667,448
2019-01-17 00:00:00,692,467
2019-01-18 00:00:00,662,446
2019-01-19 00:00:00,353,300
2019-01-20 00:00:00,374,242
2019-01-21 00:00:00,731,456
2019-01-22 00:00:00,743,486
2019-01-23 00:00:00,689,483
2019-01-24 00:00:00,666,420
2019-01-25 00:00:00,640,394
2019-01-26 00:00:00,348,229
2019-01-27 00:00:00,333,199
2019-01-28 00:00:00,691,422
2019-01-29 00:00:00,686,439
2019-01-30 00:00:00,494,319
2019-01-31 00:00:00,414,299
2019-02-01 00:00:00,613,449
2019-02-02 00:00:00,335,302
2019-02-03 00:00:00,341,304
2019-02-04 00:00:00,665,478
2019-02-05 00:00:00,697,473
2019-02-06 00:00:00,685,455
2019-02-07 00:00:00,705,432
2019-02-08 00:00:00,630,421
2019-02-09 00:00:00,366,271
2019-02-10 00:00:00,373,276
2019-02-11 00:00:00,696,436
2019-02-12 00:00:00,701,447
2019-02-13 00:00:00,692,426
2019-02-14 00:00:00,646,461
2019-02-15 00:00:00,602,422
2019-02-16 00:00:00,309,257
2019-02-17 00:00:00,305,235
2019-02-18 00:00:00,618,438
2019-02-19 00:00:00,650,445
2019-02-20 00:00:00,645,446
2019-02-21 00:00:00,645,452
2019-02-22 00:00:00,626,386
2019-02-23 00:00:00,344,294
2019-02-24 00:00:00,341,282
2019-02-25 00:00:00,642,437
2019-02-26 00:00:00,631,439
2019-02-27 00:00:00,635,423
2019-02-28 00:00:00,674,449
2019-03-01 00:00:00,556,376
2019-03-02 00:00:00,295,233
2019-03-03 00:00:00,303,210
2019-03-04 00:00:00,635,412
2019-03-05 00:00:00,678,445
2019-03-06 00:00:00,681,416
2019-03-07 00:00:00,678,390
2019-03-08 00:00:00,583,351
2019-03-09 00:00:00,330,242
2019-03-10 00:00:00,356,236
2019-03-11 00:00:00,637,394
2019-03-12 00:00:00,659,404
2019-03-13 00:00:00,660,407
2019-03-14 00:00:00,649,390
2019-03-15 00:00:00,590,384
2019-03-16 00:00:00,294,209
2019-03-17 00:00:00,290,210
2019-03-18 00:00:00,628,372
2019-03-19 00:00:00,666,402
2019-03-20 00:00:00,714,390
2019-03-21 00:00:00,715,394
2019-03-22 00:00:00,620,373
2019-03-23 00:00:00,361,235
2019-03-24 00:00:00,366,238
2019-03-25 00:00:00,612,387
2019-03-26 00:00:00,647,373
2019-03-27 00:00:00,423,250
2019-03-28 00:00:00,638,401
2019-03-29 00:00:00,569,354
2019-03-30 00:00:00,379,186
2019-03-31 00:00:00,337,152
2019-04-01 00:00:00,647,388
2019-04-02 00:00:00,658,369
2019-04-03 00:00:00,680,376
2019-04-04 00:00:00,662,358
2019-04-05 00:00:00,584,338
2019-04-06 00:00:00,314,237
2019-04-07 00:00:00,314,244
2019-04-08 00:00:00,640,379
2019-04-09 00:00:00,681,367
2019-04-10 00:00:00,680,338
2019-04-11 00:00:00,663,384
2019-04-12 00:00:00,615,348
2019-04-13 00:00:00,346,191
2019-04-14 00:00:00,314,174
2019-04-15 00:00:00,700,346
2019-04-16 00:00:00,707,366
2019-04-17 00:00:00,636,252
2019-04-18 00:00:00,642,358
2019-04-19 00:00:00,394,273
2019-04-20 00:00:00,348,246
2019-04-21 00:00:00,364,242
2019-04-22 00:00:00,321,270
2019-04-23 00:00:00,629,356
2019-04-24 00:00:00,670,364
2019-04-25 00:00:00,649,340
2019-04-26 00:00:00,615,340
2019-04-27 00:00:00,323,237
2019-04-28 00:00:00,361,241
2019-04-29 00:00:00,654,354
2019-04-30 00:00:00,667,349
2019-05-01 00:00:00,688,347
2019-05-02 00:00:00,658,369
2019-05-03 00:00:00,580,342
2019-05-04 00:00:00,310,213
2019-05-05 00:00:00,329,227
2019-05-06 00:00:00,323,258
2019-05-07 00:00:00,635,362
2019-05-08 00:00:00,659,343
2019-05-09 00:00:00,645,370
2019-05-10 00:00:00,596,356
2019-05-11 00:00:00,294,205
2019-05-12 00:00:00,290,199
2019-05-13 00:00:00,643,360
2019-05-14 00:00:00,629,352
2019-05-15 00:00:00,629,378
2019-05-16 00:00:00,592,402
2019-05-17 00:00:00,578,382
2019-05-18 00:00:00,408,273
2019-05-19 00:00:00,399,269
2019-05-20 00:00:00,649,415
2019-05-21 00:00:00,632,428
2019-05-22 00:00:00,475,313
2019-05-23 00:00:00,279,162
2019-05-24 00:00:00,586,369
2019-05-25 00:00:00,347,276
2019-05-26 00:00:00,331,286
2019-05-27 00:00:00,277,303
2019-05-28 00:00:00,644,396
2019-05-29 00:00:00,605,405
2019-05-30 00:00:00,673,424
2019-05-31 00:00:00,593,369
2019-06-01 00:00:00,274,233
2019-06-02 00:00:00,254,240
2019-06-03 00:00:00,266,193
2019-06-04 00:00:00,617,389
2019-06-05 00:00:00,662,448
2019-06-06 00:00:00,672,460
2019-06-07 00:00:00,601,406
2019-06-08 00:00:00,323,246
2019-06-09 00:00:00,273,230
2019-06-10 00:00:00,606,388
2019-06-11 00:00:00,593,420
2019-06-12 00:00:00,595,457
2019-06-13 00:00:00,589,399
2019-06-14 00:00:00,616,395
2019-06-15 00:00:00,393,239
2019-06-16 00:00:00,339,240
2019-06-17 00:00:00,633,403
2019-06-18 00:00:00,662,405
2019-06-19 00:00:00,712,419
2019-06-20 00:00:00,693,405
2019-06-21 00:00:00,612,363
2019-06-22 00:00:00,383,265
2019-06-23 00:00:00,333,258
2019-06-24 00:00:00,427,262
2019-06-25 00:00:00,482,314
2019-06-26 00:00:00,659,409
2019-06-27 00:00:00,672,404
2019-06-28 00:00:00,612,358
2019-06-29 00:00:00,372,224
2019-06-30 00:00:00,340,221
2019-07-01 00:00:00,676,416
2019-07-02 00:00:00,268,161
2019-07-04 00:00:00,381,243
2019-07-05 00:00:00,632,403
2019-07-06 00:00:00,390,268
2019-07-07 00:00:00,346,234
2019-07-08 00:00:00,152,97
2019-07-09 00:00:00,184,117
2019-07-10 00:00:00,623,394
2019-07-11 00:00:00,667,432
2019-07-12 00:00:00,616,380
2019-07-13 00:00:00,330,272
2019-07-14 00:00:00,358,284
2019-07-15 00:00:00,677,444
2019-07-16 00:00:00,706,427
2019-07-17 00:00:00,730,445
2019-07-18 00:00:00,681,413
2019-07-19 00:00:00,602,385
2019-07-20 00:00:00,360,265
2019-07-21 00:00:00,364,271
2019-07-22 00:00:00,677,426
2019-07-23 00:00:00,713,398
2019-07-24 00:00:00,741,401
2019-07-25 00:00:00,759,440
2019-07-26 00:00:00,745,391
2019-07-27 00:00:00,447,254
2019-07-28 00:00:00,469,239
2019-07-29 00:00:00,701,426
2019-07-30 00:00:00,727,459
2019-07-31 00:00:00,730,443
2019-08-01 00:00:00,731,426
2019-08-02 00:00:00,638,418
2019-08-03 00:00:00,356,308
2019-08-04 00:00:00,380,272
2019-08-05 00:00:00,701,447
2019-08-06 00:00:00,626,442
2019-08-07 00:00:00,722,420
2019-08-08 00:00:00,738,433
2019-08-09 00:00:00,714,395
2019-08-10 00:00:00,533,284
2019-08-11 00:00:00,493,253
2019-08-12 00:00:00,695,421
2019-08-13 00:00:00,692,482
2019-08-14 00:00:00,727,438
2019-08-15 00:00:00,781,429
2019-08-16 00:00:00,702,385
2019-08-17 00:00:00,359,277
2019-08-18 00:00:00,414,262
2019-08-19 00:00:00,708,414
2019-08-20 00:00:00,724,426
2019-08-21 00:00:00,704,420
2019-08-22 00:00:00,698,435
2019-08-23 00:00:00,651,393
2019-08-24 00:00:00,597,299
2019-08-25 00:00:00,618,316
2019-08-26 00:00:00,593,354
2019-08-27 00:00:00,792,455
2019-08-28 00:00:00,716,440
2019-08-29 00:00:00,698,387
2019-08-30 00:00:00,683,399
2019-08-31 00:00:00,472,264
2019-09-01 00:00:00,401,266
2019-09-02 00:00:00,678,423
2019-09-03 00:00:00,680,445
2019-09-04 00:00:00,705,416
2019-09-05 00:00:00,705,418
2019-09-06 00:00:00,680,388
2019-09-07 00:00:00,462,266
2019-09-08 00:00:00,484,241
2019-09-09 00:00:00,703,397
2019-09-10 00:00:00,704,427
2019-09-11 00:00:00,761,446
2019-09-12 00:00:00,724,433
2019-09-13 00:00:00,682,382
2019-09-14 00:00:00,380,266
2019-09-15 00:00:00,394,292
2019-09-16 00:00:00,676,440
2019-09-17 00:00:00,695,446
2019-09-18 00:00:00,689,456
2019-09-19 00:00:00,732,445
2019-09-20 00:00:00,687,391
2019-09-21 00:00:00,449,251
2019-09-22 00:00:00,382,222
2019-09-23 00:00:00,680,426
2019-09-24 00:00:00,727,431
2019-09-25 00:00:00,692,387
2019-09-26 00:00:00,742,419
2019-09-27 00:00:00,679,383
2019-09-28 00:00:00,443,244
2019-09-29 00:00:00,441,252
2019-09-30 00:00:00,720,390
2019-10-01 00:00:00,697,453
2019-10-02 00:00:00,700,436
2019-10-03 00:00:00,718,437
2019-10-04 00:00:00,661,411
2019-10-05 00:00:00,502,257
2019-10-06 00:00:00,443,284
2019-10-07 00:00:00,696,440
2019-10-08 00:00:00,669,430
2019-10-09 00:00:00,676,418
2019-10-10 00:00:00,663,410
2019-10-11 00:00:00,673,394
2019-10-12 00:00:00,392,259
2019-10-13 00:00:00,368,258
2019-10-14 00:00:00,673,414
2019-10-15 00:00:00,632,379
2019-10-16 00:00:00,667,414
2019-10-17 00:00:00,683,420
2019-10-18 00:00:00,666,388
2019-10-19 00:00:00,443,271
2019-10-20 00:00:00,363,282
2019-10-21 00:00:00,653,449
2019-10-22 00:00:00,676,456
2019-10-23 00:00:00,693,424
2019-10-24 00:00:00,694,431
2019-10-25 00:00:00,647,442
2019-10-26 00:00:00,365,327
2019-10-27 00:00:00,350,340
2019-10-28 00:00:00,643,442
2019-10-29 00:00:00,673,433
2019-10-30 00:00:00,694,438
2019-10-31 00:00:00,731,435
2019-11-01 00:00:00,651,353
2019-11-02 00:00:00,425,279
2019-11-03 00:00:00,402,266
2019-11-04 00:00:00,673,394
2019-11-05 00:00:00,684,436
2019-11-06 00:00:00,664,390
2019-11-07 00:00:00,707,404
2019-11-08 00:00:00,683,402
2019-11-09 00:00:00,397,256
2019-11-10 00:00:00,423,231
2019-11-11 00:00:00,681,389
2019-11-12 00:00:00,699,404
2019-11-13 00:00:00,661,384
2019-11-14 00:00:00,690,432
2019-11-15 00:00:00,590,349
2019-11-16 00:00:00,414,265
2019-11-17 00:00:00,397,245
2019-11-18 00:00:00,629,371
2019-11-19 00:00:00,687,367
2019-11-20 00:00:00,762,402
2019-11-21 00:00:00,805,405
2019-11-22 00:00:00,673,370
2019-11-23 00:00:00,432,251
2019-11-24 00:00:00,425,281
2019-11-25 00:00:00,720,448
2019-11-26 00:00:00,674,440
2019-11-27 00:00:00,653,407
2019-11-28 00:00:00,675,402
2019-11-29 00:00:00,627,369
2019-11-30 00:00:00,470,286
2019-12-01 00:00:00,424,265
2019-12-02 00:00:00,685,448
2019-12-03 00:00:00,729,445
2019-12-04 00:00:00,736,456
2019-12-05 00:00:00,712,447
2019-12-06 00:00:00,685,380
2019-12-07 00:00:00,533,230
2019-12-08 00:00:00,489,249
2019-12-09 00:00:00,647,367
2019-12-10 00:00:00,689,395
2019-12-11 00:00:00,699,420
2019-12-12 00:00:00,682,446
2019-12-13 00:00:00,689,408
2019-12-14 00:00:00,511,284
2019-12-15 00:00:00,497,278
2019-12-16 00:00:00,704,378
2019-12-17 00:00:00,727,355
2019-12-18 00:00:00,723,404
2019-12-19 00:00:00,713,421
2019-12-20 00:00:00,646,370
2019-12-21 00:00:00,375,204
2019-12-22 00:00:00,389,199
2019-12-23 00:00:00,646,364
2019-12-24 00:00:00,514,286
2019-12-25 00:00:00,391,236
2019-12-26 00:00:00,342,238
2019-12-27 00:00:00,350,249
2019-12-28 00:00:00,360,217
2019-12-29 00:00:00,367,222
2019-12-30 00:00:00,364,244
2019-12-31 00:00:00,371,252
2020-01-01 00:00:00,365,262
2020-01-02 00:00:00,611,370
2020-01-03 00:00:00,602,340
2020-01-04 00:00:00,369,203
2020-01-05 00:00:00,368,201
2020-01-06 00:00:00,638,360
2020-01-07 00:00:00,699,422
2020-01-08 00:00:00,724,428
2020-01-09 00:00:00,719,428
2020-01-10 00:00:00,663,398
2020-01-11 00:00:00,540,262
2020-01-12 00:00:00,469,257
2020-01-13 00:00:00,726,433
2020-01-14 00:00:00,766,422
2020-01-15 00:00:00,725,423
2020-01-16 00:00:00,688,399
2020-01-17 00:00:00,649,385
2020-01-18 00:00:00,462,244
2020-01-19 00:00:00,504,251
2020-01-20 00:00:00,735,391
2020-01-21 00:00:00,685,369
2020-01-22 00:00:00,618,359
2020-01-23 00:00:00,702,416
2020-01-24 00:00:00,670,351
2020-01-25 00:00:00,531,254
2020-01-26 00:00:00,478,257
2020-01-27 00:00:00,709,431
2020-01-28 00:00:00,693,395
2020-01-29 00:00:00,713,423
2020-01-30 00:00:00,713,446
2020-01-31 00:00:00,635,404
2020-02-01 00:00:00,401,267
2020-02-02 00:00:00,414,262
2020-02-03 00:00:00,669,378
2020-02-04 00:00:00,692,391
2020-02-05 00:00:00,709,395
2020-02-06 00:00:00,712,416
2020-02-07 00:00:00,431,243
2020-02-08 00:00:00,386,249
2020-02-09 00:00:00,135,93
2020-02-10 00:00:00,643,433
2020-02-11 00:00:00,659,436
2020-02-12 00:00:00,674,413
2020-02-13 00:00:00,663,407
2020-02-14 00:00:00,569,354
2020-02-15 00:00:00,330,264
2020-02-16 00:00:00,311,264
2020-02-17 00:00:00,580,428
2020-02-18 00:00:00,573,400
2020-02-19 00:00:00,539,402
2020-02-20 00:00:00,568,450
2020-02-21 00:00:00,555,370
2020-02-22 00:00:00,480,209
2020-02-23 00:00:00,479,228
2020-02-24 00:00:00,592,344
2020-02-25 00:00:00,584,426
2020-02-26 00:00:00,551,426
2020-02-27 00:00:00,562,389
2020-02-28 00:00:00,560,368
2020-02-29 00:00:00,445,246
2020-03-01 00:00:00,411,200
2020-03-02 00:00:00,575,393
2020-03-03 00:00:00,560,430
2020-03-04 00:00:00,580,432
2020-03-05 00:00:00,554,456
2020-03-06 00:00:00,533,410
2020-03-07 00:00:00,393,235
2020-03-08 00:00:00,373,191
2020-03-09 00:00:00,540,405
2020-03-10 00:00:00,569,444
2020-03-11 00:00:00,561,408
2020-03-12 00:00:00,524,424
2020-03-13 00:00:00,491,293
2020-03-14 00:00:00,440,267
2020-03-15 00:00:00,480,266
2020-03-16 00:00:00,605,376
2020-03-17 00:00:00,600,349
2020-03-18 00:00:00,581,296
2020-03-19 00:00:00,595,328
2020-03-20 00:00:00,546,322
2020-03-21 00:00:00,416,229
2020-03-22 00:00:00,390,219
2020-03-23 00:00:00,481,333
2020-03-24 00:00:00,487,335
2020-03-25 00:00:00,514,323
2020-03-26 00:00:00,511,298
2020-03-27 00:00:00,529,285
2020-03-28 00:00:00,419,212
2020-03-29 00:00:00,360,218
2020-03-30 00:00:00,503,292
2020-03-31 00:00:00,480,322
2020-04-01 00:00:00,489,327
2020-04-02 00:00:00,510,342
2020-04-03 00:00:00,477,331
2020-04-04 00:00:00,380,217
2020-04-05 00:00:00,392,207
2020-04-06 00:00:00,441,306
2020-04-07 00:00:00,453,323
2020-04-08 00:00:00,498,343
2020-04-09 00:00:00,501,319
2020-04-10 00:00:00,392,265
2020-04-11 00:00:00,391,218
2020-04-12 00:00:00,396,216
2020-04-13 00:00:00,375,261
2020-04-14 00:00:00,567,329
2020-04-15 00:00:00,580,323
2020-04-16 00:00:00,570,348
2020-04-17 00:00:00,560,344
2020-04-18 00:00:00,421,272
2020-04-19 00:00:00,437,273
2020-04-20 00:00:00,600,355
2020-04-21 00:00:00,619,359
2020-04-22 00:00:00,578,347
2020-04-23 00:00:00,572,348
2020-04-24 00:00:00,551,331
2020-04-25 00:00:00,435,270
2020-04-26 00:00:00,433,260
2020-04-27 00:00:00,604,365
2020-04-28 00:00:00,549,353
2020-04-29 00:00:00,540,354
2020-04-30 00:00:00,570,351
2020-05-01 00:00:00,567,338
2020-05-02 00:00:00,430,266
2020-05-03 00:00:00,395,264
2020-05-04 00:00:00,555,367
2020-05-05 00:00:00,549,354
2020-05-06 00:00:00,515,331
2020-05-07 00:00:00,593,327
2020-05-08 00:00:00,443,263
2020-05-09 00:00:00,383,250
2020-05-10 00:00:00,420,249
2020-05-11 00:00:00,606,344
2020-05-12 00:00:00,579,332
2020-05-13 00:00:00,596,341
2020-05-14 00:00:00,588,348
2020-05-15 00:00:00,579,339
2020-05-16 00:00:00,459,253
2020-05-17 00:00:00,388,244
2020-05-18 00:00:00,621,338
2020-05-19 00:00:00,638,330
2020-05-20 00:00:00,618,314
2020-05-21 00:00:00,611,295
2020-05-22 00:00:00,563,281
2020-05-23 00:00:00,455,218
2020-05-24 00:00:00,421,206
2020-05-25 00:00:00,419,254
2020-05-26 00:00:00,553,305
2020-05-27 00:00:00,557,309
2020-05-28 00:00:00,518,317
2020-05-29 00:00:00,573,312
2020-05-30 00:00:00,456,201
2020-05-31 00:00:00,467,202
2020-06-01 00:00:00,638,333
2020-06-02 00:00:00,620,342
2020-06-03 00:00:00,608,341
2020-06-04 00:00:00,611,331
2020-06-05 00:00:00,517,331
2020-06-06 00:00:00,481,262
2020-06-07 00:00:00,407,250
2020-06-08 00:00:00,586,337
2020-06-09 00:00:00,577,341
2020-06-10 00:00:00,591,319
2020-06-11 00:00:00,565,338
2020-06-12 00:00:00,590,308
2020-06-13 00:00:00,434,210
2020-06-14 00:00:00,434,202
2020-06-15 00:00:00,609,337
2020-06-16 00:00:00,626,337
2020-06-17 00:00:00,642,323
2020-06-18 00:00:00,613,320
2020-06-19 00:00:00,570,301
2020-06-20 00:00:00,331,222
2020-06-21 00:00:00,341,232
2020-06-22 00:00:00,598,341
2020-06-23 00:00:00,641,329
2020-06-24 00:00:00,658,346
2020-06-25 00:00:00,286,159
2020-06-26 00:00:00,402,218
2020-06-27 00:00:00,347,207
2020-06-28 00:00:00,333,238
2020-06-29 00:00:00,606,333
2020-06-30 00:00:00,598,323
2020-07-01 00:00:00,628,340
2020-07-02 00:00:00,623,343
2020-07-03 00:00:00,593,304
2020-07-04 00:00:00,427,229
2020-07-05 00:00:00,399,228
2020-07-06 00:00:00,577,303
2020-07-07 00:00:00,618,357
2020-07-08 00:00:00,654,354
2020-07-09 00:00:00,649,348
2020-07-10 00:00:00,576,318
2020-07-13 00:00:00,473,227
2020-07-14 00:00:00,662,318
2020-07-15 00:00:00,638,340
2020-07-16 00:00:00,690,342
2020-07-17 00:00:00,629,334
2020-07-18 00:00:00,445,262
2020-07-19 00:00:00,413,253
2020-07-20 00:00:00,646,351
2020-07-21 00:00:00,632,356
2020-07-22 00:00:00,601,343
2020-07-23 00:00:00,610,312
2020-07-24 00:00:00,619,308
2020-07-25 00:00:00,460,255
2020-07-26 00:00:00,451,251
2020-07-27 00:00:00,676,332
2020-07-28 00:00:00,589,321
2020-07-29 00:00:00,649,306
2020-07-30 00:00:00,673,319
2020-07-31 00:00:00,597,303
2020-08-01 00:00:00,361,227
2020-08-02 00:00:00,386,261
2020-08-03 00:00:00,627,322
2020-08-04 00:00:00,593,308
2020-08-05 00:00:00,668,332
2020-08-06 00:00:00,701,314
2020-08-07 00:00:00,619,285
2020-08-08 00:00:00,443,220
2020-08-09 00:00:00,435,230
2020-08-10 00:00:00,656,324
2020-08-11 00:00:00,667,328
2020-08-12 00:00:00,706,357
2020-08-13 00:00:00,674,350
2020-08-14 00:00:00,599,372
2020-08-15 00:00:00,412,281
2020-08-16 00:00:00,386,251
2020-08-17 00:00:00,601,343
2020-08-18 00:00:00,631,336
2020-08-19 00:00:00,664,305
2020-08-20 00:00:00,642,326
2020-08-21 00:00:00,620,326
2020-08-22 00:00:00,340,285
2020-08-23 00:00:00,386,289
2020-08-24 00:00:00,576,378
2020-08-25 00:00:00,607,368
2020-08-26 00:00:00,612,370
2020-08-27 00:00:00,612,363
2020-08-28 00:00:00,541,325
2020-08-29 00:00:00,407,285
2020-08-30 00:00:00,477,290
2020-08-31 00:00:00,548,320
2020-09-01 00:00:00,633,360
2020-09-02 00:00:00,605,351
2020-09-03 00:00:00,655,373
2020-09-04 00:00:00,597,327
2020-09-05 00:00:00,400,215
2020-09-06 00:00:00,405,219
2020-09-07 00:00:00,617,354
2020-09-08 00:00:00,633,317
2020-09-09 00:00:00,598,293
2020-09-10 00:00:00,605,353
2020-09-11 00:00:00,569,323
2020-09-12 00:00:00,428,229
2020-09-13 00:00:00,435,209
2020-09-14 00:00:00,650,310
2020-09-15 00:00:00,650,376
2020-09-16 00:00:00,645,377
2020-09-17 00:00:00,653,373
2020-09-18 00:00:00,586,337
2020-09-19 00:00:00,355,223
2020-09-20 00:00:00,333,225
2020-09-21 00:00:00,570,318
2020-09-22 00:00:00,632,282
2020-09-23 00:00:00,635,306
2020-09-24 00:00:00,591,328
2020-09-25 00:00:00,525,302
2020-09-26 00:00:00,366,217
2020-09-27 00:00:00,364,222
2020-09-28 00:00:00,597,324
2020-09-29 00:00:00,623,335
2020-09-30 00:00:00,641,352
2020-10-01 00:00:00,613,320
2020-10-02 00:00:00,521,295
2020-10-03 00:00:00,331,245
2020-10-04 00:00:00,347,224
2020-10-05 00:00:00,591,312
2020-10-06 00:00:00,624,325
2020-10-07 00:00:00,582,328
2020-10-08 00:00:00,535,303
2020-10-09 00:00:00,523,277
2020-10-10 00:00:00,424,193
2020-10-11 00:00:00,424,141
2020-10-12 00:00:00,537,282
2020-10-13 00:00:00,511,311
2020-10-14 00:00:00,459,312
2020-10-15 00:00:00,452,301
2020-10-16 00:00:00,422,303
2020-10-17 00:00:00,347,218
2020-10-18 00:00:00,368,215
2020-10-19 00:00:00,470,303
2020-10-20 00:00:00,461,282
2020-10-21 00:00:00,442,288
2020-10-22 00:00:00,437,317
2020-10-23 00:00:00,425,293
2020-10-24 00:00:00,360,219
2020-10-25 00:00:00,350,220
2020-10-26 00:00:00,419,259
2020-10-27 00:00:00,459,268
2020-10-28 00:00:00,440,262
2020-10-29 00:00:00,440,320
2020-10-30 00:00:00,423,290
2020-10-31 00:00:00,369,202
2020-11-01 00:00:00,346,151
2020-11-02 00:00:00,435,290
2020-11-03 00:00:00,455,312
2020-11-04 00:00:00,453,297
2020-11-05 00:00:00,487,300
2020-11-06 00:00:00,482,294
2020-11-07 00:00:00,373,233
2020-11-08 00:00:00,351,218
2020-11-09 00:00:00,513,281
2020-11-10 00:00:00,541,269
2020-11-11 00:00:00,528,286
2020-11-12 00:00:00,404,210
2020-11-13 00:00:00,509,246
2020-11-14 00:00:00,387,135
2020-11-15 00:00:00,363,130
2020-11-16 00:00:00,534,261
2020-11-17 00:00:00,511,269
2020-11-18 00:00:00,510,266
2020-11-19 00:00:00,512,296
2020-11-20 00:00:00,523,281
2020-11-21 00:00:00,376,222
2020-11-22 00:00:00,366,226
2020-11-23 00:00:00,529,268
2020-11-24 00:00:00,515,250
2020-11-25 00:00:00,500,305
2020-11-26 00:00:00,528,284
2020-11-27 00:00:00,502,271
2020-11-28 00:00:00,397,231
2020-11-29 00:00:00,353,212
2020-11-30 00:00:00,508,293
2020-12-01 00:00:00,495,276
2020-12-02 00:00:00,526,302
2020-12-03 00:00:00,530,319
2020-12-04 00:00:00,491,304
2020-12-05 00:00:00,351,238
2020-12-06 00:00:00,338,216
2020-12-07 00:00:00,493,262
2020-12-08 00:00:00,519,295
2020-12-09 00:00:00,529,312
2020-12-10 00:00:00,528,304
2020-12-11 00:00:00,441,288
2020-12-12 00:00:00,315,239
2020-12-13 00:00:00,307,236
2020-12-14 00:00:00,507,307
2020-12-15 00:00:00,521,299
2020-12-16 00:00:00,514,290
2020-12-17 00:00:00,524,253
2020-12-18 00:00:00,462,207
2020-12-19 00:00:00,361,115
2020-12-20 00:00:00,358,113
2020-12-21 00:00:00,471,213
2020-12-22 00:00:00,450,193
2020-12-23 00:00:00,423,193
2020-12-24 00:00:00,342,186
2020-12-25 00:00:00,280,186
2020-12-26 00:00:00,275,170
2020-12-27 00:00:00,289,162
2020-12-28 00:00:00,295,192
2020-12-29 00:00:00,330,181
2020-12-30 00:00:00,309,214
2020-12-31 00:00:00,319,245
2021-01-01 00:00:00,322,162
2021-01-02 00:00:00,308,109
2021-01-03 00:00:00,296,109
2021-01-04 00:00:00,503,261
2021-01-05 00:00:00,532,302
2021-01-06 00:00:00,486,317
2021-01-07 00:00:00,508,317
2021-01-08 00:00:00,502,342
2021-01-09 00:00:00,396,267
2021-01-10 00:00:00,381,257
2021-01-11 00:00:00,531,332
2021-01-12 00:00:00,523,330
2021-01-13 00:00:00,520,292
2021-01-14 00:00:00,483,284
2021-01-15 00:00:00,470,338
2021-01-16 00:00:00,346,266
2021-01-17 00:00:00,326,259
2021-01-18 00:00:00,515,327
2021-01-19 00:00:00,522,327
2021-01-20 00:00:00,513,329
2021-01-21 00:00:00,507,316
2021-01-22 00:00:00,466,317
2021-01-23 00:00:00,353,232
2021-01-24 00:00:00,350,247
2021-01-25 00:00:00,521,316
2021-01-26 00:00:00,389,221
2021-01-27 00:00:00,347,237
2021-01-28 00:00:00,528,345
2021-01-29 00:00:00,471,304
2021-01-30 00:00:00,338,203
2021-01-31 00:00:00,366,205
2021-02-01 00:00:00,501,285
2021-02-02 00:00:00,554,313
2021-02-03 00:00:00,555,321
2021-02-04 00:00:00,537,284
2021-02-05 00:00:00,521,257
2021-02-06 00:00:00,396,192
2021-02-07 00:00:00,400,188
2021-02-08 00:00:00,565,297
2021-02-09 00:00:00,549,299
2021-02-10 00:00:00,564,332
2021-02-11 00:00:00,558,360
2021-02-12 00:00:00,517,345
2021-02-13 00:00:00,402,238
2021-02-14 00:00:00,440,231
2021-02-15 00:00:00,546,296
2021-02-16 00:00:00,534,261
2021-02-17 00:00:00,540,269
2021-02-18 00:00:00,533,263
2021-02-19 00:00:00,493,243
2021-02-20 00:00:00,361,213
2021-02-21 00:00:00,369,188
2021-02-22 00:00:00,510,279
2021-02-23 00:00:00,520,255
2021-02-24 00:00:00,541,315
2021-02-25 00:00:00,504,344
2021-02-26 00:00:00,482,286
2021-02-27 00:00:00,325,195
2021-02-28 00:00:00,350,177
2021-03-01 00:00:00,489,270
2021-03-02 00:00:00,504,329
2021-03-03 00:00:00,527,330
2021-03-04 00:00:00,528,280
2021-03-05 00:00:00,522,275
2021-03-06 00:00:00,359,245
2021-03-07 00:00:00,341,234
2021-03-08 00:00:00,523,304
2021-03-09 00:00:00,517,301
2021-03-10 00:00:00,512,248
2021-03-11 00:00:00,525,300
2021-03-12 00:00:00,505,314
2021-03-13 00:00:00,394,247
2021-03-14 00:00:00,371,253
2021-03-15 00:00:00,511,343
2021-03-16 00:00:00,526,312
2021-03-17 00:00:00,501,297
2021-03-18 00:00:00,504,315
2021-03-19 00:00:00,488,338
2021-03-20 00:00:00,359,252
2021-03-21 00:00:00,353,239
2021-03-22 00:00:00,470,287
2021-03-23 00:00:00,512,308
2021-03-24 00:00:00,507,315
2021-03-25 00:00:00,485,282
2021-03-26 00:00:00,321,175
2021-03-29 00:00:00,350,212
2021-03-30 00:00:00,507,284
2021-03-31 00:00:00,517,274
2021-04-01 00:00:00,522,283
2021-04-02 00:00:00,394,257
2021-04-03 00:00:00,389,221
2021-04-04 00:00:00,382,215
2021-04-05 00:00:00,372,221
2021-04-06 00:00:00,501,301
2021-04-07 00:00:00,515,311
2021-04-08 00:00:00,488,269
2021-04-09 00:00:00,457,282
2021-04-10 00:00:00,318,242
2021-04-11 00:00:00,303,247
2021-04-12 00:00:00,473,326
2021-04-13 00:00:00,499,299
2021-04-14 00:00:00,489,297
2021-04-15 00:00:00,501,313
2021-04-16 00:00:00,474,294
2021-04-17 00:00:00,354,171
2021-04-18 00:00:00,348,170
2021-04-19 00:00:00,493,302
2021-04-20 00:00:00,488,320
2021-04-21 00:00:00,472,331
2021-04-22 00:00:00,474,332
2021-04-23 00:00:00,452,294
2021-04-24 00:00:00,329,188
2021-04-25 00:00:00,339,232
2021-04-26 00:00:00,499,338
2021-04-27 00:00:00,508,325
2021-04-28 00:00:00,498,332
2021-04-29 00:00:00,506,309
2021-04-30 00:00:00,484,275
2021-05-01 00:00:00,355,160
2021-05-02 00:00:00,332,170
2021-05-03 00:00:00,317,202
2021-05-04 00:00:00,503,311
2021-05-05 00:00:00,519,330
2021-05-06 00:00:00,532,321
2021-05-07 00:00:00,484,303
2021-05-08 00:00:00,339,170
2021-05-09 00:00:00,329,170
2021-05-10 00:00:00,495,290
2021-05-11 00:00:00,491,296
2021-05-12 00:00:00,493,305
2021-05-13 00:00:00,509,364
2021-05-14 00:00:00,470,377
2021-05-15 00:00:00,349,293
2021-05-16 00:00:00,344,250
2021-05-17 00:00:00,488,367
2021-05-18 00:00:00,495,369
2021-05-19 00:00:00,499,379
2021-05-20 00:00:00,526,364
2021-05-21 00:00:00,487,321
2021-05-22 00:00:00,336,269
2021-05-23 00:00:00,348,284
2021-05-24 00:00:00,507,358
2021-05-25 00:00:00,525,369
2021-05-26 00:00:00,518,376
2021-05-27 00:00:00,507,370
2021-05-28 00:00:00,463,330
2021-05-29 00:00:00,329,224
2021-05-30 00:00:00,328,230
2021-05-31 00:00:00,327,159
2021-06-01 00:00:00,499,122
2021-06-02 00:00:00,485,363
2021-06-03 00:00:00,529,368
2021-06-04 00:00:00,533,319
2021-06-05 00:00:00,382,274
2021-06-06 00:00:00,353,280
2021-06-07 00:00:00,532,366
2021-06-08 00:00:00,532,395
2021-06-09 00:00:00,562,374
2021-06-10 00:00:00,568,379
2021-06-11 00:00:00,523,349
2021-06-12 00:00:00,390,231
2021-06-13 00:00:00,380,234
2021-06-14 00:00:00,519,333
2021-06-15 00:00:00,533,357
2021-06-16 00:00:00,550,350
2021-06-17 00:00:00,551,290
2021-06-18 00:00:00,511,287
2021-06-19 00:00:00,367,248
2021-06-20 00:00:00,355,220
2021-06-21 00:00:00,529,297
2021-06-22 00:00:00,563,333
2021-06-23 00:00:00,542,337
2021-06-24 00:00:00,536,303
2021-06-25 00:00:00,485,259
2021-06-26 00:00:00,342,182
2021-06-27 00:00:00,343,187
2021-06-28 00:00:00,524,322
2021-06-29 00:00:00,569,324
2021-06-30 00:00:00,567,351
2021-07-01 00:00:00,553,355
2021-07-02 00:00:00,519,336
2021-07-03 00:00:00,394,252
2021-07-04 00:00:00,399,250
2021-07-05 00:00:00,542,335
2021-07-06 00:00:00,521,350
2021-07-07 00:00:00,553,353
2021-07-08 00:00:00,552,362
2021-07-09 00:00:00,514,353
2021-07-10 00:00:00,358,277
2021-07-11 00:00:00,353,289
2021-07-12 00:00:00,526,375
2021-07-13 00:00:00,554,410
2021-07-14 00:00:00,563,414
2021-07-15 00:00:00,579,370
2021-07-16 00:00:00,577,359
2021-07-17 00:00:00,431,311
2021-07-18 00:00:00,413,312
2021-07-19 00:00:00,573,396
2021-07-20 00:00:00,585,400
2021-07-21 00:00:00,592,369
2021-07-22 00:00:00,619,358
2021-07-23 00:00:00,560,350
2021-07-24 00:00:00,440,295
2021-07-25 00:00:00,444,292
2021-07-26 00:00:00,614,376
2021-07-27 00:00:00,587,364
2021-07-28 00:00:00,580,330
2021-07-29 00:00:00,558,354
2021-07-30 00:00:00,514,297
2021-07-31 00:00:00,371,219
2021-08-01 00:00:00,365,217
2021-08-02 00:00:00,554,335
2021-08-03 00:00:00,559,367
2021-08-04 00:00:00,561,387
2021-08-05 00:00:00,568,374
2021-08-06 00:00:00,527,357
2021-08-07 00:00:00,335,299
2021-08-08 00:00:00,324,296
2021-08-09 00:00:00,539,380
2021-08-10 00:00:00,608,366
2021-08-11 00:00:00,582,358
2021-08-12 00:00:00,548,367
2021-08-13 00:00:00,507,345
2021-08-14 00:00:00,363,291
2021-08-15 00:00:00,371,290
2021-08-16 00:00:00,530,349
2021-08-17 00:00:00,534,358
2021-08-18 00:00:00,541,324
2021-08-19 00:00:00,565,284
2021-08-20 00:00:00,511,283
2021-08-21 00:00:00,406,224
2021-08-22 00:00:00,427,226
2021-08-23 00:00:00,555,294
2021-08-24 00:00:00,562,296
2021-08-25 00:00:00,565,282
2021-08-26 00:00:00,550,253
2021-08-27 00:00:00,489,236
2021-08-28 00:00:00,350,174
2021-08-29 00:00:00,369,170
2021-08-30 00:00:00,425,207
2021-08-31 00:00:00,515,222
2021-09-01 00:00:00,538,204
2021-09-02 00:00:00,542,223
2021-09-03 00:00:00,519,214
2021-09-04 00:00:00,393,157
2021-09-05 00:00:00,380,159
2021-09-06 00:00:00,568,224
2021-09-07 00:00:00,507,234
2021-09-08 00:00:00,596,212
2021-09-09 00:00:00,600,227
2021-09-10 00:00:00,549,233
2021-09-11 00:00:00,419,166
2021-09-12 00:00:00,410,160
2021-09-13 00:00:00,567,231
2021-09-14 00:00:00,403,170
2021-09-16 00:00:00,69,24
2021-09-20 00:00:00,362,134
2021-09-21 00:00:00,564,201
2021-09-22 00:00:00,572,214
2021-09-23 00:00:00,592,214
2021-09-24 00:00:00,542,195
2021-09-25 00:00:00,384,126
2021-09-26 00:00:00,393,127
2021-09-27 00:00:00,554,194
2021-09-28 00:00:00,561,204
2021-09-29 00:00:00,544,205
2021-09-30 00:00:00,534,200
2021-10-01 00:00:00,488,179
2021-10-02 00:00:00,338,112
2021-10-03 00:00:00,335,113
2021-10-04 00:00:00,546,179
2021-10-05 00:00:00,586,192
2021-10-06 00:00:00,564,195
2021-10-07 00:00:00,550,175
2021-10-08 00:00:00,518,167
2021-10-09 00:00:00,396,121
2021-10-10 00:00:00,393,121
2021-10-11 00:00:00,543,185
2021-10-12 00:00:00,565,184
2021-10-13 00:00:00,565,173
2021-10-14 00:00:00,562,174
2021-10-15 00:00:00,539,151
2021-10-16 00:00:00,412,93
2021-10-17 00:00:00,418,93
2021-10-18 00:00:00,562,163
2021-10-19 00:00:00,576,161
2021-10-20 00:00:00,575,180
2021-10-21 00:00:00,545,191
2021-10-22 00:00:00,188,57
2021-10-28 00:00:00,374,142
2021-10-29 00:00:00,498,166
2021-10-30 00:00:00,375,114
2021-10-31 00:00:00,364,100
2021-11-01 00:00:00,545,180
2021-11-02 00:00:00,549,180
2021-11-03 00:00:00,539,180
2021-11-04 00:00:00,532,192
2021-11-05 00:00:00,515,169
2021-11-06 00:00:00,391,108
2021-11-07 00:00:00,369,94
2021-11-08 00:00:00,527,172
2021-11-09 00:00:00,546,184
2021-11-10 00:00:00,540,183
2021-11-11 00:00:00,527,194
2021-11-12 00:00:00,505,175
2021-11-13 00:00:00,375,108
2021-11-14 00:00:00,397,109
2021-11-15 00:00:00,552,185
2021-11-16 00:00:00,545,204
2021-11-17 00:00:00,556,210
2021-11-18 00:00:00,551,229
2021-11-19 00:00:00,529,191
2021-11-20 00:00:00,372,118
2021-11-21 00:00:00,375,121
2021-11-22 00:00:00,543,192
2021-11-23 00:00:00,558,217
2021-11-24 00:00:00,566,215
2021-11-25 00:00:00,560,206
2021-11-26 00:00:00,516,199
2021-11-27 00:00:00,400,135
2021-11-28 00:00:00,408,135
2021-11-29 00:00:00,572,206
2021-11-30 00:00:00,558,226
2021-12-01 00:00:00,539,282
2021-12-02 00:00:00,565,360
2021-12-03 00:00:00,540,218
2021-12-04 00:00:00,380,111
2021-12-05 00:00:00,385,121
2021-12-06 00:00:00,606,240
2021-12-07 00:00:00,591,237
2021-12-08 00:00:00,601,259
2021-12-09 00:00:00,585,225
2021-12-10 00:00:00,553,206
2021-12-11 00:00:00,403,135
2021-12-12 00:00:00,381,135
2021-12-13 00:00:00,565,201
2021-12-14 00:00:00,544,200
2021-12-15 00:00:00,540,212
2021-12-16 00:00:00,518,216
2021-12-17 00:00:00,520,211
2021-12-18 00:00:00,397,146
2021-12-19 00:00:00,398,145
2021-12-20 00:00:00,557,220
2021-12-21 00:00:00,547,218
2021-12-22 00:00:00,568,224
2021-12-23 00:00:00,553,209
2021-12-24 00:00:00,239,86
2022-01-17 00:00:00,203,76
2022-01-18 00:00:00,582,222
2022-01-19 00:00:00,555,212
2022-01-20 00:00:00,370,152
2022-01-21 00:00:00,369,147
2022-01-22 00:00:00,410,129
2022-01-23 00:00:00,377,129
2022-01-24 00:00:00,557,208
2022-01-25 00:00:00,335,128
2022-02-01 00:00:00,266,119
2022-02-02 00:00:00,527,238
2022-02-03 00:00:00,515,248
2022-02-04 00:00:00,517,218
2022-02-05 00:00:00,402,139
2022-02-06 00:00:00,414,136
2022-02-07 00:00:00,170,55
2022-02-08 00:00:00,301,130
2022-02-09 00:00:00,552,225
2022-02-10 00:00:00,559,229
2022-02-11 00:00:00,513,202
2022-02-12 00:00:00,326,135
2022-02-13 00:00:00,301,126
2022-02-14 00:00:00,524,207
2022-02-15 00:00:00,574,225
2022-02-16 00:00:00,564,227
2022-02-17 00:00:00,562,234
2022-02-18 00:00:00,478,198
2022-02-19 00:00:00,377,163
2022-02-20 00:00:00,364,141
2022-02-21 00:00:00,521,209
2022-02-22 00:00:00,565,240
2022-02-23 00:00:00,552,239
2022-02-24 00:00:00,568,234
2022-02-25 00:00:00,521,215
2022-02-26 00:00:00,383,146
2022-02-27 00:00:00,389,150
2022-02-28 00:00:00,571,233
2022-03-01 00:00:00,538,257
2022-03-02 00:00:00,586,264
2022-03-03 00:00:00,592,267
2022-03-04 00:00:00,536,250
2022-03-05 00:00:00,390,186
2022-03-06 00:00:00,387,175
2022-03-07 00:00:00,584,251
2022-03-08 00:00:00,200,87
2022-03-11 00:00:00,353,163
2022-03-12 00:00:00,340,165
2022-03-13 00:00:00,348,154
2022-03-14 00:00:00,539,226
2022-03-15 00:00:00,555,243
2022-03-16 00:00:00,551,247
2022-03-17 00:00:00,550,259
2022-03-18 00:00:00,499,239
2022-03-19 00:00:00,373,156
2022-03-20 00:00:00,377,153
2022-03-21 00:00:00,533,230
2022-03-22 00:00:00,526,248
2022-03-23 00:00:00,539,243
2022-03-24 00:00:00,530,249
2022-03-25 00:00:00,504,231
2022-03-26 00:00:00,367,145
2022-03-27 00:00:00,309,136
2022-03-28 00:00:00,517,260
2022-03-29 00:00:00,311,149
2022-03-31 00:00:00,265,116
2022-04-01 00:00:00,527,251
2022-04-02 00:00:00,356,180
2022-04-03 00:00:00,332,169
2022-04-04 00:00:00,528,230
2022-04-05 00:00:00,554,241
2022-04-06 00:00:00,550,275
2022-04-07 00:00:00,536,288
2022-04-08 00:00:00,494,275
2022-04-09 00:00:00,335,199
2022-04-10 00:00:00,342,190
2022-04-11 00:00:00,527,256
2022-04-12 00:00:00,558,267
2022-04-13 00:00:00,555,251
2022-04-14 00:00:00,545,235
2022-04-15 00:00:00,346,141
2022-04-25 00:00:00,201,93
2022-04-26 00:00:00,553,270
2022-04-27 00:00:00,552,269
2022-04-28 00:00:00,540,263
2022-04-29 00:00:00,508,218
2022-04-30 00:00:00,389,150
2022-05-01 00:00:00,375,140
2022-05-02 00:00:00,427,169
2022-05-03 00:00:00,526,237
2022-05-04 00:00:00,553,248
2022-05-05 00:00:00,533,232
2022-05-11 00:00:00,295,133
2022-05-12 00:00:00,498,237
2022-05-13 00:00:00,483,224
2022-05-14 00:00:00,316,146
2022-05-15 00:00:00,349,148
2022-05-16 00:00:00,538,266
2022-05-17 00:00:00,491,264
2022-05-18 00:00:00,561,246
2022-05-19 00:00:00,536,249
2022-05-20 00:00:00,506,218
2022-05-21 00:00:00,347,142
2022-05-22 00:00:00,364,157
2022-05-23 00:00:00,555,225
2022-05-24 00:00:00,555,243
2022-05-25 00:00:00,541,245
2022-05-26 00:00:00,545,234
2022-05-27 00:00:00,513,222
2022-05-28 00:00:00,355,150
2022-05-29 00:00:00,299,154
2022-05-30 00:00:00,377,175
2022-05-31 00:00:00,512,224
2022-06-01 00:00:00,543,208
2022-06-02 00:00:00,315,169
2022-06-03 00:00:00,315,168
2022-06-04 00:00:00,311,141
2022-06-05 00:00:00,319,141
2022-06-06 00:00:00,521,218
2022-06-07 00:00:00,545,223
2022-06-08 00:00:00,575,242
2022-06-09 00:00:00,570,231
2022-06-10 00:00:00,544,234
2022-06-11 00:00:00,345,141
2022-06-12 00:00:00,318,142
2022-06-13 00:00:00,515,245
2022-06-14 00:00:00,557,249
2022-06-15 00:00:00,591,233
2022-06-16 00:00:00,594,262
2022-06-17 00:00:00,561,267
2022-06-18 00:00:00,411,162
2022-06-19 00:00:00,415,160
2022-06-20 00:00:00,585,245
2022-06-21 00:00:00,612,274
2022-06-22 00:00:00,605,329
2022-06-23 00:00:00,596,306
2022-06-24 00:00:00,552,298
2022-06-25 00:00:00,375,177
2022-06-26 00:00:00,370,167
2022-06-27 00:00:00,549,245
2022-06-28 00:00:00,543,266
2022-06-29 00:00:00,544,321
2022-06-30 00:00:00,558,283
2022-07-01 00:00:00,532,256
2022-07-02 00:00:00,359,171
2022-07-03 00:00:00,346,156
2022-07-04 00:00:00,524,228
2022-07-05 00:00:00,543,257
2022-07-06 00:00:00,546,304
2022-07-07 00:00:00,562,290
2022-07-08 00:00:00,562,306
2022-07-09 00:00:00,412,165
2022-07-10 00:00:00,438,199
2022-07-11 00:00:00,683,304
2022-07-12 00:00:00,714,356
2022-07-13 00:00:00,584,282
2022-07-14 00:00:00,580,258
2022-07-15 00:00:00,551,272
2022-07-16 00:00:00,391,176
2022-07-17 00:00:00,417,228
2022-07-18 00:00:00,544,281
2022-07-19 00:00:00,681,368
2022-07-20 00:00:00,701,378
2022-07-21 00:00:00,674,345
2022-07-22 00:00:00,598,318
2022-07-23 00:00:00,453,241
2022-07-24 00:00:00,445,265
2022-07-25 00:00:00,622,340
2022-07-26 00:00:00,625,307
2022-07-27 00:00:00,622,256
2022-07-28 00:00:00,595,303
2022-07-29 00:00:00,525,305
2022-07-30 00:00:00,364,243
2022-07-31 00:00:00,351,245
2022-08-01 00:00:00,551,291
2022-08-02 00:00:00,585,351
2022-08-03 00:00:00,580,332
2022-08-04 00:00:00,591,285
2022-08-05 00:00:00,539,224
2022-08-06 00:00:00,389,143
2022-08-07 00:00:00,330,179
2022-08-08 00:00:00,553,289
2022-08-09 00:00:00,587,303
2022-08-10 00:00:00,667,344
2022-08-11 00:00:00,700,339
2022-08-12 00:00:00,635,297
2022-08-13 00:00:00,393,209
2022-08-14 00:00:00,408,220
2022-08-15 00:00:00,592,342
2022-08-16 00:00:00,585,366
2022-08-17 00:00:00,557,288
2022-08-18 00:00:00,557,320
2022-08-19 00:00:00,510,305
2022-08-20 00:00:00,396,223
2022-08-21 00:00:00,375,161
2022-08-22 00:00:00,531,279
2022-08-23 00:00:00,542,349
2022-08-24 00:00:00,557,353
2022-08-25 00:00:00,544,319
2022-08-26 00:00:00,422,209
2022-09-15 00:00:00,208,117
2022-09-16 00:00:00,450,239
2022-09-17 00:00:00,274,153
2022-09-18 00:00:00,288,145
2022-09-19 00:00:00,332,170
2022-09-20 00:00:00,445,244
2022-09-21 00:00:00,513,246
2022-09-22 00:00:00,507,290
2022-09-23 00:00:00,469,224
2022-09-24 00:00:00,333,145
2022-09-25 00:00:00,334,137
2022-09-26 00:00:00,495,218
2022-09-27 00:00:00,496,248
2022-09-28 00:00:00,482,246
2022-09-29 00:00:00,477,248
2022-09-30 00:00:00,453,231
2022-10-01 00:00:00,308,151
2022-10-02 00:00:00,310,150
2022-10-03 00:00:00,485,231
2022-10-04 00:00:00,520,304
2022-10-05 00:00:00,500,298
2022-10-06 00:00:00,519,272
2022-10-07 00:00:00,479,251
2022-10-08 00:00:00,306,140
2022-10-09 00:00:00,282,142
2022-10-10 00:00:00,487,224
2022-10-11 00:00:00,362,168
2022-11-01 00:00:00,223,116
2022-11-02 00:00:00,515,269
2022-11-03 00:00:00,502,266
2022-11-04 00:00:00,473,231
2022-11-05 00:00:00,319,143
2022-11-06 00:00:00,284,145
2022-11-07 00:00:00,495,236
2022-11-08 00:00:00,501,248
2022-11-09 00:00:00,482,248
2022-11-10 00:00:00,488,275
2022-11-11 00:00:00,456,291
2022-11-12 00:00:00,305,153
2022-11-13 00:00:00,306,128
2022-11-14 00:00:00,496,233
2022-11-15 00:00:00,522,254
2022-11-16 00:00:00,497,268
2022-11-17 00:00:00,493,252
2022-11-18 00:00:00,452,234
2022-11-19 00:00:00,315,153
2022-11-20 00:00:00,274,146
2022-11-21 00:00:00,521,287
2022-11-22 00:00:00,527,324
2022-11-23 00:00:00,508,292
2022-11-24 00:00:00,484,295
2022-11-25 00:00:00,454,256
2022-11-26 00:00:00,367,160
2022-11-27 00:00:00,352,152
2022-11-28 00:00:00,504,274
2022-11-29 00:00:00,504,311
2022-11-30 00:00:00,529,298
2022-12-01 00:00:00,534,297
2022-12-02 00:00:00,474,266
2022-12-03 00:00:00,349,174
2022-12-04 00:00:00,364,174
2022-12-05 00:00:00,483,267
2022-12-06 00:00:00,498,277
2022-12-07 00:00:00,493,303
2022-12-08 00:00:00,488,280
2022-12-09 00:00:00,457,268
2022-12-10 00:00:00,342,180
2022-12-11 00:00:00,319,181
2022-12-12 00:00:00,499,296
2022-12-13 00:00:00,543,336
2022-12-14 00:00:00,559,330
2022-12-15 00:00:00,539,338
2022-12-16 00:00:00,501,290
2022-12-17 00:00:00,394,182
2022-12-18 00:00:00,411,180
2022-12-19 00:00:00,519,274
2022-12-20 00:00:00,515,272
2022-12-21 00:00:00,513,262
2022-12-22 00:00:00,473,243
2022-12-23 00:00:00,411,201
2022-12-24 00:00:00,338,152
2022-12-25 00:00:00,337,151
2022-12-26 00:00:00,345,190
2022-12-27 00:00:00,360,186
2022-12-28 00:00:00,368,177
2022-12-29 00:00:00,356,183
2022-12-30 00:00:00,315,167
