Date,E Block
2016-11-09 00:00:00,93
2016-11-10 00:00:00,512
2016-11-11 00:00:00,337
2016-11-12 00:00:00,383
2016-11-13 00:00:00,395
2016-11-14 00:00:00,367
2016-11-15 00:00:00,343
2016-11-16 00:00:00,428
2016-11-17 00:00:00,379
2016-11-18 00:00:00,464
2016-11-19 00:00:00,386
2016-11-20 00:00:00,384
2016-11-21 00:00:00,514
2016-11-22 00:00:00,425
2016-11-23 00:00:00,415
2016-11-24 00:00:00,546
2016-11-25 00:00:00,299
2016-11-26 00:00:00,397
2016-11-27 00:00:00,284
2016-11-28 00:00:00,367
2016-11-29 00:00:00,455
2016-11-30 00:00:00,497
2016-12-01 00:00:00,436
2016-12-02 00:00:00,504
2016-12-03 00:00:00,449
2016-12-04 00:00:00,436
2016-12-05 00:00:00,425
2016-12-06 00:00:00,532
2016-12-07 00:00:00,428
2016-12-08 00:00:00,376
2016-12-09 00:00:00,484
2016-12-10 00:00:00,335
2016-12-11 00:00:00,430
2016-12-12 00:00:00,510
2016-12-13 00:00:00,418
2016-12-14 00:00:00,421
2016-12-15 00:00:00,536
2016-12-16 00:00:00,239
2016-12-19 00:00:00,3022.479943
2016-12-20 00:00:00,3022.479943
2016-12-22 00:00:00,3022.479943
2016-12-23 00:00:00,3022.479943
2016-12-24 00:00:00,3022.479943
2016-12-25 00:00:00,3022.479943
2016-12-26 00:00:00,3022.479943
2016-12-27 00:00:00,3022.479943
2016-12-28 00:00:00,3022.479943
2016-12-29 00:00:00,3022.479943
2016-12-30 00:00:00,3022.479943
2016-12-31 00:00:00,3022.479943
2017-01-01 00:00:00,3022.479943
2017-01-02 00:00:00,3022.479943
2017-01-03 00:00:00,3022.479943
2017-01-04 00:00:00,3022.479943
2017-01-05 00:00:00,3022.479943
2017-01-06 00:00:00,3022.479943
2017-01-07 00:00:00,3022.479943
2017-01-08 00:00:00,3022.479943
2017-01-09 00:00:00,3022.479943
2017-01-10 00:00:00,3022.479943
2017-01-11 00:00:00,3022.479943
2017-01-12 00:00:00,3022.479943
2017-01-13 00:00:00,3022.479943
2017-01-14 00:00:00,3022.479943
2017-01-15 00:00:00,3022.479943
2017-01-16 00:00:00,1123
2017-01-17 00:00:00,1362
2017-01-18 00:00:00,928
2017-01-19 00:00:00,3705
2017-01-20 00:00:00,2836
2017-01-21 00:00:00,3071
2017-01-22 00:00:00,3030
2017-01-23 00:00:00,3606
2017-01-24 00:00:00,3673
2017-01-25 00:00:00,1948
2017-01-26 00:00:00,3748
2017-01-27 00:00:00,3588
2017-01-28 00:00:00,3007
2017-01-29 00:00:00,2250
2017-02-01 00:00:00,2380
2017-02-02 00:00:00,1377
2017-02-03 00:00:00,1553
2017-02-04 00:00:00,2918
2017-02-05 00:00:00,2966
2017-02-06 00:00:00,3573
2017-02-07 00:00:00,3733
2017-02-08 00:00:00,3632
2017-02-09 00:00:00,2373
2017-02-10 00:00:00,1046
2017-02-11 00:00:00,3027
2017-02-12 00:00:00,3035
2017-02-13 00:00:00,3636
2017-02-14 00:00:00,3719
2017-02-15 00:00:00,3651
2017-02-16 00:00:00,3767
2017-02-17 00:00:00,3557
2017-02-18 00:00:00,2975
2017-02-19 00:00:00,2961
2017-02-20 00:00:00,3537
2017-02-21 00:00:00,3581
2017-02-22 00:00:00,3551
2017-02-23 00:00:00,3580
2017-02-24 00:00:00,3430
2017-02-25 00:00:00,3046
2017-02-26 00:00:00,2910
2017-02-27 00:00:00,3363
2017-02-28 00:00:00,3643
2017-03-01 00:00:00,3556
2017-03-02 00:00:00,3649
2017-03-03 00:00:00,3513
2017-03-04 00:00:00,2933
2017-03-05 00:00:00,2990
2017-03-06 00:00:00,3546
2017-03-07 00:00:00,3620
2017-03-08 00:00:00,3497
2017-03-09 00:00:00,3623
2017-03-10 00:00:00,3430
2017-03-11 00:00:00,3063
2017-03-12 00:00:00,2966
2017-03-13 00:00:00,3393
2017-03-14 00:00:00,3502
2017-03-15 00:00:00,3497
2017-03-16 00:00:00,3557
2017-03-17 00:00:00,3392
2017-03-18 00:00:00,2953
2017-03-19 00:00:00,2961
2017-03-20 00:00:00,3368
2017-03-21 00:00:00,3543
2017-03-22 00:00:00,3534
2017-03-23 00:00:00,3632
2017-03-24 00:00:00,3479
2017-03-25 00:00:00,2945
2017-03-26 00:00:00,2763
2017-03-27 00:00:00,3536
2017-03-28 00:00:00,3474
2017-03-29 00:00:00,2978
2017-03-30 00:00:00,3647
2017-03-31 00:00:00,3531
2017-04-01 00:00:00,3004
2017-04-02 00:00:00,3049
2017-04-03 00:00:00,3493
2017-04-04 00:00:00,3534
2017-04-05 00:00:00,3516
2017-04-06 00:00:00,3464
2017-04-07 00:00:00,3216
2017-04-08 00:00:00,2919
2017-04-09 00:00:00,2937
2017-04-10 00:00:00,3408
2017-04-11 00:00:00,3455
2017-04-12 00:00:00,3563
2017-04-13 00:00:00,3504
2017-04-14 00:00:00,2705
2017-04-15 00:00:00,2455
2017-04-16 00:00:00,2654
2017-04-17 00:00:00,2682
2017-04-18 00:00:00,3396
2017-04-19 00:00:00,3489
2017-04-20 00:00:00,3487
2017-04-21 00:00:00,3594
2017-04-22 00:00:00,3088
2017-04-23 00:00:00,3126
2017-04-24 00:00:00,3511
2017-04-25 00:00:00,3572
2017-04-26 00:00:00,3447
2017-04-27 00:00:00,3565
2017-04-28 00:00:00,3441
2017-04-29 00:00:00,2952
2017-04-30 00:00:00,2795
2017-05-01 00:00:00,2761
2017-05-02 00:00:00,3335
2017-05-03 00:00:00,3331
2017-05-04 00:00:00,3492
2017-05-05 00:00:00,3400
2017-05-06 00:00:00,2890
2017-05-07 00:00:00,2918
2017-05-08 00:00:00,3449
2017-05-09 00:00:00,3493
2017-05-10 00:00:00,3496
2017-05-11 00:00:00,3587
2017-05-12 00:00:00,3390
2017-05-13 00:00:00,2953
2017-05-14 00:00:00,2958
2017-05-15 00:00:00,3438
2017-05-16 00:00:00,3584
2017-05-17 00:00:00,3336
2017-05-18 00:00:00,3636
2017-05-19 00:00:00,3395
2017-05-20 00:00:00,2880
2017-05-21 00:00:00,2989
2017-05-22 00:00:00,3599
2017-05-23 00:00:00,3562
2017-05-24 00:00:00,3527
2017-05-25 00:00:00,3823
2017-05-26 00:00:00,3747
2017-05-27 00:00:00,3058
2017-05-28 00:00:00,2959
2017-05-29 00:00:00,2912
2017-05-30 00:00:00,3532
2017-05-31 00:00:00,3399
2017-06-01 00:00:00,3246
2017-06-02 00:00:00,2762
2017-06-03 00:00:00,2843
2017-06-04 00:00:00,3003
2017-06-05 00:00:00,3350
2017-06-06 00:00:00,3521
2017-06-07 00:00:00,3521
2017-06-08 00:00:00,3671
2017-06-09 00:00:00,3362
2017-06-10 00:00:00,3106
2017-06-11 00:00:00,2906
2017-06-12 00:00:00,3484
2017-06-13 00:00:00,3551
2017-06-14 00:00:00,3675
2017-06-15 00:00:00,3624
2017-06-16 00:00:00,3288
2017-06-17 00:00:00,3195
2017-06-18 00:00:00,3221
2017-06-19 00:00:00,3940
2017-06-20 00:00:00,3631
2017-06-21 00:00:00,3771
2017-06-22 00:00:00,3902
2017-06-23 00:00:00,3500
2017-06-24 00:00:00,2956
2017-06-25 00:00:00,3031
2017-06-26 00:00:00,3509
2017-06-27 00:00:00,3503
2017-06-28 00:00:00,3510
2017-06-29 00:00:00,3603
2017-06-30 00:00:00,3456
2017-07-01 00:00:00,3032
2017-07-02 00:00:00,2957
2017-07-03 00:00:00,3557
2017-07-04 00:00:00,3512
2017-07-05 00:00:00,3523
2017-07-06 00:00:00,3710
2017-07-07 00:00:00,3539
2017-07-08 00:00:00,3028
2017-07-09 00:00:00,3104
2017-07-10 00:00:00,3548
2017-07-11 00:00:00,3462
2017-07-12 00:00:00,3551
2017-07-13 00:00:00,3633
2017-07-14 00:00:00,3411
2017-07-15 00:00:00,2792
2017-07-16 00:00:00,2366
2017-07-17 00:00:00,2931
2017-07-18 00:00:00,3496
2017-07-19 00:00:00,3650
2017-07-20 00:00:00,3682
2017-07-21 00:00:00,3595
2017-07-22 00:00:00,3063
2017-07-23 00:00:00,3102
2017-07-24 00:00:00,3468
2017-07-25 00:00:00,3542
2017-07-26 00:00:00,1174
2017-07-31 00:00:00,1123
2017-08-01 00:00:00,3439
2017-08-02 00:00:00,3478
2017-08-03 00:00:00,3612
2017-08-04 00:00:00,3532
2017-08-05 00:00:00,2989
2017-08-06 00:00:00,3064
2017-08-07 00:00:00,3433
2017-08-08 00:00:00,3482
2017-08-09 00:00:00,3455
2017-08-10 00:00:00,3606
2017-08-11 00:00:00,3413
2017-08-12 00:00:00,2996
2017-08-13 00:00:00,2995
2017-08-14 00:00:00,3516
2017-08-15 00:00:00,3579
2017-08-16 00:00:00,3593
2017-08-17 00:00:00,3778
2017-08-18 00:00:00,3551
2017-08-19 00:00:00,3199
2017-08-20 00:00:00,2991
2017-08-21 00:00:00,3502
2017-08-22 00:00:00,3682
2017-08-23 00:00:00,3597
2017-08-24 00:00:00,3643
2017-08-25 00:00:00,3460
2017-08-26 00:00:00,2937
2017-08-27 00:00:00,2887
2017-08-28 00:00:00,2992
2017-08-29 00:00:00,3413
2017-08-30 00:00:00,3436
2017-08-31 00:00:00,3517
2017-09-01 00:00:00,3360
2017-09-02 00:00:00,2942
2017-09-03 00:00:00,2948
2017-09-04 00:00:00,3505
2017-09-05 00:00:00,3619
2017-09-06 00:00:00,3554
2017-09-07 00:00:00,3539
2017-09-08 00:00:00,3447
2017-09-09 00:00:00,2980
2017-09-10 00:00:00,3017
2017-09-11 00:00:00,3396
2017-09-12 00:00:00,3568
2017-09-13 00:00:00,3356
2017-09-14 00:00:00,3758
2017-09-15 00:00:00,3428
2017-09-16 00:00:00,3106
2017-09-17 00:00:00,2939
2017-09-18 00:00:00,3456
2017-09-19 00:00:00,3510
2017-09-20 00:00:00,3591
2017-09-21 00:00:00,3678
2017-09-22 00:00:00,3438
2017-09-23 00:00:00,3033
2017-09-24 00:00:00,3113
2017-09-25 00:00:00,3607
2017-09-26 00:00:00,3462
2017-09-27 00:00:00,3535
2017-09-28 00:00:00,3644
2017-09-29 00:00:00,3443
2017-09-30 00:00:00,2937
2017-10-01 00:00:00,2986
2017-10-02 00:00:00,3477
2017-10-03 00:00:00,3575
2017-10-04 00:00:00,3594
2017-10-05 00:00:00,3630
2017-10-06 00:00:00,3394
2017-10-07 00:00:00,3011
2017-10-08 00:00:00,3062
2017-10-09 00:00:00,3550
2017-10-10 00:00:00,3631
2017-10-11 00:00:00,3133
2017-10-12 00:00:00,3570
2017-10-13 00:00:00,3718
2017-10-14 00:00:00,3050
2017-10-15 00:00:00,3156
2017-10-16 00:00:00,3654
2017-10-17 00:00:00,3584
2017-10-18 00:00:00,3518
2017-10-19 00:00:00,3712
2017-10-20 00:00:00,3546
2017-10-21 00:00:00,3058
2017-10-22 00:00:00,3046
2017-10-23 00:00:00,3539
2017-10-24 00:00:00,3473
2017-10-25 00:00:00,3511
2017-10-26 00:00:00,3523
2017-10-27 00:00:00,3535
2017-10-28 00:00:00,3007
2017-10-29 00:00:00,2942
2017-10-30 00:00:00,3302
2017-10-31 00:00:00,3575
2017-11-01 00:00:00,3554
2017-11-02 00:00:00,3578
2017-11-03 00:00:00,3326
2017-11-04 00:00:00,2899
2017-11-05 00:00:00,3005
2017-11-06 00:00:00,3537
2017-11-07 00:00:00,3590
2017-11-08 00:00:00,3640
2017-11-09 00:00:00,3634
2017-11-10 00:00:00,3408
2017-11-11 00:00:00,2988
2017-11-12 00:00:00,3038
2017-11-13 00:00:00,2651
2017-11-14 00:00:00,3573
2017-11-15 00:00:00,3531
2017-11-16 00:00:00,3625
2017-11-17 00:00:00,3452
2017-11-18 00:00:00,3024
2017-11-19 00:00:00,3007
2017-11-20 00:00:00,3462
2017-11-21 00:00:00,3507
2017-11-22 00:00:00,3521
2017-11-23 00:00:00,3588
2017-11-24 00:00:00,3440
2017-11-25 00:00:00,3041
2017-11-26 00:00:00,3006
2017-11-27 00:00:00,3594
2017-11-28 00:00:00,3634
2017-11-29 00:00:00,3575
2017-11-30 00:00:00,3655
2017-12-01 00:00:00,3596
2017-12-02 00:00:00,2962
2017-12-03 00:00:00,3031
2017-12-04 00:00:00,3582
2017-12-05 00:00:00,3730
2017-12-06 00:00:00,3737
2017-12-07 00:00:00,3771
2017-12-08 00:00:00,3745
2017-12-09 00:00:00,3159
2017-12-10 00:00:00,3254
2017-12-11 00:00:00,3861
2017-12-12 00:00:00,3797
2017-12-13 00:00:00,3998
2017-12-14 00:00:00,3967
2017-12-15 00:00:00,3833
2017-12-16 00:00:00,3369
2017-12-17 00:00:00,3277
2017-12-18 00:00:00,3797
2017-12-19 00:00:00,3836
2017-12-20 00:00:00,3833
2017-12-21 00:00:00,3703
2017-12-22 00:00:00,3584
2017-12-23 00:00:00,2890
2017-12-24 00:00:00,2840
2017-12-25 00:00:00,2758
2017-12-26 00:00:00,2881
2017-12-27 00:00:00,3111
2017-12-28 00:00:00,3293
2017-12-29 00:00:00,3347
2017-12-30 00:00:00,2970
2017-12-31 00:00:00,2946
2018-01-01 00:00:00,2992
2018-01-02 00:00:00,3805
2018-01-03 00:00:00,3952
2018-01-04 00:00:00,3994
2018-01-05 00:00:00,3887
2018-01-06 00:00:00,3324
2018-01-07 00:00:00,3382
2018-01-08 00:00:00,3924
2018-01-09 00:00:00,4001
2018-01-10 00:00:00,3896
2018-01-11 00:00:00,4039
2018-01-12 00:00:00,3786
2018-01-13 00:00:00,3205
2018-01-14 00:00:00,3193
2018-01-15 00:00:00,3817
2018-01-16 00:00:00,4031
2018-01-17 00:00:00,3894
2018-01-18 00:00:00,4007
2018-01-19 00:00:00,3936
2018-01-20 00:00:00,3397
2018-01-21 00:00:00,3364
2018-01-22 00:00:00,4001
2018-01-23 00:00:00,4139
2018-01-24 00:00:00,4064
2018-01-25 00:00:00,4126
2018-01-26 00:00:00,3976
2018-01-27 00:00:00,3172
2018-01-28 00:00:00,3173
2018-01-29 00:00:00,3792
2018-01-30 00:00:00,3813
2018-01-31 00:00:00,3735
2018-02-01 00:00:00,3901
2018-02-02 00:00:00,3766
2018-02-03 00:00:00,3259
2018-02-04 00:00:00,3205
2018-02-05 00:00:00,3726
2018-02-06 00:00:00,4060
2018-02-07 00:00:00,4185
2018-02-08 00:00:00,4127
2018-02-09 00:00:00,3947
2018-02-10 00:00:00,3300
2018-02-11 00:00:00,3268
2018-02-12 00:00:00,3891
2018-02-13 00:00:00,4002
2018-02-14 00:00:00,3976
2018-02-15 00:00:00,4180
2018-02-16 00:00:00,3910
2018-02-17 00:00:00,3282
2018-02-18 00:00:00,3116
2018-02-19 00:00:00,3936
2018-02-20 00:00:00,4184
2018-02-21 00:00:00,4140
2018-02-22 00:00:00,4034
2018-02-23 00:00:00,3812
2018-02-24 00:00:00,3456
2018-02-25 00:00:00,3361
2018-02-26 00:00:00,3908
2018-02-27 00:00:00,3943
2018-02-28 00:00:00,3646
2018-03-01 00:00:00,3423
2018-03-02 00:00:00,3630
2018-03-03 00:00:00,3069
2018-03-04 00:00:00,3007
2018-03-05 00:00:00,3721
2018-03-06 00:00:00,3772
2018-03-07 00:00:00,3872
2018-03-08 00:00:00,4001
2018-03-09 00:00:00,4045
2018-03-10 00:00:00,3395
2018-03-11 00:00:00,3349
2018-03-12 00:00:00,3970
2018-03-13 00:00:00,4079
2018-03-14 00:00:00,1363
2018-03-19 00:00:00,2256
2018-03-20 00:00:00,4113
2018-03-21 00:00:00,4115
2018-03-22 00:00:00,4006
2018-03-23 00:00:00,3926
2018-03-24 00:00:00,3345
2018-03-25 00:00:00,3299
2018-03-26 00:00:00,4072
2018-03-27 00:00:00,4021
2018-03-28 00:00:00,4052
2018-03-29 00:00:00,4007
2018-03-30 00:00:00,3343
2018-03-31 00:00:00,3283
2018-04-01 00:00:00,3382
2018-04-02 00:00:00,3334
2018-04-03 00:00:00,4076
2018-04-04 00:00:00,4104
2018-04-05 00:00:00,4099
2018-04-06 00:00:00,4082
2018-04-07 00:00:00,3368
2018-04-08 00:00:00,3035
2018-04-09 00:00:00,3713
2018-04-10 00:00:00,3925
2018-04-11 00:00:00,4052
2018-04-12 00:00:00,4116
2018-04-13 00:00:00,4030
2018-04-14 00:00:00,3435
2018-04-15 00:00:00,3352
2018-04-16 00:00:00,4004
2018-04-17 00:00:00,4099
2018-04-18 00:00:00,4043
2018-04-19 00:00:00,4113
2018-04-20 00:00:00,3903
2018-04-21 00:00:00,3142
2018-04-22 00:00:00,2986
2018-04-23 00:00:00,3578
2018-04-24 00:00:00,3654
2018-04-25 00:00:00,3599
2018-04-26 00:00:00,3605
2018-04-27 00:00:00,3392
2018-04-28 00:00:00,3041
2018-04-29 00:00:00,2997
2018-04-30 00:00:00,3558
2018-05-01 00:00:00,3673
2018-05-02 00:00:00,3719
2018-05-03 00:00:00,3632
2018-05-04 00:00:00,3515
2018-05-05 00:00:00,2952
2018-05-06 00:00:00,3009
2018-05-07 00:00:00,3021
2018-05-08 00:00:00,3625
2018-05-09 00:00:00,3603
2018-05-10 00:00:00,3648
2018-05-11 00:00:00,3588
2018-05-12 00:00:00,3080
2018-05-13 00:00:00,2975
2018-05-14 00:00:00,3661
2018-05-15 00:00:00,3639
2018-05-16 00:00:00,3626
2018-05-17 00:00:00,3590
2018-05-18 00:00:00,3587
2018-05-19 00:00:00,3114
2018-05-20 00:00:00,3087
2018-05-21 00:00:00,3524
2018-05-22 00:00:00,3636
2018-05-23 00:00:00,3479
2018-05-24 00:00:00,3611
2018-05-25 00:00:00,3374
2018-05-26 00:00:00,2931
2018-05-27 00:00:00,2937
2018-05-28 00:00:00,2969
2018-05-29 00:00:00,3621
2018-05-30 00:00:00,3683
2018-05-31 00:00:00,3737
2018-06-01 00:00:00,3717
2018-06-02 00:00:00,3156
2018-06-03 00:00:00,3185
2018-06-04 00:00:00,3656
2018-06-05 00:00:00,3701
2018-06-06 00:00:00,3687
2018-06-07 00:00:00,3741
2018-06-08 00:00:00,3603
2018-06-09 00:00:00,3047
2018-06-10 00:00:00,3164
2018-06-11 00:00:00,3764
2018-06-12 00:00:00,3720
2018-06-13 00:00:00,3582
2018-06-14 00:00:00,3724
2018-06-15 00:00:00,3578
2018-06-16 00:00:00,3005
2018-06-17 00:00:00,2870
2018-06-18 00:00:00,3577
2018-06-19 00:00:00,3700
2018-06-20 00:00:00,3764
2018-06-21 00:00:00,3737
2018-06-22 00:00:00,3489
2018-06-23 00:00:00,3059
2018-06-24 00:00:00,3227
2018-06-25 00:00:00,2650
2018-06-26 00:00:00,3022.479943
2018-06-27 00:00:00,3022.479943
2018-06-28 00:00:00,3022.479943
2018-06-29 00:00:00,3022.479943
2018-06-30 00:00:00,3022.479943
2018-07-01 00:00:00,3022.479943
2018-07-02 00:00:00,3022.479943
2018-07-03 00:00:00,1263
2018-07-04 00:00:00,1201
2018-07-05 00:00:00,2713
2018-07-06 00:00:00,3820
2018-07-07 00:00:00,3128
2018-07-08 00:00:00,3257
2018-07-09 00:00:00,3745
2018-07-10 00:00:00,3721
2018-07-11 00:00:00,3712
2018-07-12 00:00:00,3826
2018-07-13 00:00:00,3814
2018-07-14 00:00:00,3212
2018-07-15 00:00:00,3230
2018-07-16 00:00:00,2977
2018-07-17 00:00:00,3880
2018-07-18 00:00:00,3918
2018-07-19 00:00:00,4062
2018-07-20 00:00:00,3640
2018-07-21 00:00:00,3137
2018-07-22 00:00:00,3284
2018-07-23 00:00:00,3959
2018-07-24 00:00:00,3913
2018-07-25 00:00:00,4000
2018-07-26 00:00:00,4282
2018-07-27 00:00:00,4066
2018-07-28 00:00:00,2772
2018-07-29 00:00:00,2588
2018-07-30 00:00:00,3126
2018-07-31 00:00:00,3260
2018-08-01 00:00:00,3231
2018-08-02 00:00:00,3440
2018-08-03 00:00:00,3275
2018-08-04 00:00:00,3105
2018-08-05 00:00:00,3295
2018-08-06 00:00:00,3876
2018-08-07 00:00:00,4034
2018-08-08 00:00:00,3878
2018-08-09 00:00:00,3945
2018-08-10 00:00:00,3697
2018-08-11 00:00:00,3114
2018-08-12 00:00:00,3233
2018-08-13 00:00:00,3920
2018-08-14 00:00:00,3932
2018-08-15 00:00:00,4018
2018-08-16 00:00:00,3772
2018-08-17 00:00:00,3660
2018-08-18 00:00:00,3109
2018-08-19 00:00:00,3118
2018-08-20 00:00:00,3829
2018-08-21 00:00:00,3892
2018-08-22 00:00:00,3936
2018-08-23 00:00:00,3773
2018-08-24 00:00:00,3534
2018-08-25 00:00:00,2933
2018-08-26 00:00:00,2853
2018-08-27 00:00:00,2879
2018-08-28 00:00:00,3740
2018-08-29 00:00:00,3821
2018-08-30 00:00:00,3853
2018-08-31 00:00:00,3675
2018-09-01 00:00:00,3121
2018-09-02 00:00:00,3253
2018-09-03 00:00:00,3732
2018-09-04 00:00:00,3856
2018-09-05 00:00:00,3849
2018-09-06 00:00:00,3850
2018-09-07 00:00:00,3581
2018-09-08 00:00:00,3120
2018-09-09 00:00:00,3171
2018-09-10 00:00:00,3692
2018-09-11 00:00:00,3846
2018-09-12 00:00:00,3799
2018-09-13 00:00:00,3882
2018-09-14 00:00:00,3620
2018-09-15 00:00:00,3125
2018-09-16 00:00:00,3075
2018-09-17 00:00:00,3787
2018-09-18 00:00:00,3384
2018-09-19 00:00:00,3817
2018-09-20 00:00:00,3739
2018-09-21 00:00:00,3658
2018-09-22 00:00:00,3216
2018-09-23 00:00:00,3171
2018-09-24 00:00:00,3814
2018-09-25 00:00:00,3800
2018-09-26 00:00:00,3864
2018-09-27 00:00:00,3885
2018-09-28 00:00:00,3645
2018-09-29 00:00:00,3010
2018-09-30 00:00:00,3117
2018-10-01 00:00:00,3758
2018-10-02 00:00:00,3817
2018-10-03 00:00:00,3837
2018-10-04 00:00:00,3979
2018-10-05 00:00:00,3701
2018-10-06 00:00:00,954
2018-10-09 00:00:00,1794
2018-10-10 00:00:00,3440
2018-10-11 00:00:00,3971
2018-10-12 00:00:00,3711
2018-10-13 00:00:00,3328
2018-10-14 00:00:00,3171
2018-10-15 00:00:00,3906
2018-10-16 00:00:00,4007
2018-10-17 00:00:00,3883
2018-10-18 00:00:00,4092
2018-10-19 00:00:00,3759
2018-10-20 00:00:00,3204
2018-10-21 00:00:00,3183
2018-10-22 00:00:00,3739
2018-10-23 00:00:00,3153
2018-10-24 00:00:00,3843
2018-10-25 00:00:00,3625
2018-10-26 00:00:00,3756
2018-10-27 00:00:00,3244
2018-10-28 00:00:00,3200
2018-10-29 00:00:00,3849
2018-10-30 00:00:00,3945
2018-10-31 00:00:00,3812
2018-11-01 00:00:00,4006
2018-11-02 00:00:00,3711
2018-11-03 00:00:00,3019
2018-11-04 00:00:00,3175
2018-11-05 00:00:00,3894
2018-11-06 00:00:00,3956
2018-11-07 00:00:00,3912
2018-11-08 00:00:00,3951
2018-11-09 00:00:00,3768
2018-11-10 00:00:00,3227
2018-11-11 00:00:00,3202
2018-11-12 00:00:00,3916
2018-11-13 00:00:00,3809
2018-11-14 00:00:00,3849
2018-11-15 00:00:00,3962
2018-11-16 00:00:00,3743
2018-11-17 00:00:00,3268
2018-11-18 00:00:00,3231
2018-11-19 00:00:00,3862
2018-11-20 00:00:00,3852
2018-11-21 00:00:00,3841
2018-11-22 00:00:00,3982
2018-11-23 00:00:00,3668
2018-11-24 00:00:00,3368
2018-11-25 00:00:00,3300
2018-11-26 00:00:00,3930
2018-11-27 00:00:00,4055
2018-11-28 00:00:00,4006
2018-11-29 00:00:00,4035
2018-11-30 00:00:00,3759
2018-12-01 00:00:00,3207
2018-12-02 00:00:00,3321
2018-12-03 00:00:00,3838
2018-12-04 00:00:00,3867
2018-12-05 00:00:00,3888
2018-12-06 00:00:00,3955
2018-12-07 00:00:00,3831
2018-12-08 00:00:00,3494
2018-12-09 00:00:00,3406
2018-12-10 00:00:00,4112
2018-12-11 00:00:00,3937
2018-12-12 00:00:00,4125
2018-12-13 00:00:00,3939
2018-12-14 00:00:00,3842
2018-12-15 00:00:00,3061
2018-12-16 00:00:00,3138
2018-12-17 00:00:00,3773
2018-12-18 00:00:00,3862
2018-12-19 00:00:00,3947
2018-12-20 00:00:00,3870
2018-12-21 00:00:00,3487
2018-12-22 00:00:00,2779
2018-12-23 00:00:00,3105
2018-12-24 00:00:00,2950
2018-12-25 00:00:00,2617
2018-12-26 00:00:00,2655
2018-12-27 00:00:00,2696
2018-12-28 00:00:00,1045
2018-12-29 00:00:00,1117
2018-12-30 00:00:00,2678
2018-12-31 00:00:00,2704
2019-01-01 00:00:00,2667
2019-01-02 00:00:00,3579
2019-01-03 00:00:00,3843
2019-01-04 00:00:00,3678
2019-01-05 00:00:00,3133
2019-01-06 00:00:00,3130
2019-01-07 00:00:00,3921
2019-01-08 00:00:00,3907
2019-01-09 00:00:00,3873
2019-01-10 00:00:00,4019
2019-01-11 00:00:00,3787
2019-01-12 00:00:00,3478
2019-01-13 00:00:00,3376
2019-01-14 00:00:00,3655
2019-01-15 00:00:00,3886
2019-01-16 00:00:00,3910
2019-01-17 00:00:00,3940
2019-01-18 00:00:00,4067
2019-01-19 00:00:00,3428
2019-01-20 00:00:00,3432
2019-01-21 00:00:00,3926
2019-01-22 00:00:00,3894
2019-01-23 00:00:00,3863
2019-01-24 00:00:00,3654
2019-01-25 00:00:00,3804
2019-01-26 00:00:00,3467
2019-01-27 00:00:00,3319
2019-01-28 00:00:00,3704
2019-01-29 00:00:00,3887
2019-01-30 00:00:00,2609
2019-01-31 00:00:00,2242
2019-02-01 00:00:00,3734
2019-02-02 00:00:00,3386
2019-02-03 00:00:00,3448
2019-02-04 00:00:00,3818
2019-02-05 00:00:00,3870
2019-02-06 00:00:00,3880
2019-02-07 00:00:00,3864
2019-02-08 00:00:00,3563
2019-02-09 00:00:00,3383
2019-02-10 00:00:00,3279
2019-02-11 00:00:00,3729
2019-02-12 00:00:00,3810
2019-02-13 00:00:00,3841
2019-02-14 00:00:00,3842
2019-02-15 00:00:00,3700
2019-02-16 00:00:00,3203
2019-02-17 00:00:00,3242
2019-02-18 00:00:00,3746
2019-02-19 00:00:00,3750
2019-02-20 00:00:00,3861
2019-02-21 00:00:00,3836
2019-02-22 00:00:00,3623
2019-02-23 00:00:00,3290
2019-02-24 00:00:00,3286
2019-02-25 00:00:00,3741
2019-02-26 00:00:00,3613
2019-02-27 00:00:00,3770
2019-02-28 00:00:00,3790
2019-03-01 00:00:00,3578
2019-03-02 00:00:00,3427
2019-03-03 00:00:00,3601
2019-03-04 00:00:00,3823
2019-03-05 00:00:00,3807
2019-03-06 00:00:00,3944
2019-03-07 00:00:00,3906
2019-03-08 00:00:00,3481
2019-03-09 00:00:00,3280
2019-03-10 00:00:00,3203
2019-03-11 00:00:00,3628
2019-03-12 00:00:00,3635
2019-03-13 00:00:00,3606
2019-03-14 00:00:00,3715
2019-03-15 00:00:00,3665
2019-03-16 00:00:00,3078
2019-03-17 00:00:00,3171
2019-03-18 00:00:00,3703
2019-03-19 00:00:00,3673
2019-03-20 00:00:00,3674
2019-03-21 00:00:00,3726
2019-03-22 00:00:00,3628
2019-03-23 00:00:00,3104
2019-03-24 00:00:00,3054
2019-03-25 00:00:00,3706
2019-03-26 00:00:00,3739
2019-03-27 00:00:00,2783
2019-03-28 00:00:00,3793
2019-03-29 00:00:00,3604
2019-03-30 00:00:00,3075
2019-03-31 00:00:00,2908
2019-04-01 00:00:00,3642
2019-04-02 00:00:00,3712
2019-04-03 00:00:00,3872
2019-04-04 00:00:00,3769
2019-04-05 00:00:00,3599
2019-04-06 00:00:00,3007
2019-04-07 00:00:00,3182
2019-04-08 00:00:00,3550
2019-04-09 00:00:00,3433
2019-04-10 00:00:00,3684
2019-04-11 00:00:00,3649
2019-04-12 00:00:00,3666
2019-04-13 00:00:00,3211
2019-04-14 00:00:00,3161
2019-04-15 00:00:00,3657
2019-04-16 00:00:00,3749
2019-04-17 00:00:00,3521
2019-04-18 00:00:00,3528
2019-04-19 00:00:00,2927
2019-04-20 00:00:00,3008
2019-04-21 00:00:00,2988
2019-04-22 00:00:00,2942
2019-04-23 00:00:00,3617
2019-04-24 00:00:00,3709
2019-04-25 00:00:00,3759
2019-04-26 00:00:00,3571
2019-04-27 00:00:00,3132
2019-04-28 00:00:00,3165
2019-04-29 00:00:00,3671
2019-04-30 00:00:00,3619
2019-05-01 00:00:00,3581
2019-05-02 00:00:00,3699
2019-05-03 00:00:00,3443
2019-05-04 00:00:00,2972
2019-05-05 00:00:00,3050
2019-05-06 00:00:00,3025
2019-05-07 00:00:00,3464
2019-05-08 00:00:00,3711
2019-05-09 00:00:00,3672
2019-05-10 00:00:00,3496
2019-05-11 00:00:00,3069
2019-05-12 00:00:00,2844
2019-05-13 00:00:00,3572
2019-05-14 00:00:00,3701
2019-05-15 00:00:00,3665
2019-05-16 00:00:00,3651
2019-05-17 00:00:00,3439
2019-05-18 00:00:00,2890
2019-05-19 00:00:00,2926
2019-05-20 00:00:00,3515
2019-05-21 00:00:00,3572
2019-05-22 00:00:00,3567
2019-05-23 00:00:00,3525
2019-05-24 00:00:00,3367
2019-05-25 00:00:00,2808
2019-05-26 00:00:00,2822
2019-05-27 00:00:00,2768
2019-05-28 00:00:00,3462
2019-05-29 00:00:00,3534
2019-05-30 00:00:00,3577
2019-05-31 00:00:00,3451
2019-06-01 00:00:00,2921
2019-06-02 00:00:00,2964
2019-06-03 00:00:00,3449
2019-06-04 00:00:00,3484
2019-06-05 00:00:00,2985
2019-06-06 00:00:00,3130
2019-06-07 00:00:00,3245
2019-06-08 00:00:00,2846
2019-06-09 00:00:00,2938
2019-06-10 00:00:00,3475
2019-06-11 00:00:00,3426
2019-06-12 00:00:00,3380
2019-06-13 00:00:00,3332
2019-06-14 00:00:00,3500
2019-06-15 00:00:00,2969
2019-06-16 00:00:00,2863
2019-06-17 00:00:00,3536
2019-06-18 00:00:00,3579
2019-06-19 00:00:00,3597
2019-06-20 00:00:00,3578
2019-06-21 00:00:00,3467
2019-06-22 00:00:00,3098
2019-06-23 00:00:00,3116
2019-06-24 00:00:00,2265
2019-06-25 00:00:00,2390
2019-06-26 00:00:00,3556
2019-06-27 00:00:00,3720
2019-06-28 00:00:00,3722
2019-06-29 00:00:00,3306
2019-06-30 00:00:00,3203
2019-07-01 00:00:00,3689
2019-07-02 00:00:00,1624
2019-07-04 00:00:00,1893
2019-07-05 00:00:00,3618
2019-07-06 00:00:00,3099
2019-07-07 00:00:00,3056
2019-07-08 00:00:00,1151
2019-07-09 00:00:00,1210
2019-07-10 00:00:00,3745
2019-07-11 00:00:00,3771
2019-07-12 00:00:00,3663
2019-07-13 00:00:00,3162
2019-07-14 00:00:00,3091
2019-07-15 00:00:00,3592
2019-07-16 00:00:00,3766
2019-07-17 00:00:00,3852
2019-07-18 00:00:00,3735
2019-07-19 00:00:00,3477
2019-07-20 00:00:00,3071
2019-07-21 00:00:00,3000
2019-07-22 00:00:00,3785
2019-07-23 00:00:00,4030
2019-07-24 00:00:00,3568
2019-07-25 00:00:00,4143
2019-07-26 00:00:00,3883
2019-07-27 00:00:00,3108
2019-07-28 00:00:00,3083
2019-07-29 00:00:00,3659
2019-07-30 00:00:00,3596
2019-07-31 00:00:00,3695
2019-08-01 00:00:00,3641
2019-08-02 00:00:00,3474
2019-08-03 00:00:00,3070
2019-08-04 00:00:00,3241
2019-08-05 00:00:00,3556
2019-08-06 00:00:00,3245
2019-08-07 00:00:00,3605
2019-08-08 00:00:00,3536
2019-08-09 00:00:00,3477
2019-08-10 00:00:00,3050
2019-08-11 00:00:00,2939
2019-08-12 00:00:00,3350
2019-08-13 00:00:00,3436
2019-08-14 00:00:00,3417
2019-08-15 00:00:00,3390
2019-08-16 00:00:00,3293
2019-08-17 00:00:00,2942
2019-08-18 00:00:00,2895
2019-08-19 00:00:00,3344
2019-08-20 00:00:00,3409
2019-08-21 00:00:00,3461
2019-08-22 00:00:00,3438
2019-08-23 00:00:00,3439
2019-08-24 00:00:00,2901
2019-08-25 00:00:00,2955
2019-08-26 00:00:00,2930
2019-08-27 00:00:00,3593
2019-08-28 00:00:00,3290
2019-08-29 00:00:00,3364
2019-08-30 00:00:00,3317
2019-08-31 00:00:00,2938
2019-09-01 00:00:00,2833
2019-09-02 00:00:00,3331
2019-09-03 00:00:00,3407
2019-09-04 00:00:00,3337
2019-09-05 00:00:00,3341
2019-09-06 00:00:00,3307
2019-09-07 00:00:00,2824
2019-09-08 00:00:00,2863
2019-09-09 00:00:00,3324
2019-09-10 00:00:00,3401
2019-09-11 00:00:00,3431
2019-09-12 00:00:00,3392
2019-09-13 00:00:00,3273
2019-09-14 00:00:00,2835
2019-09-15 00:00:00,2787
2019-09-16 00:00:00,3350
2019-09-17 00:00:00,3368
2019-09-18 00:00:00,3524
2019-09-19 00:00:00,3358
2019-09-20 00:00:00,3190
2019-09-21 00:00:00,2854
2019-09-22 00:00:00,2883
2019-09-23 00:00:00,3257
2019-09-24 00:00:00,3366
2019-09-25 00:00:00,3356
2019-09-26 00:00:00,3365
2019-09-27 00:00:00,3257
2019-09-28 00:00:00,2838
2019-09-29 00:00:00,2559
2019-09-30 00:00:00,3339
2019-10-01 00:00:00,3234
2019-10-02 00:00:00,3316
2019-10-03 00:00:00,3181
2019-10-04 00:00:00,3453
2019-10-05 00:00:00,2813
2019-10-06 00:00:00,2904
2019-10-07 00:00:00,3368
2019-10-08 00:00:00,3312
2019-10-09 00:00:00,3324
2019-10-10 00:00:00,3319
2019-10-11 00:00:00,3206
2019-10-12 00:00:00,2821
2019-10-13 00:00:00,2804
2019-10-14 00:00:00,3270
2019-10-15 00:00:00,3285
2019-10-16 00:00:00,3369
2019-10-17 00:00:00,3336
2019-10-18 00:00:00,3297
2019-10-19 00:00:00,2904
2019-10-20 00:00:00,2890
2019-10-21 00:00:00,3304
2019-10-22 00:00:00,3302
2019-10-23 00:00:00,3293
2019-10-24 00:00:00,3294
2019-10-25 00:00:00,3192
2019-10-26 00:00:00,2805
2019-10-27 00:00:00,2720
2019-10-28 00:00:00,3263
2019-10-29 00:00:00,3329
2019-10-30 00:00:00,3419
2019-10-31 00:00:00,3141
2019-11-01 00:00:00,3259
2019-11-02 00:00:00,2836
2019-11-03 00:00:00,2775
2019-11-04 00:00:00,3154
2019-11-05 00:00:00,3272
2019-11-06 00:00:00,3428
2019-11-07 00:00:00,3302
2019-11-08 00:00:00,3126
2019-11-09 00:00:00,2843
2019-11-10 00:00:00,2664
2019-11-11 00:00:00,3382
2019-11-12 00:00:00,3342
2019-11-13 00:00:00,3424
2019-11-14 00:00:00,3491
2019-11-15 00:00:00,3271
2019-11-16 00:00:00,2734
2019-11-17 00:00:00,2785
2019-11-18 00:00:00,3254
2019-11-19 00:00:00,3365
2019-11-20 00:00:00,3362
2019-11-21 00:00:00,3258
2019-11-22 00:00:00,3291
2019-11-23 00:00:00,2908
2019-11-24 00:00:00,2755
2019-11-25 00:00:00,3265
2019-11-26 00:00:00,3314
2019-11-27 00:00:00,3252
2019-11-28 00:00:00,3231
2019-11-29 00:00:00,3122
2019-11-30 00:00:00,2812
2019-12-01 00:00:00,2837
2019-12-02 00:00:00,3284
2019-12-03 00:00:00,3197
2019-12-04 00:00:00,3312
2019-12-05 00:00:00,3197
2019-12-06 00:00:00,3215
2019-12-07 00:00:00,2754
2019-12-08 00:00:00,2783
2019-12-09 00:00:00,3106
2019-12-10 00:00:00,3364
2019-12-11 00:00:00,3147
2019-12-12 00:00:00,3216
2019-12-13 00:00:00,3209
2019-12-14 00:00:00,2858
2019-12-15 00:00:00,2683
2019-12-16 00:00:00,3227
2019-12-17 00:00:00,3217
2019-12-18 00:00:00,3115
2019-12-19 00:00:00,3239
2019-12-20 00:00:00,3175
2019-12-21 00:00:00,2636
2019-12-22 00:00:00,2712
2019-12-23 00:00:00,2974
2019-12-24 00:00:00,2586
2019-12-25 00:00:00,2494
2019-12-26 00:00:00,2540
2019-12-27 00:00:00,2761
2019-12-28 00:00:00,2687
2019-12-29 00:00:00,2566
2019-12-30 00:00:00,2539
2019-12-31 00:00:00,2480
2020-01-01 00:00:00,2586
2020-01-02 00:00:00,3053
2020-01-03 00:00:00,3027
2020-01-04 00:00:00,2617
2020-01-05 00:00:00,2638
2020-01-06 00:00:00,3183
2020-01-07 00:00:00,3217
2020-01-08 00:00:00,3213
2020-01-09 00:00:00,3303
2020-01-10 00:00:00,3099
2020-01-11 00:00:00,2751
2020-01-12 00:00:00,2780
2020-01-13 00:00:00,3317
2020-01-14 00:00:00,3228
2020-01-15 00:00:00,3342
2020-01-16 00:00:00,3311
2020-01-17 00:00:00,3283
2020-01-18 00:00:00,2673
2020-01-19 00:00:00,2806
2020-01-20 00:00:00,3295
2020-01-21 00:00:00,3388
2020-01-22 00:00:00,3027
2020-01-23 00:00:00,3303
2020-01-24 00:00:00,3214
2020-01-25 00:00:00,2850
2020-01-26 00:00:00,2823
2020-01-27 00:00:00,3305
2020-01-28 00:00:00,3259
2020-01-29 00:00:00,3317
2020-01-30 00:00:00,3329
2020-01-31 00:00:00,3366
2020-02-01 00:00:00,2824
2020-02-02 00:00:00,2909
2020-02-03 00:00:00,3232
2020-02-04 00:00:00,3403
2020-02-05 00:00:00,3321
2020-02-06 00:00:00,3368
2020-02-07 00:00:00,2404
2020-02-08 00:00:00,2859
2020-02-09 00:00:00,2733
2020-02-10 00:00:00,3343
2020-02-11 00:00:00,3426
2020-02-12 00:00:00,3465
2020-02-13 00:00:00,3339
2020-02-14 00:00:00,3218
2020-02-15 00:00:00,2994
2020-02-16 00:00:00,2878
2020-02-17 00:00:00,3309
2020-02-18 00:00:00,3228
2020-02-19 00:00:00,3206
2020-02-20 00:00:00,3224
2020-02-21 00:00:00,3188
2020-02-22 00:00:00,2834
2020-02-23 00:00:00,2729
2020-02-24 00:00:00,3087
2020-02-25 00:00:00,3262
2020-02-26 00:00:00,3292
2020-02-27 00:00:00,3273
2020-02-28 00:00:00,3198
2020-02-29 00:00:00,2691
2020-03-01 00:00:00,2817
2020-03-02 00:00:00,3216
2020-03-03 00:00:00,3143
2020-03-04 00:00:00,3259
2020-03-05 00:00:00,3199
2020-03-06 00:00:00,3022
2020-03-07 00:00:00,2750
2020-03-08 00:00:00,2664
2020-03-09 00:00:00,3217
2020-03-10 00:00:00,3093
2020-03-11 00:00:00,3188
2020-03-12 00:00:00,3170
2020-03-13 00:00:00,2881
2020-03-14 00:00:00,2769
2020-03-15 00:00:00,2570
2020-03-16 00:00:00,3178
2020-03-17 00:00:00,3052
2020-03-18 00:00:00,3189
2020-03-19 00:00:00,3136
2020-03-20 00:00:00,3066
2020-03-21 00:00:00,2663
2020-03-22 00:00:00,2773
2020-03-23 00:00:00,3078
2020-03-24 00:00:00,3015
2020-03-25 00:00:00,3024
2020-03-26 00:00:00,2971
2020-03-27 00:00:00,2911
2020-03-28 00:00:00,2566
2020-03-29 00:00:00,2477
2020-03-30 00:00:00,2923
2020-03-31 00:00:00,2897
2020-04-01 00:00:00,2903
2020-04-02 00:00:00,2887
2020-04-03 00:00:00,2846
2020-04-04 00:00:00,2491
2020-04-05 00:00:00,2526
2020-04-06 00:00:00,2914
2020-04-07 00:00:00,3010
2020-04-08 00:00:00,3062
2020-04-09 00:00:00,2923
2020-04-10 00:00:00,2377
2020-04-11 00:00:00,2505
2020-04-12 00:00:00,2484
2020-04-13 00:00:00,2503
2020-04-14 00:00:00,2767
2020-04-15 00:00:00,2922
2020-04-16 00:00:00,2866
2020-04-17 00:00:00,2837
2020-04-18 00:00:00,2540
2020-04-19 00:00:00,2558
2020-04-20 00:00:00,2921
2020-04-21 00:00:00,2900
2020-04-22 00:00:00,2945
2020-04-23 00:00:00,2917
2020-04-24 00:00:00,2844
2020-04-25 00:00:00,2437
2020-04-26 00:00:00,2600
2020-04-27 00:00:00,3000
2020-04-28 00:00:00,2977
2020-04-29 00:00:00,2907
2020-04-30 00:00:00,2951
2020-05-01 00:00:00,2783
2020-05-02 00:00:00,2600
2020-05-03 00:00:00,2621
2020-05-04 00:00:00,2922
2020-05-05 00:00:00,2836
2020-05-06 00:00:00,2717
2020-05-07 00:00:00,2884
2020-05-08 00:00:00,2668
2020-05-09 00:00:00,2550
2020-05-10 00:00:00,2496
2020-05-11 00:00:00,2865
2020-05-12 00:00:00,2882
2020-05-13 00:00:00,2895
2020-05-14 00:00:00,2855
2020-05-15 00:00:00,2780
2020-05-16 00:00:00,2440
2020-05-17 00:00:00,2433
2020-05-18 00:00:00,2798
2020-05-19 00:00:00,2840
2020-05-20 00:00:00,2973
2020-05-21 00:00:00,2823
2020-05-22 00:00:00,2730
2020-05-23 00:00:00,2451
2020-05-24 00:00:00,2467
2020-05-25 00:00:00,2541
2020-05-26 00:00:00,2903
2020-05-27 00:00:00,2951
2020-05-28 00:00:00,2991
2020-05-29 00:00:00,2958
2020-05-30 00:00:00,2568
2020-05-31 00:00:00,2598
2020-06-01 00:00:00,2998
2020-06-02 00:00:00,3003
2020-06-03 00:00:00,2913
2020-06-04 00:00:00,2971
2020-06-05 00:00:00,2869
2020-06-06 00:00:00,2506
2020-06-07 00:00:00,2446
2020-06-08 00:00:00,2787
2020-06-09 00:00:00,2851
2020-06-10 00:00:00,2844
2020-06-11 00:00:00,2852
2020-06-12 00:00:00,2684
2020-06-13 00:00:00,2511
2020-06-14 00:00:00,2532
2020-06-15 00:00:00,2945
2020-06-16 00:00:00,2956
2020-06-17 00:00:00,2823
2020-06-18 00:00:00,2832
2020-06-19 00:00:00,2741
2020-06-20 00:00:00,2528
2020-06-21 00:00:00,2539
2020-06-22 00:00:00,2973
2020-06-23 00:00:00,2984
2020-06-24 00:00:00,3296
2020-06-25 00:00:00,1557
2020-06-26 00:00:00,2035
2020-06-27 00:00:00,2576
2020-06-28 00:00:00,2458
2020-06-29 00:00:00,2992
2020-06-30 00:00:00,2965
2020-07-01 00:00:00,2833
2020-07-02 00:00:00,2910
2020-07-03 00:00:00,2806
2020-07-04 00:00:00,2634
2020-07-05 00:00:00,2637
2020-07-06 00:00:00,2675
2020-07-07 00:00:00,2946
2020-07-08 00:00:00,2963
2020-07-09 00:00:00,2947
2020-07-10 00:00:00,2919
2020-07-13 00:00:00,1941
2020-07-14 00:00:00,2945
2020-07-15 00:00:00,2943
2020-07-16 00:00:00,3061
2020-07-17 00:00:00,2977
2020-07-18 00:00:00,2671
2020-07-19 00:00:00,2539
2020-07-20 00:00:00,2999
2020-07-21 00:00:00,3030
2020-07-22 00:00:00,3032
2020-07-23 00:00:00,3076
2020-07-24 00:00:00,2996
2020-07-25 00:00:00,2696
2020-07-26 00:00:00,2582
2020-07-27 00:00:00,3042
2020-07-28 00:00:00,2876
2020-07-29 00:00:00,2972
2020-07-30 00:00:00,3031
2020-07-31 00:00:00,3141
2020-08-01 00:00:00,2653
2020-08-02 00:00:00,2607
2020-08-03 00:00:00,2964
2020-08-04 00:00:00,2985
2020-08-05 00:00:00,3114
2020-08-06 00:00:00,3200
2020-08-07 00:00:00,3207
2020-08-08 00:00:00,2681
2020-08-09 00:00:00,2657
2020-08-10 00:00:00,3075
2020-08-11 00:00:00,3245
2020-08-12 00:00:00,3335
2020-08-13 00:00:00,3098
2020-08-14 00:00:00,2913
2020-08-15 00:00:00,2600
2020-08-16 00:00:00,2599
2020-08-17 00:00:00,3026
2020-08-18 00:00:00,3013
2020-08-19 00:00:00,3049
2020-08-20 00:00:00,3138
2020-08-21 00:00:00,2991
2020-08-22 00:00:00,2638
2020-08-23 00:00:00,2613
2020-08-24 00:00:00,3031
2020-08-25 00:00:00,2994
2020-08-26 00:00:00,2999
2020-08-27 00:00:00,2844
2020-08-28 00:00:00,2704
2020-08-29 00:00:00,2535
2020-08-30 00:00:00,2601
2020-08-31 00:00:00,2719
2020-09-01 00:00:00,3024
2020-09-02 00:00:00,3073
2020-09-03 00:00:00,3087
2020-09-04 00:00:00,2971
2020-09-05 00:00:00,2588
2020-09-06 00:00:00,2623
2020-09-07 00:00:00,3007
2020-09-08 00:00:00,3090
2020-09-09 00:00:00,2747
2020-09-10 00:00:00,2919
2020-09-11 00:00:00,2899
2020-09-12 00:00:00,2623
2020-09-13 00:00:00,2622
2020-09-14 00:00:00,3131
2020-09-15 00:00:00,3191
2020-09-16 00:00:00,3039
2020-09-17 00:00:00,2997
2020-09-18 00:00:00,2910
2020-09-19 00:00:00,2616
2020-09-20 00:00:00,2588
2020-09-21 00:00:00,3000
2020-09-22 00:00:00,2904
2020-09-23 00:00:00,2977
2020-09-24 00:00:00,2883
2020-09-25 00:00:00,2838
2020-09-26 00:00:00,2603
2020-09-27 00:00:00,2542
2020-09-28 00:00:00,2947
2020-09-29 00:00:00,2932
2020-09-30 00:00:00,2958
2020-10-01 00:00:00,2952
2020-10-02 00:00:00,2885
2020-10-03 00:00:00,2680
2020-10-04 00:00:00,2649
2020-10-05 00:00:00,3030
2020-10-06 00:00:00,2787
2020-10-07 00:00:00,2994
2020-10-08 00:00:00,2797
2020-10-09 00:00:00,2816
2020-10-10 00:00:00,2555
2020-10-11 00:00:00,2620
2020-10-12 00:00:00,2985
2020-10-13 00:00:00,3003
2020-10-14 00:00:00,3083
2020-10-15 00:00:00,2997
2020-10-16 00:00:00,2924
2020-10-17 00:00:00,2604
2020-10-18 00:00:00,2576
2020-10-19 00:00:00,2976
2020-10-20 00:00:00,2872
2020-10-21 00:00:00,2932
2020-10-22 00:00:00,2896
2020-10-23 00:00:00,2764
2020-10-24 00:00:00,2463
2020-10-25 00:00:00,2431
2020-10-26 00:00:00,2800
2020-10-27 00:00:00,2858
2020-10-28 00:00:00,2838
2020-10-29 00:00:00,2898
2020-10-30 00:00:00,2825
2020-10-31 00:00:00,2612
2020-11-01 00:00:00,2492
2020-11-02 00:00:00,2921
2020-11-03 00:00:00,2902
2020-11-04 00:00:00,3001
2020-11-05 00:00:00,2965
2020-11-06 00:00:00,2823
2020-11-07 00:00:00,2528
2020-11-08 00:00:00,2552
2020-11-09 00:00:00,2937
2020-11-10 00:00:00,2906
2020-11-11 00:00:00,2918
2020-11-12 00:00:00,2364
2020-11-13 00:00:00,2863
2020-11-14 00:00:00,2417
2020-11-15 00:00:00,2539
2020-11-16 00:00:00,2880
2020-11-17 00:00:00,2868
2020-11-18 00:00:00,2837
2020-11-19 00:00:00,2835
2020-11-20 00:00:00,2784
2020-11-21 00:00:00,2535
2020-11-22 00:00:00,2561
2020-11-23 00:00:00,2908
2020-11-24 00:00:00,2850
2020-11-25 00:00:00,2790
2020-11-26 00:00:00,2918
2020-11-27 00:00:00,2822
2020-11-28 00:00:00,2397
2020-11-29 00:00:00,2506
2020-11-30 00:00:00,2890
2020-12-01 00:00:00,2768
2020-12-02 00:00:00,2841
2020-12-03 00:00:00,2826
2020-12-04 00:00:00,2736
2020-12-05 00:00:00,2445
2020-12-06 00:00:00,2351
2020-12-07 00:00:00,2727
2020-12-08 00:00:00,2858
2020-12-09 00:00:00,2865
2020-12-10 00:00:00,2879
2020-12-11 00:00:00,2749
2020-12-12 00:00:00,2448
2020-12-13 00:00:00,2461
2020-12-14 00:00:00,2847
2020-12-15 00:00:00,2828
2020-12-16 00:00:00,2865
2020-12-17 00:00:00,2826
2020-12-18 00:00:00,2497
2020-12-19 00:00:00,2335
2020-12-20 00:00:00,2351
2020-12-21 00:00:00,2773
2020-12-22 00:00:00,2674
2020-12-23 00:00:00,2659
2020-12-24 00:00:00,2503
2020-12-25 00:00:00,2460
2020-12-26 00:00:00,2383
2020-12-27 00:00:00,2389
2020-12-28 00:00:00,2506
2020-12-29 00:00:00,2497
2020-12-30 00:00:00,2472
2020-12-31 00:00:00,2445
2021-01-01 00:00:00,2467
2021-01-02 00:00:00,2436
2021-01-03 00:00:00,2443
2021-01-04 00:00:00,2851
2021-01-05 00:00:00,2797
2021-01-06 00:00:00,2805
2021-01-07 00:00:00,2659
2021-01-08 00:00:00,2712
2021-01-09 00:00:00,2448
2021-01-10 00:00:00,2425
2021-01-11 00:00:00,3033
2021-01-12 00:00:00,2775
2021-01-13 00:00:00,2827
2021-01-14 00:00:00,2748
2021-01-15 00:00:00,2713
2021-01-16 00:00:00,2422
2021-01-17 00:00:00,2444
2021-01-18 00:00:00,2674
2021-01-19 00:00:00,2766
2021-01-20 00:00:00,2750
2021-01-21 00:00:00,2646
2021-01-22 00:00:00,2622
2021-01-23 00:00:00,2351
2021-01-24 00:00:00,2356
2021-01-25 00:00:00,2691
2021-01-26 00:00:00,2025
2021-01-27 00:00:00,1651
2021-01-28 00:00:00,2736
2021-01-29 00:00:00,2660
2021-01-30 00:00:00,2393
2021-01-31 00:00:00,2392
2021-02-01 00:00:00,2553
2021-02-02 00:00:00,2682
2021-02-03 00:00:00,2766
2021-02-04 00:00:00,2749
2021-02-05 00:00:00,2723
2021-02-06 00:00:00,2404
2021-02-07 00:00:00,2401
2021-02-08 00:00:00,2828
2021-02-09 00:00:00,2767
2021-02-10 00:00:00,2886
2021-02-11 00:00:00,2948
2021-02-12 00:00:00,2645
2021-02-13 00:00:00,2113
2021-02-14 00:00:00,2209
2021-02-15 00:00:00,2960
2021-02-16 00:00:00,2782
2021-02-17 00:00:00,2742
2021-02-18 00:00:00,2777
2021-02-19 00:00:00,2696
2021-02-20 00:00:00,2361
2021-02-21 00:00:00,2338
2021-02-22 00:00:00,2796
2021-02-23 00:00:00,2782
2021-02-24 00:00:00,2798
2021-02-25 00:00:00,2724
2021-02-26 00:00:00,2797
2021-02-27 00:00:00,2439
2021-02-28 00:00:00,2542
2021-03-01 00:00:00,2797
2021-03-02 00:00:00,2782
2021-03-03 00:00:00,2717
2021-03-04 00:00:00,2866
2021-03-05 00:00:00,2704
2021-03-06 00:00:00,2306
2021-03-07 00:00:00,2297
2021-03-08 00:00:00,2675
2021-03-09 00:00:00,2858
2021-03-10 00:00:00,2744
2021-03-11 00:00:00,2722
2021-03-12 00:00:00,2639
2021-03-13 00:00:00,2431
2021-03-14 00:00:00,2344
2021-03-15 00:00:00,2785
2021-03-16 00:00:00,2717
2021-03-17 00:00:00,2795
2021-03-18 00:00:00,2728
2021-03-19 00:00:00,2705
2021-03-20 00:00:00,2381
2021-03-21 00:00:00,2383
2021-03-22 00:00:00,2712
2021-03-23 00:00:00,2767
2021-03-24 00:00:00,2918
2021-03-25 00:00:00,2877
2021-03-26 00:00:00,1725
2021-03-29 00:00:00,1913
2021-03-30 00:00:00,2788
2021-03-31 00:00:00,2852
2021-04-01 00:00:00,2676
2021-04-02 00:00:00,2339
2021-04-03 00:00:00,2277
2021-04-04 00:00:00,2264
2021-04-05 00:00:00,2339
2021-04-06 00:00:00,2726
2021-04-07 00:00:00,2860
2021-04-08 00:00:00,2757
2021-04-09 00:00:00,2769
2021-04-10 00:00:00,2333
2021-04-11 00:00:00,2331
2021-04-12 00:00:00,2692
2021-04-13 00:00:00,2928
2021-04-14 00:00:00,2815
2021-04-15 00:00:00,2795
2021-04-16 00:00:00,2762
2021-04-17 00:00:00,2388
2021-04-18 00:00:00,2487
2021-04-19 00:00:00,2863
2021-04-20 00:00:00,2831
2021-04-21 00:00:00,2947
2021-04-22 00:00:00,2853
2021-04-23 00:00:00,2664
2021-04-24 00:00:00,2502
2021-04-25 00:00:00,2433
2021-04-26 00:00:00,2888
2021-04-27 00:00:00,2955
2021-04-28 00:00:00,2855
2021-04-29 00:00:00,2845
2021-04-30 00:00:00,2765
2021-05-01 00:00:00,2316
2021-05-02 00:00:00,2338
2021-05-03 00:00:00,2399
2021-05-04 00:00:00,2900
2021-05-05 00:00:00,2780
2021-05-06 00:00:00,2769
2021-05-07 00:00:00,2753
2021-05-08 00:00:00,2150
2021-05-09 00:00:00,2343
2021-05-10 00:00:00,2788
2021-05-11 00:00:00,2772
2021-05-12 00:00:00,2779
2021-05-13 00:00:00,2907
2021-05-14 00:00:00,2784
2021-05-15 00:00:00,2324
2021-05-16 00:00:00,2339
2021-05-17 00:00:00,2822
2021-05-18 00:00:00,2700
2021-05-19 00:00:00,2982
2021-05-20 00:00:00,2712
2021-05-21 00:00:00,2774
2021-05-22 00:00:00,2374
2021-05-23 00:00:00,2447
2021-05-24 00:00:00,2892
2021-05-25 00:00:00,2884
2021-05-26 00:00:00,2939
2021-05-27 00:00:00,2719
2021-05-28 00:00:00,2786
2021-05-29 00:00:00,2314
2021-05-30 00:00:00,2337
2021-05-31 00:00:00,2409
2021-06-01 00:00:00,2671
2021-06-02 00:00:00,2944
2021-06-03 00:00:00,2922
2021-06-04 00:00:00,2964
2021-06-05 00:00:00,2515
2021-06-06 00:00:00,2524
2021-06-07 00:00:00,3116
2021-06-08 00:00:00,3128
2021-06-09 00:00:00,3169
2021-06-10 00:00:00,3083
2021-06-11 00:00:00,2918
2021-06-12 00:00:00,2518
2021-06-13 00:00:00,2597
2021-06-14 00:00:00,3079
2021-06-15 00:00:00,2984
2021-06-16 00:00:00,3048
2021-06-17 00:00:00,2955
2021-06-18 00:00:00,2866
2021-06-19 00:00:00,2359
2021-06-20 00:00:00,2425
2021-06-21 00:00:00,2843
2021-06-22 00:00:00,2882
2021-06-23 00:00:00,2832
2021-06-24 00:00:00,2913
2021-06-25 00:00:00,2736
2021-06-26 00:00:00,2353
2021-06-27 00:00:00,2298
2021-06-28 00:00:00,2804
2021-06-29 00:00:00,2855
2021-06-30 00:00:00,2968
2021-07-01 00:00:00,2854
2021-07-02 00:00:00,2785
2021-07-03 00:00:00,2404
2021-07-04 00:00:00,2433
2021-07-05 00:00:00,2931
2021-07-06 00:00:00,2812
2021-07-07 00:00:00,2843
2021-07-08 00:00:00,2904
2021-07-09 00:00:00,2839
2021-07-10 00:00:00,2467
2021-07-11 00:00:00,2530
2021-07-12 00:00:00,2910
2021-07-13 00:00:00,3027
2021-07-14 00:00:00,3092
2021-07-15 00:00:00,2929
2021-07-16 00:00:00,3146
2021-07-17 00:00:00,2648
2021-07-18 00:00:00,2623
2021-07-19 00:00:00,3194
2021-07-20 00:00:00,3221
2021-07-21 00:00:00,3256
2021-07-22 00:00:00,3121
2021-07-23 00:00:00,3013
2021-07-24 00:00:00,2500
2021-07-25 00:00:00,2510
2021-07-26 00:00:00,3116
2021-07-27 00:00:00,3033
2021-07-28 00:00:00,2962
2021-07-29 00:00:00,2946
2021-07-30 00:00:00,2845
2021-07-31 00:00:00,2452
2021-08-01 00:00:00,2430
2021-08-02 00:00:00,2963
2021-08-03 00:00:00,2947
2021-08-04 00:00:00,2930
2021-08-05 00:00:00,2977
2021-08-06 00:00:00,2897
2021-08-07 00:00:00,2418
2021-08-08 00:00:00,2471
2021-08-09 00:00:00,2950
2021-08-10 00:00:00,3124
2021-08-11 00:00:00,2945
2021-08-12 00:00:00,2808
2021-08-13 00:00:00,2923
2021-08-14 00:00:00,2422
2021-08-15 00:00:00,2370
2021-08-16 00:00:00,2912
2021-08-17 00:00:00,3059
2021-08-18 00:00:00,3058
2021-08-19 00:00:00,2954
2021-08-20 00:00:00,2883
2021-08-21 00:00:00,2432
2021-08-22 00:00:00,2534
2021-08-23 00:00:00,3093
2021-08-24 00:00:00,3040
2021-08-25 00:00:00,3002
2021-08-26 00:00:00,3037
2021-08-27 00:00:00,2849
2021-08-28 00:00:00,2495
2021-08-29 00:00:00,2470
2021-08-30 00:00:00,2653
2021-08-31 00:00:00,3036
2021-09-01 00:00:00,2917
2021-09-02 00:00:00,2950
2021-09-03 00:00:00,2833
2021-09-04 00:00:00,2361
2021-09-05 00:00:00,2430
2021-09-06 00:00:00,3000
2021-09-07 00:00:00,2892
2021-09-08 00:00:00,3157
2021-09-09 00:00:00,3081
2021-09-10 00:00:00,3025
2021-09-11 00:00:00,2488
2021-09-12 00:00:00,2352
2021-09-13 00:00:00,2849
2021-09-14 00:00:00,1967
2021-09-16 00:00:00,270
2021-09-20 00:00:00,1794
2021-09-21 00:00:00,2819
2021-09-22 00:00:00,2949
2021-09-23 00:00:00,2900
2021-09-24 00:00:00,2997
2021-09-25 00:00:00,2504
2021-09-26 00:00:00,2580
2021-09-27 00:00:00,3009
2021-09-28 00:00:00,2962
2021-09-29 00:00:00,3023
2021-09-30 00:00:00,3127
2021-10-01 00:00:00,2878
2021-10-02 00:00:00,2450
2021-10-03 00:00:00,2429
2021-10-04 00:00:00,3036
2021-10-05 00:00:00,2930
2021-10-06 00:00:00,2958
2021-10-07 00:00:00,3089
2021-10-08 00:00:00,3022
2021-10-09 00:00:00,2510
2021-10-10 00:00:00,2530
2021-10-11 00:00:00,3145
2021-10-12 00:00:00,3020
2021-10-13 00:00:00,2888
2021-10-14 00:00:00,3073
2021-10-15 00:00:00,2889
2021-10-16 00:00:00,2651
2021-10-17 00:00:00,2669
2021-10-18 00:00:00,3122
2021-10-19 00:00:00,3075
2021-10-20 00:00:00,2968
2021-10-21 00:00:00,3013
2021-10-22 00:00:00,1227
2021-10-28 00:00:00,2071
2021-10-29 00:00:00,2937
2021-10-30 00:00:00,2610
2021-10-31 00:00:00,2492
2021-11-01 00:00:00,2946
2021-11-02 00:00:00,3080
2021-11-03 00:00:00,3120
2021-11-04 00:00:00,3157
2021-11-05 00:00:00,2986
2021-11-06 00:00:00,2495
2021-11-07 00:00:00,2633
2021-11-08 00:00:00,3133
2021-11-09 00:00:00,3089
2021-11-10 00:00:00,3018
2021-11-11 00:00:00,2990
2021-11-12 00:00:00,2824
2021-11-13 00:00:00,2567
2021-11-14 00:00:00,2710
2021-11-15 00:00:00,3120
2021-11-16 00:00:00,3046
2021-11-17 00:00:00,3148
2021-11-18 00:00:00,3071
2021-11-19 00:00:00,2870
2021-11-20 00:00:00,2449
2021-11-21 00:00:00,2494
2021-11-22 00:00:00,2983
2021-11-23 00:00:00,3016
2021-11-24 00:00:00,2919
2021-11-25 00:00:00,3025
2021-11-26 00:00:00,2781
2021-11-27 00:00:00,2699
2021-11-28 00:00:00,2592
2021-11-29 00:00:00,3000
2021-11-30 00:00:00,3114
2021-12-01 00:00:00,2999
2021-12-02 00:00:00,2948
2021-12-03 00:00:00,2997
2021-12-04 00:00:00,2549
2021-12-05 00:00:00,2704
2021-12-06 00:00:00,3031
2021-12-07 00:00:00,3185
2021-12-08 00:00:00,2960
2021-12-09 00:00:00,3026
2021-12-10 00:00:00,2888
2021-12-11 00:00:00,2722
2021-12-12 00:00:00,2551
2021-12-13 00:00:00,2947
2021-12-14 00:00:00,2966
2021-12-15 00:00:00,2944
2021-12-16 00:00:00,2861
2021-12-17 00:00:00,2811
2021-12-18 00:00:00,2550
2021-12-19 00:00:00,2459
2021-12-20 00:00:00,2966
2021-12-21 00:00:00,2778
2021-12-22 00:00:00,2978
2021-12-23 00:00:00,2836
2021-12-24 00:00:00,1346
2022-01-17 00:00:00,1166
2022-01-18 00:00:00,3059
2022-01-19 00:00:00,2994
2022-01-20 00:00:00,1968
2022-01-21 00:00:00,1941
2022-01-22 00:00:00,2604
2022-01-23 00:00:00,2711
2022-01-24 00:00:00,2999
2022-01-25 00:00:00,1673
2022-02-01 00:00:00,1454
2022-02-02 00:00:00,2933
2022-02-03 00:00:00,2798
2022-02-04 00:00:00,2773
2022-02-05 00:00:00,2307
2022-02-06 00:00:00,2441
2022-02-07 00:00:00,916
2022-02-08 00:00:00,1501
2022-02-09 00:00:00,2742
2022-02-10 00:00:00,2818
2022-02-11 00:00:00,2689
2022-02-12 00:00:00,2352
2022-02-13 00:00:00,2412
2022-02-14 00:00:00,2716
2022-02-15 00:00:00,2811
2022-02-16 00:00:00,2860
2022-02-17 00:00:00,2826
2022-02-18 00:00:00,2778
2022-02-19 00:00:00,2258
2022-02-20 00:00:00,2242
2022-02-21 00:00:00,2822
2022-02-22 00:00:00,2745
2022-02-23 00:00:00,2784
2022-02-24 00:00:00,2673
2022-02-25 00:00:00,2623
2022-02-26 00:00:00,2296
2022-02-27 00:00:00,2342
2022-02-28 00:00:00,2738
2022-03-01 00:00:00,2824
2022-03-02 00:00:00,2906
2022-03-03 00:00:00,2888
2022-03-04 00:00:00,2915
2022-03-05 00:00:00,2391
2022-03-06 00:00:00,2426
2022-03-07 00:00:00,2818
2022-03-08 00:00:00,1175
2022-03-11 00:00:00,1898
2022-03-12 00:00:00,2393
2022-03-13 00:00:00,2335
2022-03-14 00:00:00,2820
2022-03-15 00:00:00,2712
2022-03-16 00:00:00,2717
2022-03-17 00:00:00,2672
2022-03-18 00:00:00,2685
2022-03-19 00:00:00,2400
2022-03-20 00:00:00,2376
2022-03-21 00:00:00,2809
2022-03-22 00:00:00,2818
2022-03-23 00:00:00,2741
2022-03-24 00:00:00,2698
2022-03-25 00:00:00,2693
2022-03-26 00:00:00,2209
2022-03-27 00:00:00,2143
2022-03-28 00:00:00,2523
2022-03-29 00:00:00,3022.479943
2022-03-31 00:00:00,1241
2022-04-01 00:00:00,2512
2022-04-02 00:00:00,2176
2022-04-03 00:00:00,2253
2022-04-04 00:00:00,2468
2022-04-05 00:00:00,2603
2022-04-06 00:00:00,2652
2022-04-07 00:00:00,2716
2022-04-08 00:00:00,2565
2022-04-09 00:00:00,2266
2022-04-10 00:00:00,2188
2022-04-11 00:00:00,2690
2022-04-12 00:00:00,2601
2022-04-13 00:00:00,2561
2022-04-14 00:00:00,2532
2022-04-15 00:00:00,1708
2022-04-25 00:00:00,1050
2022-04-26 00:00:00,2671
2022-04-27 00:00:00,2580
2022-04-28 00:00:00,2525
2022-04-29 00:00:00,2465
2022-04-30 00:00:00,2188
2022-05-01 00:00:00,2190
2022-05-02 00:00:00,2237
2022-05-03 00:00:00,2604
2022-05-04 00:00:00,2759
2022-05-05 00:00:00,2579
2022-05-11 00:00:00,1411
2022-05-12 00:00:00,2550
2022-05-13 00:00:00,2638
2022-05-14 00:00:00,2249
2022-05-15 00:00:00,2222
2022-05-16 00:00:00,2633
2022-05-17 00:00:00,2812
2022-05-18 00:00:00,2757
2022-05-19 00:00:00,2853
2022-05-20 00:00:00,2680
2022-05-21 00:00:00,2297
2022-05-22 00:00:00,2230
2022-05-23 00:00:00,2749
2022-05-24 00:00:00,2676
2022-05-25 00:00:00,2684
2022-05-26 00:00:00,2804
2022-05-27 00:00:00,2638
2022-05-28 00:00:00,2257
2022-05-29 00:00:00,2244
2022-05-30 00:00:00,2765
2022-05-31 00:00:00,2680
2022-06-01 00:00:00,2775
2022-06-02 00:00:00,2236
2022-06-03 00:00:00,2195
2022-06-04 00:00:00,2177
2022-06-05 00:00:00,2136
2022-06-06 00:00:00,2829
2022-06-07 00:00:00,2765
2022-06-08 00:00:00,2773
2022-06-09 00:00:00,2794
2022-06-10 00:00:00,2827
2022-06-11 00:00:00,2299
2022-06-12 00:00:00,2345
2022-06-13 00:00:00,2723
2022-06-14 00:00:00,2810
2022-06-15 00:00:00,2847
2022-06-16 00:00:00,2839
2022-06-17 00:00:00,2831
2022-06-18 00:00:00,2227
2022-06-19 00:00:00,2336
2022-06-20 00:00:00,2836
2022-06-21 00:00:00,2779
2022-06-22 00:00:00,2810
2022-06-23 00:00:00,2850
2022-06-24 00:00:00,2745
2022-06-25 00:00:00,2295
2022-06-26 00:00:00,2201
2022-06-27 00:00:00,2643
2022-06-28 00:00:00,2692
2022-06-29 00:00:00,2771
2022-06-30 00:00:00,2797
2022-07-01 00:00:00,2681
2022-07-02 00:00:00,2179
2022-07-03 00:00:00,2133
2022-07-04 00:00:00,2691
2022-07-05 00:00:00,2721
2022-07-06 00:00:00,2687
2022-07-07 00:00:00,2982
2022-07-08 00:00:00,2844
2022-07-09 00:00:00,2354
2022-07-10 00:00:00,2385
2022-07-11 00:00:00,3054
2022-07-12 00:00:00,2981
2022-07-13 00:00:00,3025
2022-07-14 00:00:00,2885
2022-07-15 00:00:00,2759
2022-07-16 00:00:00,2393
2022-07-17 00:00:00,2342
2022-07-18 00:00:00,3281
2022-07-19 00:00:00,3423
2022-07-20 00:00:00,3151
2022-07-21 00:00:00,2875
2022-07-22 00:00:00,2734
2022-07-23 00:00:00,2350
2022-07-24 00:00:00,2374
2022-07-25 00:00:00,3006
2022-07-26 00:00:00,2900
2022-07-27 00:00:00,3005
2022-07-28 00:00:00,2838
2022-07-29 00:00:00,2788
2022-07-30 00:00:00,2369
2022-07-31 00:00:00,2365
2022-08-01 00:00:00,2857
2022-08-02 00:00:00,2962
2022-08-03 00:00:00,2894
2022-08-04 00:00:00,2860
2022-08-05 00:00:00,2706
2022-08-06 00:00:00,2206
2022-08-07 00:00:00,2124
2022-08-08 00:00:00,2828
2022-08-09 00:00:00,2962
2022-08-10 00:00:00,3127
2022-08-11 00:00:00,3174
2022-08-12 00:00:00,3018
2022-08-13 00:00:00,2582
2022-08-14 00:00:00,2429
2022-08-15 00:00:00,2979
2022-08-16 00:00:00,2888
2022-08-17 00:00:00,2758
2022-08-18 00:00:00,2903
2022-08-19 00:00:00,2747
2022-08-20 00:00:00,2274
2022-08-21 00:00:00,2276
2022-08-22 00:00:00,2876
2022-08-23 00:00:00,2867
2022-08-24 00:00:00,2917
2022-08-25 00:00:00,2822
2022-08-26 00:00:00,2342
2022-09-15 00:00:00,1249
2022-09-16 00:00:00,2720
2022-09-17 00:00:00,2405
2022-09-18 00:00:00,2254
2022-09-19 00:00:00,2442
2022-09-20 00:00:00,2863
2022-09-21 00:00:00,2893
2022-09-22 00:00:00,2976
2022-09-23 00:00:00,2783
2022-09-24 00:00:00,2441
2022-09-25 00:00:00,2315
2022-09-26 00:00:00,2937
2022-09-27 00:00:00,2778
2022-09-28 00:00:00,2873
2022-09-29 00:00:00,2944
2022-09-30 00:00:00,2747
2022-10-01 00:00:00,2427
2022-10-02 00:00:00,2281
2022-10-03 00:00:00,2900
2022-10-04 00:00:00,2916
2022-10-05 00:00:00,2864
2022-10-06 00:00:00,2958
2022-10-07 00:00:00,2733
2022-10-08 00:00:00,2239
2022-10-09 00:00:00,2319
2022-10-10 00:00:00,2882
2022-10-11 00:00:00,1832
2022-11-01 00:00:00,1256
2022-11-02 00:00:00,2860
2022-11-03 00:00:00,2939
2022-11-04 00:00:00,2701
2022-11-05 00:00:00,2427
2022-11-06 00:00:00,2474
2022-11-07 00:00:00,2872
2022-11-08 00:00:00,2949
2022-11-09 00:00:00,3080
2022-11-10 00:00:00,3053
2022-11-11 00:00:00,2991
2022-11-12 00:00:00,2555
2022-11-13 00:00:00,2512
2022-11-14 00:00:00,2905
2022-11-15 00:00:00,2994
2022-11-16 00:00:00,3130
2022-11-17 00:00:00,2919
2022-11-18 00:00:00,2743
2022-11-19 00:00:00,2650
2022-11-20 00:00:00,2426
2022-11-21 00:00:00,2931
2022-11-22 00:00:00,2920
2022-11-23 00:00:00,2926
2022-11-24 00:00:00,2909
2022-11-25 00:00:00,2842
2022-11-26 00:00:00,2635
2022-11-27 00:00:00,2526
2022-11-28 00:00:00,2887
2022-11-29 00:00:00,2973
2022-11-30 00:00:00,2938
2022-12-01 00:00:00,3046
2022-12-02 00:00:00,2800
2022-12-03 00:00:00,2499
2022-12-04 00:00:00,2422
2022-12-05 00:00:00,2872
2022-12-06 00:00:00,2921
2022-12-07 00:00:00,2981
2022-12-08 00:00:00,2934
2022-12-09 00:00:00,2825
2022-12-10 00:00:00,2559
2022-12-11 00:00:00,2548
2022-12-12 00:00:00,2889
2022-12-13 00:00:00,3065
2022-12-14 00:00:00,2937
2022-12-15 00:00:00,2853
2022-12-16 00:00:00,2869
2022-12-17 00:00:00,2381
2022-12-18 00:00:00,2389
2022-12-19 00:00:00,2792
2022-12-20 00:00:00,2872
2022-12-21 00:00:00,2854
2022-12-22 00:00:00,2878
2022-12-23 00:00:00,2693
2022-12-24 00:00:00,2433
2022-12-25 00:00:00,2495
2022-12-26 00:00:00,2399
2022-12-27 00:00:00,2520
2022-12-28 00:00:00,2433
2022-12-29 00:00:00,2519
2022-12-30 00:00:00,2233
