Date,Site Incomer
2016-11-09 00:00:00,6780
2016-11-10 00:00:00,18980
2016-11-11 00:00:00,15035
2016-11-12 00:00:00,2925
2016-11-13 00:00:00,3225
2016-11-14 00:00:00,18750
2016-11-15 00:00:00,20650
2016-11-16 00:00:00,15950
2016-11-17 00:00:00,17910
2016-11-18 00:00:00,17450
2016-11-19 00:00:00,2625
2016-11-20 00:00:00,2475
2016-11-21 00:00:00,15665
2016-11-22 00:00:00,15825
2016-11-23 00:00:00,28455
2016-11-24 00:00:00,17690
2016-11-25 00:00:00,11120
2016-11-26 00:00:00,3925
2016-11-27 00:00:00,5420
2016-11-28 00:00:00,18080
2016-11-29 00:00:00,16830
2016-11-30 00:00:00,18115
2016-12-01 00:00:00,20300
2016-12-02 00:00:00,16405
2016-12-03 00:00:00,2895
2016-12-04 00:00:00,3520
2016-12-05 00:00:00,18915
2016-12-06 00:00:00,26985
2016-12-07 00:00:00,20580
2016-12-08 00:00:00,20795
2016-12-09 00:00:00,17485
2016-12-10 00:00:00,3025
2016-12-11 00:00:00,4230
2016-12-12 00:00:00,18120
2016-12-13 00:00:00,20395
2016-12-14 00:00:00,21015
2016-12-15 00:00:00,18405
2016-12-16 00:00:00,10485
2016-12-19 00:00:00,22044.07435
2016-12-20 00:00:00,22044.07435
2016-12-22 00:00:00,22044.07435
2016-12-23 00:00:00,22044.07435
2016-12-24 00:00:00,22044.07435
2016-12-25 00:00:00,22044.07435
2016-12-26 00:00:00,22044.07435
2016-12-27 00:00:00,22044.07435
2016-12-28 00:00:00,22044.07435
2016-12-29 00:00:00,22044.07435
2016-12-30 00:00:00,22044.07435
2016-12-31 00:00:00,22044.07435
2017-01-01 00:00:00,22044.07435
2017-01-02 00:00:00,22044.07435
2017-01-03 00:00:00,22044.07435
2017-01-04 00:00:00,22044.07435
2017-01-05 00:00:00,22044.07435
2017-01-06 00:00:00,22044.07435
2017-01-07 00:00:00,22044.07435
2017-01-08 00:00:00,22044.07435
2017-01-09 00:00:00,22044.07435
2017-01-10 00:00:00,22044.07435
2017-01-11 00:00:00,22044.07435
2017-01-12 00:00:00,22044.07435
2017-01-13 00:00:00,22044.07435
2017-01-14 00:00:00,22044.07435
2017-01-15 00:00:00,22044.07435
2017-01-16 00:00:00,22044.07435
2017-01-17 00:00:00,22044.07435
2017-01-18 00:00:00,22044.07435
2017-01-19 00:00:00,22044.07435
2017-01-20 00:00:00,4120
2017-01-21 00:00:00,3600
2017-01-22 00:00:00,7813
2017-01-23 00:00:00,15507
2017-01-24 00:00:00,15443
2017-01-25 00:00:00,7630
2017-01-26 00:00:00,17403
2017-01-27 00:00:00,13500
2017-01-28 00:00:00,3500
2017-01-29 00:00:00,3100
2017-02-01 00:00:00,13900
2017-02-02 00:00:00,4500
2017-02-03 00:00:00,6700
2017-02-04 00:00:00,3700
2017-02-05 00:00:00,4400
2017-02-06 00:00:00,18000
2017-02-07 00:00:00,20000
2017-02-08 00:00:00,20100
2017-02-09 00:00:00,13600
2017-02-10 00:00:00,4500
2017-02-11 00:00:00,3000
2017-02-12 00:00:00,3300
2017-02-13 00:00:00,17400
2017-02-14 00:00:00,19800
2017-02-15 00:00:00,18500
2017-02-16 00:00:00,32400
2017-02-17 00:00:00,41900
2017-02-18 00:00:00,29500
2017-02-19 00:00:00,29700
2017-02-20 00:00:00,41800
2017-02-21 00:00:00,41900
2017-02-22 00:00:00,40100
2017-02-23 00:00:00,40900
2017-02-24 00:00:00,13700
2017-02-25 00:00:00,2200
2017-02-26 00:00:00,2500
2017-02-27 00:00:00,18200
2017-02-28 00:00:00,26000
2017-03-01 00:00:00,17200
2017-03-02 00:00:00,17000
2017-03-03 00:00:00,14600
2017-03-04 00:00:00,2000
2017-03-05 00:00:00,2200
2017-03-06 00:00:00,17500
2017-03-07 00:00:00,18200
2017-03-08 00:00:00,17600
2017-03-09 00:00:00,17600
2017-03-10 00:00:00,16300
2017-03-11 00:00:00,3700
2017-03-12 00:00:00,3100
2017-03-13 00:00:00,15100
2017-03-14 00:00:00,14400
2017-03-15 00:00:00,28000
2017-03-16 00:00:00,28100
2017-03-17 00:00:00,11300
2017-03-18 00:00:00,2300
2017-03-19 00:00:00,2800
2017-03-20 00:00:00,14200
2017-03-21 00:00:00,14300
2017-03-22 00:00:00,19000
2017-03-23 00:00:00,17200
2017-03-24 00:00:00,12900
2017-03-25 00:00:00,4000
2017-03-26 00:00:00,1100
2017-03-27 00:00:00,16500
2017-03-28 00:00:00,19200
2017-03-29 00:00:00,16800
2017-03-30 00:00:00,19400
2017-03-31 00:00:00,14500
2017-04-01 00:00:00,1200
2017-04-02 00:00:00,2600
2017-04-03 00:00:00,17100
2017-04-04 00:00:00,17500
2017-04-05 00:00:00,17500
2017-04-06 00:00:00,16300
2017-04-07 00:00:00,12300
2017-04-08 00:00:00,2800
2017-04-09 00:00:00,8700
2017-04-10 00:00:00,18700
2017-04-11 00:00:00,19100
2017-04-12 00:00:00,19500
2017-04-13 00:00:00,21300
2017-04-14 00:00:00,1200
2017-04-15 00:00:00,22044.07435
2017-04-16 00:00:00,22044.07435
2017-04-17 00:00:00,1700
2017-04-18 00:00:00,15600
2017-04-19 00:00:00,18400
2017-04-20 00:00:00,9305
2017-04-21 00:00:00,15050
2017-04-22 00:00:00,3130
2017-04-23 00:00:00,5665
2017-04-24 00:00:00,18230
2017-04-25 00:00:00,21815
2017-04-26 00:00:00,20820
2017-04-27 00:00:00,23330
2017-04-28 00:00:00,16055
2017-04-29 00:00:00,3820
2017-04-30 00:00:00,3915
2017-05-01 00:00:00,5630
2017-05-02 00:00:00,19645
2017-05-03 00:00:00,20615
2017-05-04 00:00:00,22640
2017-05-05 00:00:00,17710
2017-05-06 00:00:00,5245
2017-05-07 00:00:00,5325
2017-05-08 00:00:00,20165
2017-05-09 00:00:00,24220
2017-05-10 00:00:00,28265
2017-05-11 00:00:00,23360
2017-05-12 00:00:00,17555
2017-05-13 00:00:00,6645
2017-05-14 00:00:00,9505
2017-05-15 00:00:00,22985
2017-05-16 00:00:00,31030
2017-05-17 00:00:00,22705
2017-05-18 00:00:00,36380
2017-05-19 00:00:00,16805
2017-05-20 00:00:00,4385
2017-05-21 00:00:00,5400
2017-05-22 00:00:00,22190
2017-05-23 00:00:00,30560
2017-05-24 00:00:00,31965
2017-05-25 00:00:00,39915
2017-05-26 00:00:00,35925
2017-05-27 00:00:00,15315
2017-05-28 00:00:00,9835
2017-05-29 00:00:00,8360
2017-05-30 00:00:00,55815
2017-05-31 00:00:00,73860
2017-06-01 00:00:00,80810
2017-06-02 00:00:00,74485
2017-06-03 00:00:00,58800
2017-06-04 00:00:00,34815
2017-06-05 00:00:00,22910
2017-06-06 00:00:00,23385
2017-06-07 00:00:00,22200
2017-06-08 00:00:00,25480
2017-06-09 00:00:00,19990
2017-06-10 00:00:00,9345
2017-06-11 00:00:00,7160
2017-06-12 00:00:00,21645
2017-06-13 00:00:00,35865
2017-06-14 00:00:00,38460
2017-06-15 00:00:00,26605
2017-06-16 00:00:00,15680
2017-06-17 00:00:00,14830
2017-06-18 00:00:00,15985
2017-06-19 00:00:00,36210
2017-06-20 00:00:00,32475
2017-06-21 00:00:00,40040
2017-06-22 00:00:00,56515
2017-06-23 00:00:00,31135
2017-06-24 00:00:00,6015
2017-06-25 00:00:00,7815
2017-06-26 00:00:00,21175
2017-06-27 00:00:00,20320
2017-06-28 00:00:00,19105
2017-06-29 00:00:00,21020
2017-06-30 00:00:00,19650
2017-07-01 00:00:00,6845
2017-07-02 00:00:00,6780
2017-07-03 00:00:00,24090
2017-07-04 00:00:00,23145
2017-07-05 00:00:00,23045
2017-07-06 00:00:00,32215
2017-07-07 00:00:00,25420
2017-07-08 00:00:00,6210
2017-07-09 00:00:00,9680
2017-07-10 00:00:00,24185
2017-07-11 00:00:00,20335
2017-07-12 00:00:00,22960
2017-07-13 00:00:00,25920
2017-07-14 00:00:00,49970
2017-07-15 00:00:00,62035
2017-07-16 00:00:00,63405
2017-07-17 00:00:00,81125
2017-07-18 00:00:00,86360
2017-07-19 00:00:00,82405
2017-07-20 00:00:00,76690
2017-07-21 00:00:00,70650
2017-07-22 00:00:00,58820
2017-07-23 00:00:00,55300
2017-07-24 00:00:00,67185
2017-07-25 00:00:00,68735
2017-07-26 00:00:00,23660
2017-07-31 00:00:00,19945
2017-08-01 00:00:00,63580
2017-08-02 00:00:00,63355
2017-08-03 00:00:00,36880
2017-08-04 00:00:00,17215
2017-08-05 00:00:00,4435
2017-08-06 00:00:00,3430
2017-08-07 00:00:00,18095
2017-08-08 00:00:00,19335
2017-08-09 00:00:00,20820
2017-08-10 00:00:00,21985
2017-08-11 00:00:00,16590
2017-08-12 00:00:00,5535
2017-08-13 00:00:00,4590
2017-08-14 00:00:00,21050
2017-08-15 00:00:00,22595
2017-08-16 00:00:00,21445
2017-08-17 00:00:00,26460
2017-08-18 00:00:00,13940
2017-08-19 00:00:00,3385
2017-08-20 00:00:00,11655
2017-08-21 00:00:00,48330
2017-08-22 00:00:00,46855
2017-08-23 00:00:00,30335
2017-08-24 00:00:00,23910
2017-08-25 00:00:00,18900
2017-08-26 00:00:00,5590
2017-08-27 00:00:00,5495
2017-08-28 00:00:00,8440
2017-08-29 00:00:00,21220
2017-08-30 00:00:00,19710
2017-08-31 00:00:00,19675
2017-09-01 00:00:00,17605
2017-09-02 00:00:00,25770
2017-09-03 00:00:00,31220
2017-09-04 00:00:00,52870
2017-09-05 00:00:00,53440
2017-09-06 00:00:00,36440
2017-09-07 00:00:00,23395
2017-09-08 00:00:00,29150
2017-09-09 00:00:00,30250
2017-09-10 00:00:00,30650
2017-09-11 00:00:00,45990
2017-09-12 00:00:00,35540
2017-09-13 00:00:00,19940
2017-09-14 00:00:00,24075
2017-09-15 00:00:00,15980
2017-09-16 00:00:00,4155
2017-09-17 00:00:00,5110
2017-09-18 00:00:00,17895
2017-09-19 00:00:00,21870
2017-09-20 00:00:00,23105
2017-09-21 00:00:00,22785
2017-09-22 00:00:00,15235
2017-09-23 00:00:00,6135
2017-09-24 00:00:00,5360
2017-09-25 00:00:00,21190
2017-09-26 00:00:00,23690
2017-09-27 00:00:00,19920
2017-09-28 00:00:00,23950
2017-09-29 00:00:00,14165
2017-09-30 00:00:00,4030
2017-10-01 00:00:00,4915
2017-10-02 00:00:00,15770
2017-10-03 00:00:00,17650
2017-10-04 00:00:00,19690
2017-10-05 00:00:00,19470
2017-10-06 00:00:00,13005
2017-10-07 00:00:00,3630
2017-10-08 00:00:00,3530
2017-10-09 00:00:00,15975
2017-10-10 00:00:00,16740
2017-10-11 00:00:00,16410
2017-10-12 00:00:00,17355
2017-10-13 00:00:00,19270
2017-10-14 00:00:00,6910
2017-10-15 00:00:00,5690
2017-10-16 00:00:00,20140
2017-10-17 00:00:00,16485
2017-10-18 00:00:00,26905
2017-10-19 00:00:00,23020
2017-10-20 00:00:00,20000
2017-10-21 00:00:00,6120
2017-10-22 00:00:00,3365
2017-10-23 00:00:00,19855
2017-10-24 00:00:00,22060
2017-10-25 00:00:00,23885
2017-10-26 00:00:00,19220
2017-10-27 00:00:00,13025
2017-10-28 00:00:00,2560
2017-10-29 00:00:00,3320
2017-10-30 00:00:00,16580
2017-10-31 00:00:00,25110
2017-11-01 00:00:00,17805
2017-11-02 00:00:00,18345
2017-11-03 00:00:00,13650
2017-11-04 00:00:00,3735
2017-11-05 00:00:00,3950
2017-11-06 00:00:00,18585
2017-11-07 00:00:00,17440
2017-11-08 00:00:00,18215
2017-11-09 00:00:00,15385
2017-11-10 00:00:00,11680
2017-11-11 00:00:00,3845
2017-11-12 00:00:00,3120
2017-11-13 00:00:00,11460
2017-11-14 00:00:00,18830
2017-11-15 00:00:00,19855
2017-11-16 00:00:00,17775
2017-11-17 00:00:00,15605
2017-11-18 00:00:00,4025
2017-11-19 00:00:00,4425
2017-11-20 00:00:00,33630
2017-11-21 00:00:00,35600
2017-11-22 00:00:00,19025
2017-11-23 00:00:00,17430
2017-11-24 00:00:00,13895
2017-11-25 00:00:00,3720
2017-11-26 00:00:00,4380
2017-11-27 00:00:00,16450
2017-11-28 00:00:00,17020
2017-11-29 00:00:00,17830
2017-11-30 00:00:00,16445
2017-12-01 00:00:00,14575
2017-12-02 00:00:00,3640
2017-12-03 00:00:00,4765
2017-12-04 00:00:00,16825
2017-12-05 00:00:00,16875
2017-12-06 00:00:00,15705
2017-12-07 00:00:00,14965
2017-12-08 00:00:00,13140
2017-12-09 00:00:00,7990
2017-12-10 00:00:00,5225
2017-12-11 00:00:00,19845
2017-12-12 00:00:00,19425
2017-12-13 00:00:00,19585
2017-12-14 00:00:00,20685
2017-12-15 00:00:00,17445
2017-12-16 00:00:00,4460
2017-12-17 00:00:00,12410
2017-12-18 00:00:00,18880
2017-12-19 00:00:00,26865
2017-12-20 00:00:00,18720
2017-12-21 00:00:00,16765
2017-12-22 00:00:00,9070
2017-12-23 00:00:00,2455
2017-12-24 00:00:00,3005
2017-12-25 00:00:00,2895
2017-12-26 00:00:00,2630
2017-12-27 00:00:00,2730
2017-12-28 00:00:00,2635
2017-12-29 00:00:00,4930
2017-12-30 00:00:00,2545
2017-12-31 00:00:00,2640
2018-01-01 00:00:00,2925
2018-01-02 00:00:00,13720
2018-01-03 00:00:00,12645
2018-01-04 00:00:00,14535
2018-01-05 00:00:00,18410
2018-01-06 00:00:00,2500
2018-01-07 00:00:00,3045
2018-01-08 00:00:00,17430
2018-01-09 00:00:00,17985
2018-01-10 00:00:00,19580
2018-01-11 00:00:00,21300
2018-01-12 00:00:00,14185
2018-01-13 00:00:00,3560
2018-01-14 00:00:00,2945
2018-01-15 00:00:00,15710
2018-01-16 00:00:00,21960
2018-01-17 00:00:00,17115
2018-01-18 00:00:00,21895
2018-01-19 00:00:00,11260
2018-01-20 00:00:00,3330
2018-01-21 00:00:00,3275
2018-01-22 00:00:00,14965
2018-01-23 00:00:00,14615
2018-01-24 00:00:00,14495
2018-01-25 00:00:00,14325
2018-01-26 00:00:00,13040
2018-01-27 00:00:00,2485
2018-01-28 00:00:00,3795
2018-01-29 00:00:00,12230
2018-01-30 00:00:00,12540
2018-01-31 00:00:00,9085
2018-02-01 00:00:00,8915
2018-02-02 00:00:00,8045
2018-02-03 00:00:00,2750
2018-02-04 00:00:00,2470
2018-02-05 00:00:00,10985
2018-02-06 00:00:00,10905
2018-02-07 00:00:00,11045
2018-02-08 00:00:00,11080
2018-02-09 00:00:00,8015
2018-02-10 00:00:00,3780
2018-02-11 00:00:00,2705
2018-02-12 00:00:00,10515
2018-02-13 00:00:00,13580
2018-02-14 00:00:00,12595
2018-02-15 00:00:00,11050
2018-02-16 00:00:00,12035
2018-02-17 00:00:00,2410
2018-02-18 00:00:00,2440
2018-02-19 00:00:00,15670
2018-02-20 00:00:00,17060
2018-02-21 00:00:00,16595
2018-02-22 00:00:00,17995
2018-02-23 00:00:00,14250
2018-02-24 00:00:00,2355
2018-02-25 00:00:00,2590
2018-02-26 00:00:00,18085
2018-02-27 00:00:00,21390
2018-02-28 00:00:00,48060
2018-03-01 00:00:00,54410
2018-03-02 00:00:00,27490
2018-03-03 00:00:00,3725
2018-03-04 00:00:00,12715
2018-03-05 00:00:00,19180
2018-03-06 00:00:00,19135
2018-03-07 00:00:00,19495
2018-03-08 00:00:00,19000
2018-03-09 00:00:00,15595
2018-03-10 00:00:00,3700
2018-03-11 00:00:00,3015
2018-03-12 00:00:00,17835
2018-03-13 00:00:00,18915
2018-03-14 00:00:00,4360
2018-03-19 00:00:00,12455
2018-03-20 00:00:00,22880
2018-03-21 00:00:00,25085
2018-03-22 00:00:00,19285
2018-03-23 00:00:00,15135
2018-03-24 00:00:00,4290
2018-03-25 00:00:00,4600
2018-03-26 00:00:00,19100
2018-03-27 00:00:00,18410
2018-03-28 00:00:00,18320
2018-03-29 00:00:00,16895
2018-03-30 00:00:00,1825
2018-03-31 00:00:00,2365
2018-04-01 00:00:00,2650
2018-04-02 00:00:00,3405
2018-04-03 00:00:00,15155
2018-04-04 00:00:00,14875
2018-04-05 00:00:00,23460
2018-04-06 00:00:00,14050
2018-04-07 00:00:00,11315
2018-04-08 00:00:00,31015
2018-04-09 00:00:00,47325
2018-04-10 00:00:00,40540
2018-04-11 00:00:00,19550
2018-04-12 00:00:00,23840
2018-04-13 00:00:00,17595
2018-04-14 00:00:00,9905
2018-04-15 00:00:00,12350
2018-04-16 00:00:00,22510
2018-04-17 00:00:00,29065
2018-04-18 00:00:00,29960
2018-04-19 00:00:00,35315
2018-04-20 00:00:00,21660
2018-04-21 00:00:00,10710
2018-04-22 00:00:00,8865
2018-04-23 00:00:00,21955
2018-04-24 00:00:00,22840
2018-04-25 00:00:00,38995
2018-04-26 00:00:00,56365
2018-04-27 00:00:00,28220
2018-04-28 00:00:00,2295
2018-04-29 00:00:00,8630
2018-04-30 00:00:00,16830
2018-05-01 00:00:00,18605
2018-05-02 00:00:00,17090
2018-05-03 00:00:00,18125
2018-05-04 00:00:00,14790
2018-05-05 00:00:00,4710
2018-05-06 00:00:00,7100
2018-05-07 00:00:00,10285
2018-05-08 00:00:00,22560
2018-05-09 00:00:00,19730
2018-05-10 00:00:00,19125
2018-05-11 00:00:00,18280
2018-05-12 00:00:00,2890
2018-05-13 00:00:00,2600
2018-05-14 00:00:00,25095
2018-05-15 00:00:00,23155
2018-05-16 00:00:00,33365
2018-05-17 00:00:00,15215
2018-05-18 00:00:00,13075
2018-05-19 00:00:00,3115
2018-05-20 00:00:00,3565
2018-05-21 00:00:00,20550
2018-05-22 00:00:00,14820
2018-05-23 00:00:00,13800
2018-05-24 00:00:00,15780
2018-05-25 00:00:00,7235
2018-05-26 00:00:00,840
2018-05-27 00:00:00,3470
2018-05-28 00:00:00,6115
2018-05-29 00:00:00,13170
2018-05-30 00:00:00,14275
2018-05-31 00:00:00,21665
2018-06-01 00:00:00,21265
2018-06-02 00:00:00,8930
2018-06-03 00:00:00,6860
2018-06-04 00:00:00,19495
2018-06-05 00:00:00,20595
2018-06-06 00:00:00,19580
2018-06-07 00:00:00,22935
2018-06-08 00:00:00,16960
2018-06-09 00:00:00,6205
2018-06-10 00:00:00,8660
2018-06-11 00:00:00,25215
2018-06-12 00:00:00,21630
2018-06-13 00:00:00,22360
2018-06-14 00:00:00,19365
2018-06-15 00:00:00,14545
2018-06-16 00:00:00,5015
2018-06-17 00:00:00,5645
2018-06-18 00:00:00,20390
2018-06-19 00:00:00,23795
2018-06-20 00:00:00,25590
2018-06-21 00:00:00,19605
2018-06-22 00:00:00,18755
2018-06-23 00:00:00,4130
2018-06-24 00:00:00,9010
2018-06-25 00:00:00,35880
2018-06-26 00:00:00,32760
2018-06-27 00:00:00,35225
2018-06-28 00:00:00,65390
2018-06-29 00:00:00,78745
2018-06-30 00:00:00,64010
2018-07-01 00:00:00,67235
2018-07-02 00:00:00,76325
2018-07-03 00:00:00,80445
2018-07-04 00:00:00,25600
2018-07-05 00:00:00,59045
2018-07-06 00:00:00,58715
2018-07-07 00:00:00,14950
2018-07-08 00:00:00,24465
2018-07-09 00:00:00,30080
2018-07-10 00:00:00,26075
2018-07-11 00:00:00,40275
2018-07-12 00:00:00,56245
2018-07-13 00:00:00,22775
2018-07-14 00:00:00,12925
2018-07-15 00:00:00,15785
2018-07-16 00:00:00,27130
2018-07-17 00:00:00,25915
2018-07-18 00:00:00,26040
2018-07-19 00:00:00,30245
2018-07-20 00:00:00,17650
2018-07-21 00:00:00,8600
2018-07-22 00:00:00,16295
2018-07-23 00:00:00,34645
2018-07-24 00:00:00,34175
2018-07-25 00:00:00,24855
2018-07-26 00:00:00,31700
2018-07-27 00:00:00,31930
2018-07-28 00:00:00,11305
2018-07-29 00:00:00,4975
2018-07-30 00:00:00,16515
2018-07-31 00:00:00,15980
2018-08-01 00:00:00,19700
2018-08-02 00:00:00,26970
2018-08-03 00:00:00,27680
2018-08-04 00:00:00,7095
2018-08-05 00:00:00,8855
2018-08-06 00:00:00,26270
2018-08-07 00:00:00,28275
2018-08-08 00:00:00,23870
2018-08-09 00:00:00,19805
2018-08-10 00:00:00,13645
2018-08-11 00:00:00,5115
2018-08-12 00:00:00,17775
2018-08-13 00:00:00,35415
2018-08-14 00:00:00,24795
2018-08-15 00:00:00,53465
2018-08-16 00:00:00,19520
2018-08-17 00:00:00,15810
2018-08-18 00:00:00,7625
2018-08-19 00:00:00,13670
2018-08-20 00:00:00,28885
2018-08-21 00:00:00,32145
2018-08-22 00:00:00,30305
2018-08-23 00:00:00,19150
2018-08-24 00:00:00,11365
2018-08-25 00:00:00,2145
2018-08-26 00:00:00,2690
2018-08-27 00:00:00,4880
2018-08-28 00:00:00,19995
2018-08-29 00:00:00,19815
2018-08-30 00:00:00,17830
2018-08-31 00:00:00,14240
2018-09-01 00:00:00,5220
2018-09-02 00:00:00,12115
2018-09-03 00:00:00,19880
2018-09-04 00:00:00,19450
2018-09-05 00:00:00,24405
2018-09-06 00:00:00,17465
2018-09-07 00:00:00,12925
2018-09-08 00:00:00,5440
2018-09-09 00:00:00,5095
2018-09-10 00:00:00,17460
2018-09-11 00:00:00,21555
2018-09-12 00:00:00,20300
2018-09-13 00:00:00,26260
2018-09-14 00:00:00,17010
2018-09-15 00:00:00,2885
2018-09-16 00:00:00,4915
2018-09-17 00:00:00,25465
2018-09-18 00:00:00,37230
2018-09-19 00:00:00,20180
2018-09-20 00:00:00,20470
2018-09-21 00:00:00,29185
2018-09-22 00:00:00,27305
2018-09-23 00:00:00,26710
2018-09-24 00:00:00,42440
2018-09-25 00:00:00,44310
2018-09-26 00:00:00,49020
2018-09-27 00:00:00,23835
2018-09-28 00:00:00,12865
2018-09-29 00:00:00,2990
2018-09-30 00:00:00,3265
2018-10-01 00:00:00,15785
2018-10-02 00:00:00,32635
2018-10-03 00:00:00,45815
2018-10-04 00:00:00,48155
2018-10-05 00:00:00,34665
2018-10-06 00:00:00,640
2018-10-09 00:00:00,12340
2018-10-10 00:00:00,22240
2018-10-11 00:00:00,24080
2018-10-12 00:00:00,20785
2018-10-13 00:00:00,13130
2018-10-14 00:00:00,4480
2018-10-15 00:00:00,15135
2018-10-16 00:00:00,19955
2018-10-17 00:00:00,19670
2018-10-18 00:00:00,18085
2018-10-19 00:00:00,15220
2018-10-20 00:00:00,9005
2018-10-21 00:00:00,3475
2018-10-22 00:00:00,14840
2018-10-23 00:00:00,8580
2018-10-24 00:00:00,15125
2018-10-25 00:00:00,15875
2018-10-26 00:00:00,11010
2018-10-27 00:00:00,2235
2018-10-28 00:00:00,2585
2018-10-29 00:00:00,15310
2018-10-30 00:00:00,16055
2018-10-31 00:00:00,16905
2018-11-01 00:00:00,17585
2018-11-02 00:00:00,13340
2018-11-03 00:00:00,3690
2018-11-04 00:00:00,6055
2018-11-05 00:00:00,19845
2018-11-06 00:00:00,18585
2018-11-07 00:00:00,19245
2018-11-08 00:00:00,17305
2018-11-09 00:00:00,12265
2018-11-10 00:00:00,3420
2018-11-11 00:00:00,3520
2018-11-12 00:00:00,17520
2018-11-13 00:00:00,24995
2018-11-14 00:00:00,18815
2018-11-15 00:00:00,19075
2018-11-16 00:00:00,14475
2018-11-17 00:00:00,3650
2018-11-18 00:00:00,3210
2018-11-19 00:00:00,16735
2018-11-20 00:00:00,18035
2018-11-21 00:00:00,20045
2018-11-22 00:00:00,19405
2018-11-23 00:00:00,14220
2018-11-24 00:00:00,3995
2018-11-25 00:00:00,4835
2018-11-26 00:00:00,17090
2018-11-27 00:00:00,18135
2018-11-28 00:00:00,21320
2018-11-29 00:00:00,18110
2018-11-30 00:00:00,16400
2018-12-01 00:00:00,3295
2018-12-02 00:00:00,3565
2018-12-03 00:00:00,14745
2018-12-04 00:00:00,23145
2018-12-05 00:00:00,18420
2018-12-06 00:00:00,17660
2018-12-07 00:00:00,16180
2018-12-08 00:00:00,2620
2018-12-09 00:00:00,3255
2018-12-10 00:00:00,17215
2018-12-11 00:00:00,17715
2018-12-12 00:00:00,19385
2018-12-13 00:00:00,38225
2018-12-14 00:00:00,14760
2018-12-15 00:00:00,10550
2018-12-16 00:00:00,6155
2018-12-17 00:00:00,19390
2018-12-18 00:00:00,17545
2018-12-19 00:00:00,16745
2018-12-20 00:00:00,14220
2018-12-21 00:00:00,3670
2018-12-22 00:00:00,2040
2018-12-23 00:00:00,2315
2018-12-24 00:00:00,2150
2018-12-25 00:00:00,1965
2018-12-26 00:00:00,2225
2018-12-27 00:00:00,2360
2018-12-28 00:00:00,5420
2018-12-29 00:00:00,8015
2018-12-30 00:00:00,19750
2018-12-31 00:00:00,20040
2019-01-01 00:00:00,22135
2019-01-02 00:00:00,36640
2019-01-03 00:00:00,49555
2019-01-04 00:00:00,44750
2019-01-05 00:00:00,28550
2019-01-06 00:00:00,28390
2019-01-07 00:00:00,41455
2019-01-08 00:00:00,42670
2019-01-09 00:00:00,45390
2019-01-10 00:00:00,45970
2019-01-11 00:00:00,41385
2019-01-12 00:00:00,27420
2019-01-13 00:00:00,24240
2019-01-14 00:00:00,43585
2019-01-15 00:00:00,41975
2019-01-16 00:00:00,44390
2019-01-17 00:00:00,44815
2019-01-18 00:00:00,42940
2019-01-19 00:00:00,30520
2019-01-20 00:00:00,30405
2019-01-21 00:00:00,45820
2019-01-22 00:00:00,49340
2019-01-23 00:00:00,49400
2019-01-24 00:00:00,44010
2019-01-25 00:00:00,41265
2019-01-26 00:00:00,28905
2019-01-27 00:00:00,26165
2019-01-28 00:00:00,47390
2019-01-29 00:00:00,45980
2019-01-30 00:00:00,30940
2019-01-31 00:00:00,27060
2019-02-01 00:00:00,40610
2019-02-02 00:00:00,30945
2019-02-03 00:00:00,31460
2019-02-04 00:00:00,42970
2019-02-05 00:00:00,45535
2019-02-06 00:00:00,44580
2019-02-07 00:00:00,42255
2019-02-08 00:00:00,42450
2019-02-09 00:00:00,25335
2019-02-10 00:00:00,28930
2019-02-11 00:00:00,42900
2019-02-12 00:00:00,44725
2019-02-13 00:00:00,43100
2019-02-14 00:00:00,43895
2019-02-15 00:00:00,40585
2019-02-16 00:00:00,27685
2019-02-17 00:00:00,29885
2019-02-18 00:00:00,42245
2019-02-19 00:00:00,49085
2019-02-20 00:00:00,45995
2019-02-21 00:00:00,44980
2019-02-22 00:00:00,40250
2019-02-23 00:00:00,29235
2019-02-24 00:00:00,29915
2019-02-25 00:00:00,43165
2019-02-26 00:00:00,45405
2019-02-27 00:00:00,45795
2019-02-28 00:00:00,44560
2019-03-01 00:00:00,38545
2019-03-02 00:00:00,28460
2019-03-03 00:00:00,27615
2019-03-04 00:00:00,58155
2019-03-05 00:00:00,64700
2019-03-06 00:00:00,46110
2019-03-07 00:00:00,49130
2019-03-08 00:00:00,30305
2019-03-09 00:00:00,5915
2019-03-10 00:00:00,10355
2019-03-11 00:00:00,18720
2019-03-12 00:00:00,17615
2019-03-13 00:00:00,12755
2019-03-14 00:00:00,17280
2019-03-15 00:00:00,10090
2019-03-16 00:00:00,2640
2019-03-17 00:00:00,3025
2019-03-18 00:00:00,17925
2019-03-19 00:00:00,21545
2019-03-20 00:00:00,19065
2019-03-21 00:00:00,18800
2019-03-22 00:00:00,13285
2019-03-23 00:00:00,3790
2019-03-24 00:00:00,2490
2019-03-25 00:00:00,17385
2019-03-26 00:00:00,33065
2019-03-27 00:00:00,26775
2019-03-28 00:00:00,28930
2019-03-29 00:00:00,16045
2019-03-30 00:00:00,2745
2019-03-31 00:00:00,3360
2019-04-01 00:00:00,18065
2019-04-02 00:00:00,20560
2019-04-03 00:00:00,28285
2019-04-04 00:00:00,18830
2019-04-05 00:00:00,23610
2019-04-06 00:00:00,3935
2019-04-07 00:00:00,8980
2019-04-08 00:00:00,17555
2019-04-09 00:00:00,35675
2019-04-10 00:00:00,45950
2019-04-11 00:00:00,46785
2019-04-12 00:00:00,42525
2019-04-13 00:00:00,29540
2019-04-14 00:00:00,30240
2019-04-15 00:00:00,44495
2019-04-16 00:00:00,32160
2019-04-17 00:00:00,16810
2019-04-18 00:00:00,16425
2019-04-19 00:00:00,17635
2019-04-20 00:00:00,2550
2019-04-21 00:00:00,3620
2019-04-22 00:00:00,7275
2019-04-23 00:00:00,19160
2019-04-24 00:00:00,20015
2019-04-25 00:00:00,22080
2019-04-26 00:00:00,11980
2019-04-27 00:00:00,2300
2019-04-28 00:00:00,2355
2019-04-29 00:00:00,41325
2019-04-30 00:00:00,35570
2019-05-01 00:00:00,20555
2019-05-02 00:00:00,19370
2019-05-03 00:00:00,14030
2019-05-04 00:00:00,2275
2019-05-05 00:00:00,2400
2019-05-06 00:00:00,5680
2019-05-07 00:00:00,18225
2019-05-08 00:00:00,20580
2019-05-09 00:00:00,20935
2019-05-10 00:00:00,16470
2019-05-11 00:00:00,5735
2019-05-12 00:00:00,12845
2019-05-13 00:00:00,24420
2019-05-14 00:00:00,28775
2019-05-15 00:00:00,27020
2019-05-16 00:00:00,21120
2019-05-17 00:00:00,17860
2019-05-18 00:00:00,5705
2019-05-19 00:00:00,6015
2019-05-20 00:00:00,21615
2019-05-21 00:00:00,24010
2019-05-22 00:00:00,23235
2019-05-23 00:00:00,24705
2019-05-24 00:00:00,19970
2019-05-25 00:00:00,5965
2019-05-26 00:00:00,7260
2019-05-27 00:00:00,5205
2019-05-28 00:00:00,19345
2019-05-29 00:00:00,27560
2019-05-30 00:00:00,25860
2019-05-31 00:00:00,20280
2019-06-01 00:00:00,9915
2019-06-02 00:00:00,11885
2019-06-03 00:00:00,21560
2019-06-04 00:00:00,25080
2019-06-05 00:00:00,33600
2019-06-06 00:00:00,24905
2019-06-07 00:00:00,20185
2019-06-08 00:00:00,7400
2019-06-09 00:00:00,9195
2019-06-10 00:00:00,22895
2019-06-11 00:00:00,22180
2019-06-12 00:00:00,44300
2019-06-13 00:00:00,37645
2019-06-14 00:00:00,20190
2019-06-15 00:00:00,9905
2019-06-16 00:00:00,9700
2019-06-17 00:00:00,24655
2019-06-18 00:00:00,29095
2019-06-19 00:00:00,27080
2019-06-20 00:00:00,33035
2019-06-21 00:00:00,20160
2019-06-22 00:00:00,10110
2019-06-23 00:00:00,10625
2019-06-24 00:00:00,16285
2019-06-25 00:00:00,35195
2019-06-26 00:00:00,49755
2019-06-27 00:00:00,60000
2019-06-28 00:00:00,75910
2019-06-29 00:00:00,71640
2019-06-30 00:00:00,52775
2019-07-01 00:00:00,51820
2019-07-02 00:00:00,20490
2019-07-04 00:00:00,41605
2019-07-05 00:00:00,71415
2019-07-06 00:00:00,61400
2019-07-07 00:00:00,58590
2019-07-08 00:00:00,23455
2019-07-09 00:00:00,19060
2019-07-10 00:00:00,55950
2019-07-11 00:00:00,44900
2019-07-12 00:00:00,41115
2019-07-13 00:00:00,14895
2019-07-14 00:00:00,10560
2019-07-15 00:00:00,40640
2019-07-16 00:00:00,45865
2019-07-17 00:00:00,33990
2019-07-18 00:00:00,28860
2019-07-19 00:00:00,22785
2019-07-20 00:00:00,14000
2019-07-21 00:00:00,8180
2019-07-22 00:00:00,27230
2019-07-23 00:00:00,47160
2019-07-24 00:00:00,48130
2019-07-25 00:00:00,46095
2019-07-26 00:00:00,38660
2019-07-27 00:00:00,20210
2019-07-28 00:00:00,16300
2019-07-29 00:00:00,27685
2019-07-30 00:00:00,29790
2019-07-31 00:00:00,29305
2019-08-01 00:00:00,32685
2019-08-02 00:00:00,30155
2019-08-03 00:00:00,21030
2019-08-04 00:00:00,25185
2019-08-05 00:00:00,32110
2019-08-06 00:00:00,32775
2019-08-07 00:00:00,31865
2019-08-08 00:00:00,33290
2019-08-09 00:00:00,37480
2019-08-10 00:00:00,23610
2019-08-11 00:00:00,17075
2019-08-12 00:00:00,24190
2019-08-13 00:00:00,27305
2019-08-14 00:00:00,26630
2019-08-15 00:00:00,27570
2019-08-16 00:00:00,23605
2019-08-17 00:00:00,13235
2019-08-18 00:00:00,12545
2019-08-19 00:00:00,23815
2019-08-20 00:00:00,28055
2019-08-21 00:00:00,28800
2019-08-22 00:00:00,31430
2019-08-23 00:00:00,34875
2019-08-24 00:00:00,24755
2019-08-25 00:00:00,25210
2019-08-26 00:00:00,21260
2019-08-27 00:00:00,38120
2019-08-28 00:00:00,31995
2019-08-29 00:00:00,25745
2019-08-30 00:00:00,23115
2019-08-31 00:00:00,11530
2019-09-01 00:00:00,8415
2019-09-02 00:00:00,22580
2019-09-03 00:00:00,30985
2019-09-04 00:00:00,27115
2019-09-05 00:00:00,22730
2019-09-06 00:00:00,19075
2019-09-07 00:00:00,9515
2019-09-08 00:00:00,9175
2019-09-09 00:00:00,26820
2019-09-10 00:00:00,25170
2019-09-11 00:00:00,27650
2019-09-12 00:00:00,26415
2019-09-13 00:00:00,18345
2019-09-14 00:00:00,8240
2019-09-15 00:00:00,10645
2019-09-16 00:00:00,23920
2019-09-17 00:00:00,23965
2019-09-18 00:00:00,27100
2019-09-19 00:00:00,29275
2019-09-20 00:00:00,25655
2019-09-21 00:00:00,10560
2019-09-22 00:00:00,14645
2019-09-23 00:00:00,27965
2019-09-24 00:00:00,29845
2019-09-25 00:00:00,37315
2019-09-26 00:00:00,31635
2019-09-27 00:00:00,21545
2019-09-28 00:00:00,13390
2019-09-29 00:00:00,12035
2019-09-30 00:00:00,24180
2019-10-01 00:00:00,28690
2019-10-02 00:00:00,22250
2019-10-03 00:00:00,22735
2019-10-04 00:00:00,32735
2019-10-05 00:00:00,42915
2019-10-06 00:00:00,36365
2019-10-07 00:00:00,49555
2019-10-08 00:00:00,35970
2019-10-09 00:00:00,24010
2019-10-10 00:00:00,27625
2019-10-11 00:00:00,16855
2019-10-12 00:00:00,7505
2019-10-13 00:00:00,8565
2019-10-14 00:00:00,21425
2019-10-15 00:00:00,23460
2019-10-16 00:00:00,22250
2019-10-17 00:00:00,21450
2019-10-18 00:00:00,18530
2019-10-19 00:00:00,7085
2019-10-20 00:00:00,5915
2019-10-21 00:00:00,21875
2019-10-22 00:00:00,23460
2019-10-23 00:00:00,23300
2019-10-24 00:00:00,23390
2019-10-25 00:00:00,18800
2019-10-26 00:00:00,9300
2019-10-27 00:00:00,8845
2019-10-28 00:00:00,22125
2019-10-29 00:00:00,24575
2019-10-30 00:00:00,24615
2019-10-31 00:00:00,22630
2019-11-01 00:00:00,18055
2019-11-02 00:00:00,9150
2019-11-03 00:00:00,8790
2019-11-04 00:00:00,22125
2019-11-05 00:00:00,21750
2019-11-06 00:00:00,24470
2019-11-07 00:00:00,23300
2019-11-08 00:00:00,21680
2019-11-09 00:00:00,9125
2019-11-10 00:00:00,9910
2019-11-11 00:00:00,20940
2019-11-12 00:00:00,22385
2019-11-13 00:00:00,31150
2019-11-14 00:00:00,24950
2019-11-15 00:00:00,20315
2019-11-16 00:00:00,12265
2019-11-17 00:00:00,10370
2019-11-18 00:00:00,24155
2019-11-19 00:00:00,25955
2019-11-20 00:00:00,26120
2019-11-21 00:00:00,26210
2019-11-22 00:00:00,24675
2019-11-23 00:00:00,9220
2019-11-24 00:00:00,11275
2019-11-25 00:00:00,24355
2019-11-26 00:00:00,25040
2019-11-27 00:00:00,24365
2019-11-28 00:00:00,20880
2019-11-29 00:00:00,19295
2019-11-30 00:00:00,10290
2019-12-01 00:00:00,11430
2019-12-02 00:00:00,22990
2019-12-03 00:00:00,22105
2019-12-04 00:00:00,26020
2019-12-05 00:00:00,26095
2019-12-06 00:00:00,19860
2019-12-07 00:00:00,8650
2019-12-08 00:00:00,5775
2019-12-09 00:00:00,21070
2019-12-10 00:00:00,24620
2019-12-11 00:00:00,27270
2019-12-12 00:00:00,25375
2019-12-13 00:00:00,21325
2019-12-14 00:00:00,8945
2019-12-15 00:00:00,11945
2019-12-16 00:00:00,21955
2019-12-17 00:00:00,32900
2019-12-18 00:00:00,23970
2019-12-19 00:00:00,32220
2019-12-20 00:00:00,19040
2019-12-21 00:00:00,8585
2019-12-22 00:00:00,8570
2019-12-23 00:00:00,15665
2019-12-24 00:00:00,9245
2019-12-25 00:00:00,3140
2019-12-26 00:00:00,2225
2019-12-27 00:00:00,2165
2019-12-28 00:00:00,3450
2019-12-29 00:00:00,3355
2019-12-30 00:00:00,10720
2019-12-31 00:00:00,3855
2020-01-01 00:00:00,3060
2020-01-02 00:00:00,18395
2020-01-03 00:00:00,17515
2020-01-04 00:00:00,7515
2020-01-05 00:00:00,8095
2020-01-06 00:00:00,21345
2020-01-07 00:00:00,22595
2020-01-08 00:00:00,23780
2020-01-09 00:00:00,25795
2020-01-10 00:00:00,23140
2020-01-11 00:00:00,17590
2020-01-12 00:00:00,13285
2020-01-13 00:00:00,23415
2020-01-14 00:00:00,24330
2020-01-15 00:00:00,23195
2020-01-16 00:00:00,24890
2020-01-17 00:00:00,24315
2020-01-18 00:00:00,13075
2020-01-19 00:00:00,17550
2020-01-20 00:00:00,24430
2020-01-21 00:00:00,26830
2020-01-22 00:00:00,25345
2020-01-23 00:00:00,28510
2020-01-24 00:00:00,25755
2020-01-25 00:00:00,14030
2020-01-26 00:00:00,13000
2020-01-27 00:00:00,25460
2020-01-28 00:00:00,31485
2020-01-29 00:00:00,27430
2020-01-30 00:00:00,28265
2020-01-31 00:00:00,20780
2020-02-01 00:00:00,8245
2020-02-02 00:00:00,11560
2020-02-03 00:00:00,20700
2020-02-04 00:00:00,27300
2020-02-05 00:00:00,29605
2020-02-06 00:00:00,33550
2020-02-07 00:00:00,16070
2020-02-08 00:00:00,11810
2020-02-09 00:00:00,13620
2020-02-10 00:00:00,22695
2020-02-11 00:00:00,23040
2020-02-12 00:00:00,25815
2020-02-13 00:00:00,37395
2020-02-14 00:00:00,23440
2020-02-15 00:00:00,15565
2020-02-16 00:00:00,13585
2020-02-17 00:00:00,23425
2020-02-18 00:00:00,24825
2020-02-19 00:00:00,27085
2020-02-20 00:00:00,24230
2020-02-21 00:00:00,20205
2020-02-22 00:00:00,9595
2020-02-23 00:00:00,24275
2020-02-24 00:00:00,22110
2020-02-25 00:00:00,25510
2020-02-26 00:00:00,24545
2020-02-27 00:00:00,24645
2020-02-28 00:00:00,26310
2020-02-29 00:00:00,11265
2020-03-01 00:00:00,8360
2020-03-02 00:00:00,23770
2020-03-03 00:00:00,24645
2020-03-04 00:00:00,27150
2020-03-05 00:00:00,26110
2020-03-06 00:00:00,26490
2020-03-07 00:00:00,12975
2020-03-08 00:00:00,13540
2020-03-09 00:00:00,30225
2020-03-10 00:00:00,28415
2020-03-11 00:00:00,31680
2020-03-12 00:00:00,49725
2020-03-13 00:00:00,20735
2020-03-14 00:00:00,13220
2020-03-15 00:00:00,20740
2020-03-16 00:00:00,24600
2020-03-17 00:00:00,32090
2020-03-18 00:00:00,28965
2020-03-19 00:00:00,26345
2020-03-20 00:00:00,22080
2020-03-21 00:00:00,13130
2020-03-22 00:00:00,14970
2020-03-23 00:00:00,25080
2020-03-24 00:00:00,25845
2020-03-25 00:00:00,26575
2020-03-26 00:00:00,35675
2020-03-27 00:00:00,20475
2020-03-28 00:00:00,9580
2020-03-29 00:00:00,10085
2020-03-30 00:00:00,21540
2020-03-31 00:00:00,23480
2020-04-01 00:00:00,21305
2020-04-02 00:00:00,18970
2020-04-03 00:00:00,18385
2020-04-04 00:00:00,9095
2020-04-05 00:00:00,13410
2020-04-06 00:00:00,22835
2020-04-07 00:00:00,30320
2020-04-08 00:00:00,27670
2020-04-09 00:00:00,49300
2020-04-10 00:00:00,52545
2020-04-11 00:00:00,50885
2020-04-12 00:00:00,51345
2020-04-13 00:00:00,9470
2020-04-14 00:00:00,23540
2020-04-15 00:00:00,23230
2020-04-16 00:00:00,21855
2020-04-17 00:00:00,22715
2020-04-18 00:00:00,10605
2020-04-19 00:00:00,10345
2020-04-20 00:00:00,19820
2020-04-21 00:00:00,20240
2020-04-22 00:00:00,22720
2020-04-23 00:00:00,24930
2020-04-24 00:00:00,24560
2020-04-25 00:00:00,14885
2020-04-26 00:00:00,14980
2020-04-27 00:00:00,24745
2020-04-28 00:00:00,24005
2020-04-29 00:00:00,25585
2020-04-30 00:00:00,28065
2020-05-01 00:00:00,23605
2020-05-02 00:00:00,11225
2020-05-03 00:00:00,13165
2020-05-04 00:00:00,32595
2020-05-05 00:00:00,24045
2020-05-06 00:00:00,25530
2020-05-07 00:00:00,28190
2020-05-08 00:00:00,19875
2020-05-09 00:00:00,19815
2020-05-10 00:00:00,13085
2020-05-11 00:00:00,24740
2020-05-12 00:00:00,28230
2020-05-13 00:00:00,32690
2020-05-14 00:00:00,28445
2020-05-15 00:00:00,25500
2020-05-16 00:00:00,13180
2020-05-17 00:00:00,14085
2020-05-18 00:00:00,27840
2020-05-19 00:00:00,32960
2020-05-20 00:00:00,40640
2020-05-21 00:00:00,40115
2020-05-22 00:00:00,19120
2020-05-23 00:00:00,7785
2020-05-24 00:00:00,14680
2020-05-25 00:00:00,14770
2020-05-26 00:00:00,29005
2020-05-27 00:00:00,28520
2020-05-28 00:00:00,44865
2020-05-29 00:00:00,52530
2020-05-30 00:00:00,43285
2020-05-31 00:00:00,44215
2020-06-01 00:00:00,58625
2020-06-02 00:00:00,63985
2020-06-03 00:00:00,52120
2020-06-04 00:00:00,53300
2020-06-05 00:00:00,39975
2020-06-06 00:00:00,11295
2020-06-07 00:00:00,12775
2020-06-08 00:00:00,23800
2020-06-09 00:00:00,24815
2020-06-10 00:00:00,26905
2020-06-11 00:00:00,31750
2020-06-12 00:00:00,22060
2020-06-13 00:00:00,21420
2020-06-14 00:00:00,31820
2020-06-15 00:00:00,37805
2020-06-16 00:00:00,38930
2020-06-17 00:00:00,43695
2020-06-18 00:00:00,38395
2020-06-19 00:00:00,40540
2020-06-20 00:00:00,18820
2020-06-21 00:00:00,17315
2020-06-22 00:00:00,33085
2020-06-23 00:00:00,52525
2020-06-24 00:00:00,78000
2020-06-25 00:00:00,33310
2020-06-26 00:00:00,52330
2020-06-27 00:00:00,70920
2020-06-28 00:00:00,62510
2020-06-29 00:00:00,77735
2020-06-30 00:00:00,80930
2020-07-01 00:00:00,81900
2020-07-02 00:00:00,80015
2020-07-03 00:00:00,75565
2020-07-04 00:00:00,69805
2020-07-05 00:00:00,59370
2020-07-06 00:00:00,68435
2020-07-07 00:00:00,62495
2020-07-08 00:00:00,47210
2020-07-09 00:00:00,25690
2020-07-10 00:00:00,22925
2020-07-13 00:00:00,28325
2020-07-14 00:00:00,26000
2020-07-15 00:00:00,31175
2020-07-16 00:00:00,35435
2020-07-17 00:00:00,28375
2020-07-18 00:00:00,19845
2020-07-19 00:00:00,17250
2020-07-20 00:00:00,26830
2020-07-21 00:00:00,51855
2020-07-22 00:00:00,29460
2020-07-23 00:00:00,34460
2020-07-24 00:00:00,32075
2020-07-25 00:00:00,20205
2020-07-26 00:00:00,14975
2020-07-27 00:00:00,25955
2020-07-28 00:00:00,21095
2020-07-29 00:00:00,24655
2020-07-30 00:00:00,58900
2020-07-31 00:00:00,40640
2020-08-01 00:00:00,19655
2020-08-02 00:00:00,10710
2020-08-03 00:00:00,21570
2020-08-04 00:00:00,24835
2020-08-05 00:00:00,36000
2020-08-06 00:00:00,41640
2020-08-07 00:00:00,40060
2020-08-08 00:00:00,23485
2020-08-09 00:00:00,19550
2020-08-10 00:00:00,36705
2020-08-11 00:00:00,48075
2020-08-12 00:00:00,52380
2020-08-13 00:00:00,39450
2020-08-14 00:00:00,30380
2020-08-15 00:00:00,18095
2020-08-16 00:00:00,45470
2020-08-17 00:00:00,70650
2020-08-18 00:00:00,33695
2020-08-19 00:00:00,55670
2020-08-20 00:00:00,41770
2020-08-21 00:00:00,41790
2020-08-22 00:00:00,18415
2020-08-23 00:00:00,18055
2020-08-24 00:00:00,27400
2020-08-25 00:00:00,31670
2020-08-26 00:00:00,29085
2020-08-27 00:00:00,29660
2020-08-28 00:00:00,25025
2020-08-29 00:00:00,11395
2020-08-30 00:00:00,11900
2020-08-31 00:00:00,13215
2020-09-01 00:00:00,22795
2020-09-02 00:00:00,26700
2020-09-03 00:00:00,31860
2020-09-04 00:00:00,22215
2020-09-05 00:00:00,14295
2020-09-06 00:00:00,15255
2020-09-07 00:00:00,27970
2020-09-08 00:00:00,51110
2020-09-09 00:00:00,27560
2020-09-10 00:00:00,25365
2020-09-11 00:00:00,27755
2020-09-12 00:00:00,12625
2020-09-13 00:00:00,18175
2020-09-14 00:00:00,38700
2020-09-15 00:00:00,42535
2020-09-16 00:00:00,32805
2020-09-17 00:00:00,28615
2020-09-18 00:00:00,28325
2020-09-19 00:00:00,12795
2020-09-20 00:00:00,14180
2020-09-21 00:00:00,33515
2020-09-22 00:00:00,30135
2020-09-23 00:00:00,28880
2020-09-24 00:00:00,30920
2020-09-25 00:00:00,21425
2020-09-26 00:00:00,9935
2020-09-27 00:00:00,11025
2020-09-28 00:00:00,25350
2020-09-29 00:00:00,30025
2020-09-30 00:00:00,27150
2020-10-01 00:00:00,26480
2020-10-02 00:00:00,23295
2020-10-03 00:00:00,14430
2020-10-04 00:00:00,15010
2020-10-05 00:00:00,26135
2020-10-06 00:00:00,26905
2020-10-07 00:00:00,25535
2020-10-08 00:00:00,26570
2020-10-09 00:00:00,19325
2020-10-10 00:00:00,11775
2020-10-11 00:00:00,12045
2020-10-12 00:00:00,23400
2020-10-13 00:00:00,24380
2020-10-14 00:00:00,25160
2020-10-15 00:00:00,23040
2020-10-16 00:00:00,19610
2020-10-17 00:00:00,10795
2020-10-18 00:00:00,11050
2020-10-19 00:00:00,22860
2020-10-20 00:00:00,26210
2020-10-21 00:00:00,29370
2020-10-22 00:00:00,27930
2020-10-23 00:00:00,20625
2020-10-24 00:00:00,13400
2020-10-25 00:00:00,13310
2020-10-26 00:00:00,22210
2020-10-27 00:00:00,24745
2020-10-28 00:00:00,23150
2020-10-29 00:00:00,24740
2020-10-30 00:00:00,25925
2020-10-31 00:00:00,11825
2020-11-01 00:00:00,13695
2020-11-02 00:00:00,25955
2020-11-03 00:00:00,25580
2020-11-04 00:00:00,26335
2020-11-05 00:00:00,27420
2020-11-06 00:00:00,23340
2020-11-07 00:00:00,13050
2020-11-08 00:00:00,13945
2020-11-09 00:00:00,25710
2020-11-10 00:00:00,30350
2020-11-11 00:00:00,25920
2020-11-12 00:00:00,18280
2020-11-13 00:00:00,21085
2020-11-14 00:00:00,10700
2020-11-15 00:00:00,11195
2020-11-16 00:00:00,21830
2020-11-17 00:00:00,23185
2020-11-18 00:00:00,23035
2020-11-19 00:00:00,22560
2020-11-20 00:00:00,20210
2020-11-21 00:00:00,10405
2020-11-22 00:00:00,16085
2020-11-23 00:00:00,22065
2020-11-24 00:00:00,24520
2020-11-25 00:00:00,31535
2020-11-26 00:00:00,29850
2020-11-27 00:00:00,19405
2020-11-28 00:00:00,11325
2020-11-29 00:00:00,11965
2020-11-30 00:00:00,22315
2020-12-01 00:00:00,24200
2020-12-02 00:00:00,24060
2020-12-03 00:00:00,23340
2020-12-04 00:00:00,22780
2020-12-05 00:00:00,12395
2020-12-06 00:00:00,12300
2020-12-07 00:00:00,22460
2020-12-08 00:00:00,25660
2020-12-09 00:00:00,25970
2020-12-10 00:00:00,34160
2020-12-11 00:00:00,22345
2020-12-12 00:00:00,13890
2020-12-13 00:00:00,15345
2020-12-14 00:00:00,25200
2020-12-15 00:00:00,25475
2020-12-16 00:00:00,26905
2020-12-17 00:00:00,25330
2020-12-18 00:00:00,22965
2020-12-19 00:00:00,13325
2020-12-20 00:00:00,16295
2020-12-21 00:00:00,17900
2020-12-22 00:00:00,16380
2020-12-23 00:00:00,15335
2020-12-24 00:00:00,10495
2020-12-25 00:00:00,4475
2020-12-26 00:00:00,2395
2020-12-27 00:00:00,4065
2020-12-28 00:00:00,6220
2020-12-29 00:00:00,6630
2020-12-30 00:00:00,10575
2020-12-31 00:00:00,7765
2021-01-01 00:00:00,5895
2021-01-02 00:00:00,4485
2021-01-03 00:00:00,5695
2021-01-04 00:00:00,20590
2021-01-05 00:00:00,25035
2021-01-06 00:00:00,25625
2021-01-07 00:00:00,36040
2021-01-08 00:00:00,32130
2021-01-09 00:00:00,15015
2021-01-10 00:00:00,15575
2021-01-11 00:00:00,26070
2021-01-12 00:00:00,25070
2021-01-13 00:00:00,25150
2021-01-14 00:00:00,26170
2021-01-15 00:00:00,25295
2021-01-16 00:00:00,15015
2021-01-17 00:00:00,15895
2021-01-18 00:00:00,24605
2021-01-19 00:00:00,27925
2021-01-20 00:00:00,28750
2021-01-21 00:00:00,25315
2021-01-22 00:00:00,24645
2021-01-23 00:00:00,21440
2021-01-24 00:00:00,17530
2021-01-25 00:00:00,23585
2021-01-26 00:00:00,19315
2021-01-27 00:00:00,17030
2021-01-28 00:00:00,26280
2021-01-29 00:00:00,23590
2021-01-30 00:00:00,13215
2021-01-31 00:00:00,14295
2021-02-01 00:00:00,22400
2021-02-02 00:00:00,26940
2021-02-03 00:00:00,28610
2021-02-04 00:00:00,27140
2021-02-05 00:00:00,29765
2021-02-06 00:00:00,12965
2021-02-07 00:00:00,12080
2021-02-08 00:00:00,23190
2021-02-09 00:00:00,31345
2021-02-10 00:00:00,35180
2021-02-11 00:00:00,32925
2021-02-12 00:00:00,29025
2021-02-13 00:00:00,14430
2021-02-14 00:00:00,14445
2021-02-15 00:00:00,24805
2021-02-16 00:00:00,35330
2021-02-17 00:00:00,33315
2021-02-18 00:00:00,24850
2021-02-19 00:00:00,22255
2021-02-20 00:00:00,15800
2021-02-21 00:00:00,14125
2021-02-22 00:00:00,25215
2021-02-23 00:00:00,29555
2021-02-24 00:00:00,25180
2021-02-25 00:00:00,23165
2021-02-26 00:00:00,25460
2021-02-27 00:00:00,15375
2021-02-28 00:00:00,14135
2021-03-01 00:00:00,23900
2021-03-02 00:00:00,25790
2021-03-03 00:00:00,26735
2021-03-04 00:00:00,26365
2021-03-05 00:00:00,22850
2021-03-06 00:00:00,16035
2021-03-07 00:00:00,13965
2021-03-08 00:00:00,24635
2021-03-09 00:00:00,24970
2021-03-10 00:00:00,25050
2021-03-11 00:00:00,21690
2021-03-12 00:00:00,21030
2021-03-13 00:00:00,12930
2021-03-14 00:00:00,12345
2021-03-15 00:00:00,23050
2021-03-16 00:00:00,24395
2021-03-17 00:00:00,22520
2021-03-18 00:00:00,22990
2021-03-19 00:00:00,21955
2021-03-20 00:00:00,12295
2021-03-21 00:00:00,10755
2021-03-22 00:00:00,21125
2021-03-23 00:00:00,21825
2021-03-24 00:00:00,24320
2021-03-25 00:00:00,24935
2021-03-26 00:00:00,13545
2021-03-29 00:00:00,17895
2021-03-30 00:00:00,25225
2021-03-31 00:00:00,31430
2021-04-01 00:00:00,28665
2021-04-02 00:00:00,2080
2021-04-03 00:00:00,2450
2021-04-04 00:00:00,2635
2021-04-05 00:00:00,7835
2021-04-06 00:00:00,21975
2021-04-07 00:00:00,26135
2021-04-08 00:00:00,23725
2021-04-09 00:00:00,24650
2021-04-10 00:00:00,14255
2021-04-11 00:00:00,14865
2021-04-12 00:00:00,24665
2021-04-13 00:00:00,27705
2021-04-14 00:00:00,26510
2021-04-15 00:00:00,26305
2021-04-16 00:00:00,22905
2021-04-17 00:00:00,14005
2021-04-18 00:00:00,15475
2021-04-19 00:00:00,25885
2021-04-20 00:00:00,33595
2021-04-21 00:00:00,25520
2021-04-22 00:00:00,28865
2021-04-23 00:00:00,25270
2021-04-24 00:00:00,13270
2021-04-25 00:00:00,15920
2021-04-26 00:00:00,25540
2021-04-27 00:00:00,25960
2021-04-28 00:00:00,25400
2021-04-29 00:00:00,25575
2021-04-30 00:00:00,22895
2021-05-01 00:00:00,11915
2021-05-02 00:00:00,12130
2021-05-03 00:00:00,12640
2021-05-04 00:00:00,22330
2021-05-05 00:00:00,25605
2021-05-06 00:00:00,24125
2021-05-07 00:00:00,23315
2021-05-08 00:00:00,14640
2021-05-09 00:00:00,15040
2021-05-10 00:00:00,32335
2021-05-11 00:00:00,27975
2021-05-12 00:00:00,35335
2021-05-13 00:00:00,28135
2021-05-14 00:00:00,22280
2021-05-15 00:00:00,12725
2021-05-16 00:00:00,12885
2021-05-17 00:00:00,26160
2021-05-18 00:00:00,28120
2021-05-19 00:00:00,33435
2021-05-20 00:00:00,28125
2021-05-21 00:00:00,22850
2021-05-22 00:00:00,12350
2021-05-23 00:00:00,13750
2021-05-24 00:00:00,24895
2021-05-25 00:00:00,28335
2021-05-26 00:00:00,29460
2021-05-27 00:00:00,31615
2021-05-28 00:00:00,25625
2021-05-29 00:00:00,22085
2021-05-30 00:00:00,18450
2021-05-31 00:00:00,17900
2021-06-01 00:00:00,31065
2021-06-02 00:00:00,5495
2021-06-03 00:00:00,22044.07435
2021-06-04 00:00:00,22044.07435
2021-06-05 00:00:00,22044.07435
2021-06-06 00:00:00,22044.07435
2021-06-07 00:00:00,22044.07435
2021-06-08 00:00:00,22044.07435
2021-06-09 00:00:00,22044.07435
2021-06-10 00:00:00,22044.07435
2021-06-11 00:00:00,22044.07435
2021-06-12 00:00:00,22044.07435
2021-06-13 00:00:00,22044.07435
2021-06-14 00:00:00,22044.07435
2021-06-15 00:00:00,22044.07435
2021-06-16 00:00:00,22044.07435
2021-06-17 00:00:00,22044.07435
2021-06-18 00:00:00,22044.07435
2021-06-19 00:00:00,22044.07435
2021-06-20 00:00:00,22044.07435
2021-06-21 00:00:00,22044.07435
2021-06-22 00:00:00,22044.07435
2021-06-23 00:00:00,22044.07435
2021-06-24 00:00:00,22044.07435
2021-06-25 00:00:00,22044.07435
2021-06-26 00:00:00,22044.07435
2021-06-27 00:00:00,22044.07435
2021-06-28 00:00:00,22044.07435
2021-06-29 00:00:00,22044.07435
2021-06-30 00:00:00,22044.07435
2021-07-01 00:00:00,22044.07435
2021-07-02 00:00:00,22044.07435
2021-07-03 00:00:00,22044.07435
2021-07-04 00:00:00,22044.07435
2021-07-05 00:00:00,22044.07435
2021-07-06 00:00:00,22044.07435
2021-07-07 00:00:00,22044.07435
2021-07-08 00:00:00,22044.07435
2021-07-09 00:00:00,22044.07435
2021-07-10 00:00:00,22044.07435
2021-07-11 00:00:00,22044.07435
2021-07-12 00:00:00,22044.07435
2021-07-13 00:00:00,22044.07435
2021-07-14 00:00:00,22044.07435
2021-07-15 00:00:00,22044.07435
2021-07-16 00:00:00,22044.07435
2021-07-17 00:00:00,22044.07435
2021-07-18 00:00:00,22044.07435
2021-07-19 00:00:00,22044.07435
2021-07-20 00:00:00,22044.07435
2021-07-21 00:00:00,22044.07435
2021-07-22 00:00:00,22044.07435
2021-07-23 00:00:00,22044.07435
2021-07-24 00:00:00,22044.07435
2021-07-25 00:00:00,22044.07435
2021-07-26 00:00:00,22044.07435
2021-07-27 00:00:00,22044.07435
2021-07-28 00:00:00,22044.07435
2021-07-29 00:00:00,22044.07435
2021-07-30 00:00:00,22044.07435
2021-07-31 00:00:00,22044.07435
2021-08-01 00:00:00,22044.07435
2021-08-02 00:00:00,22044.07435
2021-08-03 00:00:00,22044.07435
2021-08-04 00:00:00,22044.07435
2021-08-05 00:00:00,22044.07435
2021-08-06 00:00:00,22044.07435
2021-08-07 00:00:00,22044.07435
2021-08-08 00:00:00,22044.07435
2021-08-09 00:00:00,22044.07435
2021-08-10 00:00:00,22044.07435
2021-08-11 00:00:00,22044.07435
2021-08-12 00:00:00,22044.07435
2021-08-13 00:00:00,22044.07435
2021-08-14 00:00:00,22044.07435
2021-08-15 00:00:00,22044.07435
2021-08-16 00:00:00,22044.07435
2021-08-17 00:00:00,22044.07435
2021-08-18 00:00:00,22044.07435
2021-08-19 00:00:00,22044.07435
2021-08-20 00:00:00,22044.07435
2021-08-21 00:00:00,22044.07435
2021-08-22 00:00:00,22044.07435
2021-08-23 00:00:00,22044.07435
2021-08-24 00:00:00,22044.07435
2021-08-25 00:00:00,22044.07435
2021-08-26 00:00:00,22044.07435
2021-08-27 00:00:00,22044.07435
2021-08-28 00:00:00,22044.07435
2021-08-29 00:00:00,22044.07435
2021-08-30 00:00:00,22044.07435
2021-08-31 00:00:00,22044.07435
2021-09-01 00:00:00,22044.07435
2021-09-02 00:00:00,22044.07435
2021-09-03 00:00:00,22044.07435
2021-09-04 00:00:00,22044.07435
2021-09-05 00:00:00,22044.07435
2021-09-06 00:00:00,22044.07435
2021-09-07 00:00:00,22044.07435
2021-09-08 00:00:00,22044.07435
2021-09-09 00:00:00,22044.07435
2021-09-10 00:00:00,22044.07435
2021-09-11 00:00:00,22044.07435
2021-09-12 00:00:00,22044.07435
2021-09-13 00:00:00,22044.07435
2021-09-14 00:00:00,22044.07435
2021-09-16 00:00:00,22044.07435
2021-09-20 00:00:00,22044.07435
2021-09-21 00:00:00,22044.07435
2021-09-22 00:00:00,22044.07435
2021-09-23 00:00:00,22044.07435
2021-09-24 00:00:00,22044.07435
2021-09-25 00:00:00,22044.07435
2021-09-26 00:00:00,22044.07435
2021-09-27 00:00:00,22044.07435
2021-09-28 00:00:00,22044.07435
2021-09-29 00:00:00,22044.07435
2021-09-30 00:00:00,22044.07435
2021-10-01 00:00:00,22044.07435
2021-10-02 00:00:00,22044.07435
2021-10-03 00:00:00,22044.07435
2021-10-04 00:00:00,22044.07435
2021-10-05 00:00:00,22044.07435
2021-10-06 00:00:00,22044.07435
2021-10-07 00:00:00,22044.07435
2021-10-08 00:00:00,22044.07435
2021-10-09 00:00:00,22044.07435
2021-10-10 00:00:00,22044.07435
2021-10-11 00:00:00,22044.07435
2021-10-12 00:00:00,22044.07435
2021-10-13 00:00:00,22044.07435
2021-10-14 00:00:00,22044.07435
2021-10-15 00:00:00,22044.07435
2021-10-16 00:00:00,22044.07435
2021-10-17 00:00:00,22044.07435
2021-10-18 00:00:00,22044.07435
2021-10-19 00:00:00,22044.07435
2021-10-20 00:00:00,22044.07435
2021-10-21 00:00:00,22044.07435
2021-10-22 00:00:00,22044.07435
2021-10-28 00:00:00,22044.07435
2021-10-29 00:00:00,22044.07435
2021-10-30 00:00:00,22044.07435
2021-10-31 00:00:00,22044.07435
2021-11-01 00:00:00,22044.07435
2021-11-02 00:00:00,22044.07435
2021-11-03 00:00:00,22044.07435
2021-11-04 00:00:00,22044.07435
2021-11-05 00:00:00,22044.07435
2021-11-06 00:00:00,22044.07435
2021-11-07 00:00:00,22044.07435
2021-11-08 00:00:00,22044.07435
2021-11-09 00:00:00,22044.07435
2021-11-10 00:00:00,22044.07435
2021-11-11 00:00:00,22044.07435
2021-11-12 00:00:00,22044.07435
2021-11-13 00:00:00,22044.07435
2021-11-14 00:00:00,22044.07435
2021-11-15 00:00:00,22044.07435
2021-11-16 00:00:00,22044.07435
2021-11-17 00:00:00,22044.07435
2021-11-18 00:00:00,22044.07435
2021-11-19 00:00:00,22044.07435
2021-11-20 00:00:00,22044.07435
2021-11-21 00:00:00,22044.07435
2021-11-22 00:00:00,22044.07435
2021-11-23 00:00:00,22044.07435
2021-11-24 00:00:00,22044.07435
2021-11-25 00:00:00,22044.07435
2021-11-26 00:00:00,22044.07435
2021-11-27 00:00:00,22044.07435
2021-11-28 00:00:00,22044.07435
2021-11-29 00:00:00,22044.07435
2021-11-30 00:00:00,22044.07435
2021-12-01 00:00:00,22044.07435
2021-12-02 00:00:00,22044.07435
2021-12-03 00:00:00,22044.07435
2021-12-04 00:00:00,22044.07435
2021-12-05 00:00:00,22044.07435
2021-12-06 00:00:00,22044.07435
2021-12-07 00:00:00,22044.07435
2021-12-08 00:00:00,22044.07435
2021-12-09 00:00:00,22044.07435
2021-12-10 00:00:00,22044.07435
2021-12-11 00:00:00,22044.07435
2021-12-12 00:00:00,22044.07435
2021-12-13 00:00:00,22044.07435
2021-12-14 00:00:00,22044.07435
2021-12-15 00:00:00,22044.07435
2021-12-16 00:00:00,22044.07435
2021-12-17 00:00:00,22044.07435
2021-12-18 00:00:00,22044.07435
2021-12-19 00:00:00,22044.07435
2021-12-20 00:00:00,22044.07435
2021-12-21 00:00:00,22044.07435
2021-12-22 00:00:00,22044.07435
2021-12-23 00:00:00,22044.07435
2021-12-24 00:00:00,22044.07435
2022-01-17 00:00:00,22044.07435
2022-01-18 00:00:00,22044.07435
2022-01-19 00:00:00,22044.07435
2022-01-20 00:00:00,22044.07435
2022-01-21 00:00:00,22044.07435
2022-01-22 00:00:00,22044.07435
2022-01-23 00:00:00,22044.07435
2022-01-24 00:00:00,22044.07435
2022-01-25 00:00:00,22044.07435
2022-02-01 00:00:00,22044.07435
2022-02-02 00:00:00,22044.07435
2022-02-03 00:00:00,22044.07435
2022-02-04 00:00:00,22044.07435
2022-02-05 00:00:00,22044.07435
2022-02-06 00:00:00,22044.07435
2022-02-07 00:00:00,22044.07435
2022-02-08 00:00:00,22044.07435
2022-02-09 00:00:00,22044.07435
2022-02-10 00:00:00,22044.07435
2022-02-11 00:00:00,22044.07435
2022-02-12 00:00:00,22044.07435
2022-02-13 00:00:00,22044.07435
2022-02-14 00:00:00,22044.07435
2022-02-15 00:00:00,22044.07435
2022-02-16 00:00:00,22044.07435
2022-02-17 00:00:00,22044.07435
2022-02-18 00:00:00,22044.07435
2022-02-19 00:00:00,22044.07435
2022-02-20 00:00:00,22044.07435
2022-02-21 00:00:00,22044.07435
2022-02-22 00:00:00,22044.07435
2022-02-23 00:00:00,22044.07435
2022-02-24 00:00:00,22044.07435
2022-02-25 00:00:00,22044.07435
2022-02-26 00:00:00,22044.07435
2022-02-27 00:00:00,22044.07435
2022-02-28 00:00:00,22044.07435
2022-03-01 00:00:00,22044.07435
2022-03-02 00:00:00,22044.07435
2022-03-03 00:00:00,22044.07435
2022-03-04 00:00:00,22044.07435
2022-03-05 00:00:00,22044.07435
2022-03-06 00:00:00,22044.07435
2022-03-07 00:00:00,22044.07435
2022-03-08 00:00:00,22044.07435
2022-03-11 00:00:00,22044.07435
2022-03-12 00:00:00,22044.07435
2022-03-13 00:00:00,22044.07435
2022-03-14 00:00:00,22044.07435
2022-03-15 00:00:00,22044.07435
2022-03-16 00:00:00,22044.07435
2022-03-17 00:00:00,22044.07435
2022-03-18 00:00:00,22044.07435
2022-03-19 00:00:00,22044.07435
2022-03-20 00:00:00,22044.07435
2022-03-21 00:00:00,22044.07435
2022-03-22 00:00:00,22044.07435
2022-03-23 00:00:00,22044.07435
2022-03-24 00:00:00,22044.07435
2022-03-25 00:00:00,22044.07435
2022-03-26 00:00:00,22044.07435
2022-03-27 00:00:00,22044.07435
2022-03-28 00:00:00,22044.07435
2022-03-29 00:00:00,22044.07435
2022-03-31 00:00:00,22044.07435
2022-04-01 00:00:00,22044.07435
2022-04-02 00:00:00,22044.07435
2022-04-03 00:00:00,22044.07435
2022-04-04 00:00:00,22044.07435
2022-04-05 00:00:00,22044.07435
2022-04-06 00:00:00,22044.07435
2022-04-07 00:00:00,22044.07435
2022-04-08 00:00:00,22044.07435
2022-04-09 00:00:00,22044.07435
2022-04-10 00:00:00,22044.07435
2022-04-11 00:00:00,22044.07435
2022-04-12 00:00:00,22044.07435
2022-04-13 00:00:00,22044.07435
2022-04-14 00:00:00,22044.07435
2022-04-15 00:00:00,22044.07435
2022-04-25 00:00:00,22044.07435
2022-04-26 00:00:00,22044.07435
2022-04-27 00:00:00,22044.07435
2022-04-28 00:00:00,22044.07435
2022-04-29 00:00:00,22044.07435
2022-04-30 00:00:00,22044.07435
2022-05-01 00:00:00,22044.07435
2022-05-02 00:00:00,22044.07435
2022-05-03 00:00:00,22044.07435
2022-05-04 00:00:00,22044.07435
2022-05-05 00:00:00,22044.07435
2022-05-11 00:00:00,22044.07435
2022-05-12 00:00:00,22044.07435
2022-05-13 00:00:00,22044.07435
2022-05-14 00:00:00,22044.07435
2022-05-15 00:00:00,22044.07435
2022-05-16 00:00:00,22044.07435
2022-05-17 00:00:00,22044.07435
2022-05-18 00:00:00,22044.07435
2022-05-19 00:00:00,22044.07435
2022-05-20 00:00:00,22044.07435
2022-05-21 00:00:00,22044.07435
2022-05-22 00:00:00,22044.07435
2022-05-23 00:00:00,22044.07435
2022-05-24 00:00:00,22044.07435
2022-05-25 00:00:00,22044.07435
2022-05-26 00:00:00,22044.07435
2022-05-27 00:00:00,22044.07435
2022-05-28 00:00:00,22044.07435
2022-05-29 00:00:00,22044.07435
2022-05-30 00:00:00,22044.07435
2022-05-31 00:00:00,22044.07435
2022-06-01 00:00:00,22044.07435
2022-06-02 00:00:00,22044.07435
2022-06-03 00:00:00,22044.07435
2022-06-04 00:00:00,22044.07435
2022-06-05 00:00:00,22044.07435
2022-06-06 00:00:00,22044.07435
2022-06-07 00:00:00,22044.07435
2022-06-08 00:00:00,22044.07435
2022-06-09 00:00:00,22044.07435
2022-06-10 00:00:00,22044.07435
2022-06-11 00:00:00,22044.07435
2022-06-12 00:00:00,22044.07435
2022-06-13 00:00:00,22044.07435
2022-06-14 00:00:00,22044.07435
2022-06-15 00:00:00,22044.07435
2022-06-16 00:00:00,22044.07435
2022-06-17 00:00:00,22044.07435
2022-06-18 00:00:00,22044.07435
2022-06-19 00:00:00,22044.07435
2022-06-20 00:00:00,22044.07435
2022-06-21 00:00:00,22044.07435
2022-06-22 00:00:00,22044.07435
2022-06-23 00:00:00,22044.07435
2022-06-24 00:00:00,22044.07435
2022-06-25 00:00:00,22044.07435
2022-06-26 00:00:00,22044.07435
2022-06-27 00:00:00,22044.07435
2022-06-28 00:00:00,22044.07435
2022-06-29 00:00:00,22044.07435
2022-06-30 00:00:00,22044.07435
2022-07-01 00:00:00,22044.07435
2022-07-02 00:00:00,22044.07435
2022-07-03 00:00:00,22044.07435
2022-07-04 00:00:00,22044.07435
2022-07-05 00:00:00,22044.07435
2022-07-06 00:00:00,22044.07435
2022-07-07 00:00:00,22044.07435
2022-07-08 00:00:00,22044.07435
2022-07-09 00:00:00,22044.07435
2022-07-10 00:00:00,22044.07435
2022-07-11 00:00:00,22044.07435
2022-07-12 00:00:00,22044.07435
2022-07-13 00:00:00,22044.07435
2022-07-14 00:00:00,22044.07435
2022-07-15 00:00:00,22044.07435
2022-07-16 00:00:00,22044.07435
2022-07-17 00:00:00,22044.07435
2022-07-18 00:00:00,22044.07435
2022-07-19 00:00:00,22044.07435
2022-07-20 00:00:00,22044.07435
2022-07-21 00:00:00,22044.07435
2022-07-22 00:00:00,22044.07435
2022-07-23 00:00:00,22044.07435
2022-07-24 00:00:00,22044.07435
2022-07-25 00:00:00,22044.07435
2022-07-26 00:00:00,22044.07435
2022-07-27 00:00:00,22044.07435
2022-07-28 00:00:00,22044.07435
2022-07-29 00:00:00,22044.07435
2022-07-30 00:00:00,22044.07435
2022-07-31 00:00:00,22044.07435
2022-08-01 00:00:00,22044.07435
2022-08-02 00:00:00,22044.07435
2022-08-03 00:00:00,22044.07435
2022-08-04 00:00:00,22044.07435
2022-08-05 00:00:00,22044.07435
2022-08-06 00:00:00,22044.07435
2022-08-07 00:00:00,22044.07435
2022-08-08 00:00:00,22044.07435
2022-08-09 00:00:00,22044.07435
2022-08-10 00:00:00,22044.07435
2022-08-11 00:00:00,22044.07435
2022-08-12 00:00:00,22044.07435
2022-08-13 00:00:00,22044.07435
2022-08-14 00:00:00,22044.07435
2022-08-15 00:00:00,22044.07435
2022-08-16 00:00:00,22044.07435
2022-08-17 00:00:00,22044.07435
2022-08-18 00:00:00,22044.07435
2022-08-19 00:00:00,22044.07435
2022-08-20 00:00:00,22044.07435
2022-08-21 00:00:00,22044.07435
2022-08-22 00:00:00,22044.07435
2022-08-23 00:00:00,22044.07435
2022-08-24 00:00:00,22044.07435
2022-08-25 00:00:00,22044.07435
2022-08-26 00:00:00,22044.07435
2022-09-15 00:00:00,22044.07435
2022-09-16 00:00:00,22044.07435
2022-09-17 00:00:00,22044.07435
2022-09-18 00:00:00,22044.07435
2022-09-19 00:00:00,22044.07435
2022-09-20 00:00:00,22044.07435
2022-09-21 00:00:00,22044.07435
2022-09-22 00:00:00,22044.07435
2022-09-23 00:00:00,22044.07435
2022-09-24 00:00:00,22044.07435
2022-09-25 00:00:00,22044.07435
2022-09-26 00:00:00,22044.07435
2022-09-27 00:00:00,22044.07435
2022-09-28 00:00:00,22044.07435
2022-09-29 00:00:00,22044.07435
2022-09-30 00:00:00,22044.07435
2022-10-01 00:00:00,22044.07435
2022-10-02 00:00:00,22044.07435
2022-10-03 00:00:00,22044.07435
2022-10-04 00:00:00,22044.07435
2022-10-05 00:00:00,22044.07435
2022-10-06 00:00:00,22044.07435
2022-10-07 00:00:00,22044.07435
2022-10-08 00:00:00,22044.07435
2022-10-09 00:00:00,22044.07435
2022-10-10 00:00:00,22044.07435
2022-10-11 00:00:00,22044.07435
2022-11-01 00:00:00,22044.07435
2022-11-02 00:00:00,22044.07435
2022-11-03 00:00:00,22044.07435
2022-11-04 00:00:00,22044.07435
2022-11-05 00:00:00,22044.07435
2022-11-06 00:00:00,22044.07435
2022-11-07 00:00:00,22044.07435
2022-11-08 00:00:00,22044.07435
2022-11-09 00:00:00,22044.07435
2022-11-10 00:00:00,22044.07435
2022-11-11 00:00:00,22044.07435
2022-11-12 00:00:00,22044.07435
2022-11-13 00:00:00,22044.07435
2022-11-14 00:00:00,22044.07435
2022-11-15 00:00:00,22044.07435
2022-11-16 00:00:00,22044.07435
2022-11-17 00:00:00,22044.07435
2022-11-18 00:00:00,22044.07435
2022-11-19 00:00:00,22044.07435
2022-11-20 00:00:00,22044.07435
2022-11-21 00:00:00,22044.07435
2022-11-22 00:00:00,22044.07435
2022-11-23 00:00:00,22044.07435
2022-11-24 00:00:00,22044.07435
2022-11-25 00:00:00,22044.07435
2022-11-26 00:00:00,22044.07435
2022-11-27 00:00:00,22044.07435
2022-11-28 00:00:00,22044.07435
2022-11-29 00:00:00,22044.07435
2022-11-30 00:00:00,22044.07435
2022-12-01 00:00:00,22044.07435
2022-12-02 00:00:00,22044.07435
2022-12-03 00:00:00,22044.07435
2022-12-04 00:00:00,22044.07435
2022-12-05 00:00:00,22044.07435
2022-12-06 00:00:00,22044.07435
2022-12-07 00:00:00,22044.07435
2022-12-08 00:00:00,22044.07435
2022-12-09 00:00:00,22044.07435
2022-12-10 00:00:00,22044.07435
2022-12-11 00:00:00,22044.07435
2022-12-12 00:00:00,22044.07435
2022-12-13 00:00:00,22044.07435
2022-12-14 00:00:00,22044.07435
2022-12-15 00:00:00,22044.07435
2022-12-16 00:00:00,22044.07435
2022-12-17 00:00:00,22044.07435
2022-12-18 00:00:00,22044.07435
2022-12-19 00:00:00,22044.07435
2022-12-20 00:00:00,22044.07435
2022-12-21 00:00:00,22044.07435
2022-12-22 00:00:00,22044.07435
2022-12-23 00:00:00,22044.07435
2022-12-24 00:00:00,22044.07435
2022-12-25 00:00:00,22044.07435
2022-12-26 00:00:00,22044.07435
2022-12-27 00:00:00,22044.07435
2022-12-28 00:00:00,22044.07435
2022-12-29 00:00:00,22044.07435
2022-12-30 00:00:00,22044.07435
