Date,Main Site Water Meter
2016-11-09 00:00:00,90.32
2016-11-10 00:00:00,251.56
2016-11-11 00:00:00,213.24
2016-11-12 00:00:00,132.08
2016-11-13 00:00:00,159.94
2016-11-14 00:00:00,259.68
2016-11-15 00:00:00,231.34
2016-11-16 00:00:00,188.84
2016-11-17 00:00:00,162.7
2016-11-18 00:00:00,149.58
2016-11-19 00:00:00,91.84
2016-11-20 00:00:00,86.76
2016-11-21 00:00:00,170.16
2016-11-22 00:00:00,212.68
2016-11-23 00:00:00,239.74
2016-11-24 00:00:00,198.3
2016-11-25 00:00:00,144.08
2016-11-26 00:00:00,112.36
2016-11-27 00:00:00,108.72
2016-11-28 00:00:00,190.96
2016-11-29 00:00:00,216.68
2016-11-30 00:00:00,228.16
2016-12-01 00:00:00,237
2016-12-02 00:00:00,172.48
2016-12-03 00:00:00,82.36
2016-12-04 00:00:00,119.18
2016-12-05 00:00:00,208.44
2016-12-06 00:00:00,230
2016-12-07 00:00:00,234.92
2016-12-08 00:00:00,230.98
2016-12-09 00:00:00,179.62
2016-12-10 00:00:00,75.4
2016-12-11 00:00:00,132.34
2016-12-12 00:00:00,163.36
2016-12-13 00:00:00,201.44
2016-12-14 00:00:00,222.74
2016-12-15 00:00:00,149.82
2016-12-16 00:00:00,105.06
2016-12-19 00:00:00,118.56
2016-12-20 00:00:00,121.96
2016-12-22 00:00:00,140.4297909
2016-12-23 00:00:00,140.4297909
2016-12-24 00:00:00,140.4297909
2016-12-25 00:00:00,140.4297909
2016-12-26 00:00:00,140.4297909
2016-12-27 00:00:00,140.4297909
2016-12-28 00:00:00,140.4297909
2016-12-29 00:00:00,140.4297909
2016-12-30 00:00:00,140.4297909
2016-12-31 00:00:00,140.4297909
2017-01-01 00:00:00,140.4297909
2017-01-02 00:00:00,140.4297909
2017-01-03 00:00:00,140.4297909
2017-01-04 00:00:00,140.4297909
2017-01-05 00:00:00,140.4297909
2017-01-06 00:00:00,140.4297909
2017-01-07 00:00:00,140.4297909
2017-01-08 00:00:00,140.4297909
2017-01-09 00:00:00,140.4297909
2017-01-10 00:00:00,140.4297909
2017-01-11 00:00:00,140.4297909
2017-01-12 00:00:00,140.4297909
2017-01-13 00:00:00,140.4297909
2017-01-14 00:00:00,140.4297909
2017-01-15 00:00:00,140.4297909
2017-01-16 00:00:00,62.84
2017-01-17 00:00:00,105.18
2017-01-18 00:00:00,73.04
2017-01-19 00:00:00,261.96
2017-01-20 00:00:00,158.92
2017-01-21 00:00:00,108.62
2017-01-22 00:00:00,101
2017-01-23 00:00:00,183.56
2017-01-24 00:00:00,240.82
2017-01-25 00:00:00,215.44
2017-01-26 00:00:00,197
2017-01-27 00:00:00,183.1
2017-01-28 00:00:00,100
2017-01-29 00:00:00,108.9
2017-02-01 00:00:00,120.32
2017-02-02 00:00:00,63.42
2017-02-03 00:00:00,68.9
2017-02-04 00:00:00,91.98
2017-02-05 00:00:00,105.48
2017-02-06 00:00:00,213.6
2017-02-07 00:00:00,239.8
2017-02-08 00:00:00,227.24
2017-02-09 00:00:00,148.4
2017-02-10 00:00:00,56.44
2017-02-11 00:00:00,102.18
2017-02-12 00:00:00,111.64
2017-02-13 00:00:00,214.72
2017-02-14 00:00:00,247.26
2017-02-15 00:00:00,192.58
2017-02-16 00:00:00,191.42
2017-02-17 00:00:00,186.56
2017-02-18 00:00:00,153.68
2017-02-19 00:00:00,124.36
2017-02-20 00:00:00,190.04
2017-02-21 00:00:00,215.76
2017-02-22 00:00:00,210.6
2017-02-23 00:00:00,237.44
2017-02-24 00:00:00,197.3
2017-02-25 00:00:00,101.7
2017-02-26 00:00:00,121.38
2017-02-27 00:00:00,212.52
2017-02-28 00:00:00,254.7
2017-03-01 00:00:00,215.82
2017-03-02 00:00:00,249.62
2017-03-03 00:00:00,207.02
2017-03-04 00:00:00,104.5
2017-03-05 00:00:00,115.64
2017-03-06 00:00:00,214.72
2017-03-07 00:00:00,225.14
2017-03-08 00:00:00,254.9
2017-03-09 00:00:00,275.74
2017-03-10 00:00:00,207.76
2017-03-11 00:00:00,113.52
2017-03-12 00:00:00,113.68
2017-03-13 00:00:00,256.16
2017-03-14 00:00:00,233.88
2017-03-15 00:00:00,248.72
2017-03-16 00:00:00,268.36
2017-03-17 00:00:00,197.66
2017-03-18 00:00:00,103.88
2017-03-19 00:00:00,111.64
2017-03-20 00:00:00,189.62
2017-03-21 00:00:00,206.94
2017-03-22 00:00:00,260.76
2017-03-23 00:00:00,224.46
2017-03-24 00:00:00,196.96
2017-03-25 00:00:00,128.06
2017-03-26 00:00:00,136.34
2017-03-27 00:00:00,193.24
2017-03-28 00:00:00,266.24
2017-03-29 00:00:00,244
2017-03-30 00:00:00,276.2
2017-03-31 00:00:00,204.3
2017-04-01 00:00:00,125.56
2017-04-02 00:00:00,106.38
2017-04-03 00:00:00,231.74
2017-04-04 00:00:00,249.5
2017-04-05 00:00:00,272.44
2017-04-06 00:00:00,284.42
2017-04-07 00:00:00,216.32
2017-04-08 00:00:00,141.24
2017-04-09 00:00:00,138.1
2017-04-10 00:00:00,236.52
2017-04-11 00:00:00,262.26
2017-04-12 00:00:00,252
2017-04-13 00:00:00,267.9
2017-04-14 00:00:00,108.92
2017-04-15 00:00:00,43.64
2017-04-16 00:00:00,62.82
2017-04-17 00:00:00,140.3
2017-04-18 00:00:00,231.8
2017-04-19 00:00:00,223.76
2017-04-20 00:00:00,275.3
2017-04-21 00:00:00,206.24
2017-04-22 00:00:00,92.04
2017-04-23 00:00:00,122.9
2017-04-24 00:00:00,230.64
2017-04-25 00:00:00,263.12
2017-04-26 00:00:00,223.14
2017-04-27 00:00:00,274.7
2017-04-28 00:00:00,179.68
2017-04-29 00:00:00,94
2017-04-30 00:00:00,104.04
2017-05-01 00:00:00,84.58
2017-05-02 00:00:00,236.34
2017-05-03 00:00:00,185.52
2017-05-04 00:00:00,235.44
2017-05-05 00:00:00,183.2
2017-05-06 00:00:00,92.16
2017-05-07 00:00:00,86.66
2017-05-08 00:00:00,189.4
2017-05-09 00:00:00,220.36
2017-05-10 00:00:00,170.68
2017-05-11 00:00:00,174.22
2017-05-12 00:00:00,164.04
2017-05-13 00:00:00,87.9
2017-05-14 00:00:00,82.82
2017-05-15 00:00:00,146.18
2017-05-16 00:00:00,176.24
2017-05-17 00:00:00,176.22
2017-05-18 00:00:00,215.5
2017-05-19 00:00:00,192.48
2017-05-20 00:00:00,67.92
2017-05-21 00:00:00,87.52
2017-05-22 00:00:00,158.86
2017-05-23 00:00:00,229.08
2017-05-24 00:00:00,197.54
2017-05-25 00:00:00,224.04
2017-05-26 00:00:00,203.64
2017-05-27 00:00:00,94.14
2017-05-28 00:00:00,73.6
2017-05-29 00:00:00,60.3
2017-05-30 00:00:00,197.2
2017-05-31 00:00:00,182.1
2017-06-01 00:00:00,192.12
2017-06-02 00:00:00,192.28
2017-06-03 00:00:00,84.56
2017-06-04 00:00:00,96.64
2017-06-05 00:00:00,160.9
2017-06-06 00:00:00,212.92
2017-06-07 00:00:00,192.72
2017-06-08 00:00:00,156.56
2017-06-09 00:00:00,135.42
2017-06-10 00:00:00,64.48
2017-06-11 00:00:00,61.02
2017-06-12 00:00:00,181.22
2017-06-13 00:00:00,179.56
2017-06-14 00:00:00,145.6
2017-06-15 00:00:00,163.12
2017-06-16 00:00:00,131.12
2017-06-17 00:00:00,73.94
2017-06-18 00:00:00,88.96
2017-06-19 00:00:00,159.2
2017-06-20 00:00:00,230.36
2017-06-21 00:00:00,183.98
2017-06-22 00:00:00,155.24
2017-06-23 00:00:00,165.06
2017-06-24 00:00:00,79.82
2017-06-25 00:00:00,75.04
2017-06-26 00:00:00,163.56
2017-06-27 00:00:00,219.04
2017-06-28 00:00:00,168.94
2017-06-29 00:00:00,209.98
2017-06-30 00:00:00,166.18
2017-07-01 00:00:00,72.36
2017-07-02 00:00:00,80.72
2017-07-03 00:00:00,182.22
2017-07-04 00:00:00,228.02
2017-07-05 00:00:00,183.52
2017-07-06 00:00:00,185.94
2017-07-07 00:00:00,150.36
2017-07-08 00:00:00,88.84
2017-07-09 00:00:00,86.24
2017-07-10 00:00:00,159.74
2017-07-11 00:00:00,196.26
2017-07-12 00:00:00,214.26
2017-07-13 00:00:00,231.58
2017-07-14 00:00:00,203.94
2017-07-15 00:00:00,109.72
2017-07-16 00:00:00,177.16
2017-07-17 00:00:00,183.96
2017-07-18 00:00:00,232.68
2017-07-19 00:00:00,204.6
2017-07-20 00:00:00,185.92
2017-07-21 00:00:00,159.98
2017-07-22 00:00:00,156.12
2017-07-23 00:00:00,91.78
2017-07-24 00:00:00,164.56
2017-07-25 00:00:00,175.36
2017-07-26 00:00:00,55.92
2017-07-31 00:00:00,62.54
2017-08-01 00:00:00,188.32
2017-08-02 00:00:00,231.12
2017-08-03 00:00:00,193.32
2017-08-04 00:00:00,175.22
2017-08-05 00:00:00,78.28
2017-08-06 00:00:00,74.58
2017-08-07 00:00:00,167.16
2017-08-08 00:00:00,227.68
2017-08-09 00:00:00,283.08
2017-08-10 00:00:00,213.72
2017-08-11 00:00:00,173.64
2017-08-12 00:00:00,108.36
2017-08-13 00:00:00,124.28
2017-08-14 00:00:00,203.8
2017-08-15 00:00:00,218.76
2017-08-16 00:00:00,242.72
2017-08-17 00:00:00,202.32
2017-08-18 00:00:00,144.36
2017-08-19 00:00:00,71.96
2017-08-20 00:00:00,77.68
2017-08-21 00:00:00,157.12
2017-08-22 00:00:00,186.24
2017-08-23 00:00:00,183.24
2017-08-24 00:00:00,183.28
2017-08-25 00:00:00,140.76
2017-08-26 00:00:00,97.64
2017-08-27 00:00:00,68.8
2017-08-28 00:00:00,66.6
2017-08-29 00:00:00,159.32
2017-08-30 00:00:00,168.36
2017-08-31 00:00:00,169.84
2017-09-01 00:00:00,154.6
2017-09-02 00:00:00,103.84
2017-09-03 00:00:00,83.08
2017-09-04 00:00:00,161
2017-09-05 00:00:00,183.32
2017-09-06 00:00:00,165.76
2017-09-07 00:00:00,162.56
2017-09-08 00:00:00,153.4
2017-09-09 00:00:00,78.52
2017-09-10 00:00:00,103.44
2017-09-11 00:00:00,156.04
2017-09-12 00:00:00,171.04
2017-09-13 00:00:00,166.12
2017-09-14 00:00:00,167.56
2017-09-15 00:00:00,190.68
2017-09-16 00:00:00,147.4
2017-09-17 00:00:00,144
2017-09-18 00:00:00,221.52
2017-09-19 00:00:00,268.64
2017-09-20 00:00:00,257.04
2017-09-21 00:00:00,224.96
2017-09-22 00:00:00,136.04
2017-09-23 00:00:00,78.64
2017-09-24 00:00:00,64.56
2017-09-25 00:00:00,135.32
2017-09-26 00:00:00,164.6
2017-09-27 00:00:00,152.84
2017-09-28 00:00:00,169.32
2017-09-29 00:00:00,153.44
2017-09-30 00:00:00,74.36
2017-10-01 00:00:00,69.28
2017-10-02 00:00:00,190.72
2017-10-03 00:00:00,260.2
2017-10-04 00:00:00,256.12
2017-10-05 00:00:00,249.48
2017-10-06 00:00:00,189.08
2017-10-07 00:00:00,83.48
2017-10-08 00:00:00,122.4
2017-10-09 00:00:00,145.28
2017-10-10 00:00:00,164.52
2017-10-11 00:00:00,142.76
2017-10-12 00:00:00,162.48
2017-10-13 00:00:00,158.32
2017-10-14 00:00:00,64.52
2017-10-15 00:00:00,63.44
2017-10-16 00:00:00,209.24
2017-10-17 00:00:00,256.04
2017-10-18 00:00:00,176.84
2017-10-19 00:00:00,180.72
2017-10-20 00:00:00,156.6
2017-10-21 00:00:00,78.52
2017-10-22 00:00:00,64.8
2017-10-23 00:00:00,197.04
2017-10-24 00:00:00,209.68
2017-10-25 00:00:00,187.44
2017-10-26 00:00:00,167.48
2017-10-27 00:00:00,139.2
2017-10-28 00:00:00,74.92
2017-10-29 00:00:00,66.2
2017-10-30 00:00:00,212.52
2017-10-31 00:00:00,255.72
2017-11-01 00:00:00,250.76
2017-11-02 00:00:00,168.4
2017-11-03 00:00:00,134.56
2017-11-04 00:00:00,75.68
2017-11-05 00:00:00,92.12
2017-11-06 00:00:00,186.76
2017-11-07 00:00:00,189.24
2017-11-08 00:00:00,148.84
2017-11-09 00:00:00,177.24
2017-11-10 00:00:00,146.4
2017-11-11 00:00:00,64.72
2017-11-12 00:00:00,67.2
2017-11-13 00:00:00,155.76
2017-11-14 00:00:00,221.04
2017-11-15 00:00:00,256.64
2017-11-16 00:00:00,245.6
2017-11-17 00:00:00,149.8
2017-11-18 00:00:00,77.28
2017-11-19 00:00:00,75.08
2017-11-20 00:00:00,148.72
2017-11-21 00:00:00,170.64
2017-11-22 00:00:00,159.56
2017-11-23 00:00:00,176.56
2017-11-24 00:00:00,157.8
2017-11-25 00:00:00,88.12
2017-11-26 00:00:00,68.52
2017-11-27 00:00:00,173.52
2017-11-28 00:00:00,177.96
2017-11-29 00:00:00,168.6
2017-11-30 00:00:00,179.52
2017-12-01 00:00:00,162.4
2017-12-02 00:00:00,79.28
2017-12-03 00:00:00,113.44
2017-12-04 00:00:00,153.92
2017-12-05 00:00:00,160.28
2017-12-06 00:00:00,179.36
2017-12-07 00:00:00,189.88
2017-12-08 00:00:00,154.56
2017-12-09 00:00:00,89.92
2017-12-10 00:00:00,100.2
2017-12-11 00:00:00,217.36
2017-12-12 00:00:00,188
2017-12-13 00:00:00,200.36
2017-12-14 00:00:00,235.52
2017-12-15 00:00:00,199.68
2017-12-16 00:00:00,96.96
2017-12-17 00:00:00,96.48
2017-12-18 00:00:00,179.68
2017-12-19 00:00:00,196.4
2017-12-20 00:00:00,183.36
2017-12-21 00:00:00,147.76
2017-12-22 00:00:00,114.8
2017-12-23 00:00:00,57.32
2017-12-24 00:00:00,61.04
2017-12-25 00:00:00,56
2017-12-26 00:00:00,60.64
2017-12-27 00:00:00,102.28
2017-12-28 00:00:00,79.76
2017-12-29 00:00:00,93.44
2017-12-30 00:00:00,79.6
2017-12-31 00:00:00,94.12
2018-01-01 00:00:00,68.68
2018-01-02 00:00:00,163.04
2018-01-03 00:00:00,173.56
2018-01-04 00:00:00,174.96
2018-01-05 00:00:00,160.72
2018-01-06 00:00:00,87.92
2018-01-07 00:00:00,100.64
2018-01-08 00:00:00,186.72
2018-01-09 00:00:00,214.32
2018-01-10 00:00:00,181.6
2018-01-11 00:00:00,214.8
2018-01-12 00:00:00,193.88
2018-01-13 00:00:00,89.72
2018-01-14 00:00:00,94.44
2018-01-15 00:00:00,177.4
2018-01-16 00:00:00,187.2
2018-01-17 00:00:00,212.28
2018-01-18 00:00:00,215.28
2018-01-19 00:00:00,202.84
2018-01-20 00:00:00,110.44
2018-01-21 00:00:00,105.16
2018-01-22 00:00:00,164.52
2018-01-23 00:00:00,156.96
2018-01-24 00:00:00,144.16
2018-01-25 00:00:00,161.64
2018-01-26 00:00:00,142.44
2018-01-27 00:00:00,87.48
2018-01-28 00:00:00,98.4
2018-01-29 00:00:00,140.88
2018-01-30 00:00:00,152.92
2018-01-31 00:00:00,140.52
2018-02-01 00:00:00,167.6
2018-02-02 00:00:00,126.04
2018-02-03 00:00:00,85.6
2018-02-04 00:00:00,83.04
2018-02-05 00:00:00,126.52
2018-02-06 00:00:00,144.08
2018-02-07 00:00:00,146.6
2018-02-08 00:00:00,137.72
2018-02-09 00:00:00,119.12
2018-02-10 00:00:00,69
2018-02-11 00:00:00,80.76
2018-02-12 00:00:00,127.24
2018-02-13 00:00:00,133.24
2018-02-14 00:00:00,133.76
2018-02-15 00:00:00,125.16
2018-02-16 00:00:00,129.88
2018-02-17 00:00:00,67.28
2018-02-18 00:00:00,65.4
2018-02-19 00:00:00,147.8
2018-02-20 00:00:00,146.08
2018-02-21 00:00:00,147.96
2018-02-22 00:00:00,163.12
2018-02-23 00:00:00,134.48
2018-02-24 00:00:00,74.92
2018-02-25 00:00:00,89
2018-02-26 00:00:00,163.6
2018-02-27 00:00:00,190.64
2018-02-28 00:00:00,182
2018-03-01 00:00:00,181.36
2018-03-02 00:00:00,161.76
2018-03-03 00:00:00,76.56
2018-03-04 00:00:00,85.92
2018-03-05 00:00:00,187.84
2018-03-06 00:00:00,206.44
2018-03-07 00:00:00,171.88
2018-03-08 00:00:00,194.72
2018-03-09 00:00:00,157.68
2018-03-10 00:00:00,71.56
2018-03-11 00:00:00,76.92
2018-03-12 00:00:00,166.6
2018-03-13 00:00:00,167.2
2018-03-14 00:00:00,43.2
2018-03-19 00:00:00,111.64
2018-03-20 00:00:00,195.04
2018-03-21 00:00:00,195.88
2018-03-22 00:00:00,176.16
2018-03-23 00:00:00,137.4
2018-03-24 00:00:00,77.76
2018-03-25 00:00:00,91.52
2018-03-26 00:00:00,136.12
2018-03-27 00:00:00,159.48
2018-03-28 00:00:00,172.2
2018-03-29 00:00:00,162.76
2018-03-30 00:00:00,36.12
2018-03-31 00:00:00,29.56
2018-04-01 00:00:00,52.76
2018-04-02 00:00:00,127.36
2018-04-03 00:00:00,177.84
2018-04-04 00:00:00,178.2
2018-04-05 00:00:00,190.72
2018-04-06 00:00:00,186.2
2018-04-07 00:00:00,123.88
2018-04-08 00:00:00,119.12
2018-04-09 00:00:00,182.64
2018-04-10 00:00:00,184.28
2018-04-11 00:00:00,177.76
2018-04-12 00:00:00,181.92
2018-04-13 00:00:00,179.28
2018-04-14 00:00:00,98.84
2018-04-15 00:00:00,98.04
2018-04-16 00:00:00,199.96
2018-04-17 00:00:00,196.36
2018-04-18 00:00:00,193.28
2018-04-19 00:00:00,222.68
2018-04-20 00:00:00,174.4
2018-04-21 00:00:00,98.72
2018-04-22 00:00:00,111.48
2018-04-23 00:00:00,156.96
2018-04-24 00:00:00,184
2018-04-25 00:00:00,183.36
2018-04-26 00:00:00,198.64
2018-04-27 00:00:00,170.88
2018-04-28 00:00:00,83.88
2018-04-29 00:00:00,87
2018-04-30 00:00:00,189.92
2018-05-01 00:00:00,201.44
2018-05-02 00:00:00,209.2
2018-05-03 00:00:00,189.96
2018-05-04 00:00:00,163.24
2018-05-05 00:00:00,85.76
2018-05-06 00:00:00,84.76
2018-05-07 00:00:00,64.28
2018-05-08 00:00:00,169
2018-05-09 00:00:00,180
2018-05-10 00:00:00,191.36
2018-05-11 00:00:00,168.84
2018-05-12 00:00:00,89.84
2018-05-13 00:00:00,84.28
2018-05-14 00:00:00,157.12
2018-05-15 00:00:00,218
2018-05-16 00:00:00,188
2018-05-17 00:00:00,231.44
2018-05-18 00:00:00,188.08
2018-05-19 00:00:00,96.72
2018-05-20 00:00:00,115.76
2018-05-21 00:00:00,174.84
2018-05-22 00:00:00,195.28
2018-05-23 00:00:00,164.24
2018-05-24 00:00:00,175.8
2018-05-25 00:00:00,130
2018-05-26 00:00:00,85.72
2018-05-27 00:00:00,87.68
2018-05-28 00:00:00,86.56
2018-05-29 00:00:00,139.72
2018-05-30 00:00:00,139.96
2018-05-31 00:00:00,143.24
2018-06-01 00:00:00,129
2018-06-02 00:00:00,95.84
2018-06-03 00:00:00,98.88
2018-06-04 00:00:00,164.48
2018-06-05 00:00:00,195.6
2018-06-06 00:00:00,177.84
2018-06-07 00:00:00,174.68
2018-06-08 00:00:00,158.64
2018-06-09 00:00:00,91.04
2018-06-10 00:00:00,94.44
2018-06-11 00:00:00,190.28
2018-06-12 00:00:00,212.8
2018-06-13 00:00:00,225.4
2018-06-14 00:00:00,222.04
2018-06-15 00:00:00,172.96
2018-06-16 00:00:00,102.44
2018-06-17 00:00:00,112.88
2018-06-18 00:00:00,182.12
2018-06-19 00:00:00,197.64
2018-06-20 00:00:00,191.92
2018-06-21 00:00:00,192.2
2018-06-22 00:00:00,167.16
2018-06-23 00:00:00,101.64
2018-06-24 00:00:00,92.08
2018-06-25 00:00:00,197.68
2018-06-26 00:00:00,220.28
2018-06-27 00:00:00,205.44
2018-06-28 00:00:00,322.96
2018-06-29 00:00:00,181.72
2018-06-30 00:00:00,111.24
2018-07-01 00:00:00,104.28
2018-07-02 00:00:00,205.44
2018-07-03 00:00:00,224.4
2018-07-04 00:00:00,74.04
2018-07-05 00:00:00,131.24
2018-07-06 00:00:00,188.72
2018-07-07 00:00:00,113.64
2018-07-08 00:00:00,115.8
2018-07-09 00:00:00,183.4
2018-07-10 00:00:00,239.16
2018-07-11 00:00:00,190.28
2018-07-12 00:00:00,188.44
2018-07-13 00:00:00,151.56
2018-07-14 00:00:00,91.12
2018-07-15 00:00:00,107.4
2018-07-16 00:00:00,126.84
2018-07-17 00:00:00,185.64
2018-07-18 00:00:00,168.44
2018-07-19 00:00:00,171.4
2018-07-20 00:00:00,177.92
2018-07-21 00:00:00,102.56
2018-07-22 00:00:00,118.72
2018-07-23 00:00:00,147.8
2018-07-24 00:00:00,177.52
2018-07-25 00:00:00,165.88
2018-07-26 00:00:00,214.04
2018-07-27 00:00:00,141.8
2018-07-28 00:00:00,87.56
2018-07-29 00:00:00,80.92
2018-07-30 00:00:00,138.6
2018-07-31 00:00:00,179.84
2018-08-01 00:00:00,198.08
2018-08-02 00:00:00,181.48
2018-08-03 00:00:00,150.4
2018-08-04 00:00:00,66.12
2018-08-05 00:00:00,79.04
2018-08-06 00:00:00,145.2
2018-08-07 00:00:00,163.28
2018-08-08 00:00:00,164.28
2018-08-09 00:00:00,158.88
2018-08-10 00:00:00,142.8
2018-08-11 00:00:00,98.6
2018-08-12 00:00:00,125.2
2018-08-13 00:00:00,165.48
2018-08-14 00:00:00,212.72
2018-08-15 00:00:00,186.72
2018-08-16 00:00:00,187.72
2018-08-17 00:00:00,165.48
2018-08-18 00:00:00,85.6
2018-08-19 00:00:00,91.04
2018-08-20 00:00:00,181.04
2018-08-21 00:00:00,199.32
2018-08-22 00:00:00,185.92
2018-08-23 00:00:00,160.2
2018-08-24 00:00:00,143.08
2018-08-25 00:00:00,97.2
2018-08-26 00:00:00,92.72
2018-08-27 00:00:00,94.56
2018-08-28 00:00:00,185.4
2018-08-29 00:00:00,196.96
2018-08-30 00:00:00,174.16
2018-08-31 00:00:00,151.4
2018-09-01 00:00:00,87.64
2018-09-02 00:00:00,83.6
2018-09-03 00:00:00,151.32
2018-09-04 00:00:00,173.4
2018-09-05 00:00:00,172.4
2018-09-06 00:00:00,165.4
2018-09-07 00:00:00,144.44
2018-09-08 00:00:00,91.44
2018-09-09 00:00:00,110.12
2018-09-10 00:00:00,158.44
2018-09-11 00:00:00,201.2
2018-09-12 00:00:00,201.4
2018-09-13 00:00:00,205.24
2018-09-14 00:00:00,203.92
2018-09-15 00:00:00,93
2018-09-16 00:00:00,88.8
2018-09-17 00:00:00,173.6
2018-09-18 00:00:00,200.6
2018-09-19 00:00:00,195.92
2018-09-20 00:00:00,224.08
2018-09-21 00:00:00,179.12
2018-09-22 00:00:00,107.84
2018-09-23 00:00:00,86.72
2018-09-24 00:00:00,170.4
2018-09-25 00:00:00,182.16
2018-09-26 00:00:00,187
2018-09-27 00:00:00,187.52
2018-09-28 00:00:00,155.04
2018-09-29 00:00:00,90.56
2018-09-30 00:00:00,97.52
2018-10-01 00:00:00,166.28
2018-10-02 00:00:00,164.76
2018-10-03 00:00:00,165.8
2018-10-04 00:00:00,165.52
2018-10-05 00:00:00,153.44
2018-10-06 00:00:00,31.92
2018-10-09 00:00:00,99.04
2018-10-10 00:00:00,149.76
2018-10-11 00:00:00,179.6
2018-10-12 00:00:00,147.96
2018-10-13 00:00:00,91.56
2018-10-14 00:00:00,92.64
2018-10-15 00:00:00,159.24
2018-10-16 00:00:00,203.04
2018-10-17 00:00:00,202.56
2018-10-18 00:00:00,233.28
2018-10-19 00:00:00,176
2018-10-20 00:00:00,119.44
2018-10-21 00:00:00,101.24
2018-10-22 00:00:00,180.96
2018-10-23 00:00:00,150.32
2018-10-24 00:00:00,211.36
2018-10-25 00:00:00,200.48
2018-10-26 00:00:00,168.92
2018-10-27 00:00:00,97.64
2018-10-28 00:00:00,95.64
2018-10-29 00:00:00,179
2018-10-30 00:00:00,186.6
2018-10-31 00:00:00,221.88
2018-11-01 00:00:00,196.08
2018-11-02 00:00:00,167.88
2018-11-03 00:00:00,109.92
2018-11-04 00:00:00,120.84
2018-11-05 00:00:00,164.96
2018-11-06 00:00:00,185.96
2018-11-07 00:00:00,182.24
2018-11-08 00:00:00,182.16
2018-11-09 00:00:00,149.56
2018-11-10 00:00:00,88.44
2018-11-11 00:00:00,89.48
2018-11-12 00:00:00,158.84
2018-11-13 00:00:00,181.96
2018-11-14 00:00:00,194.44
2018-11-15 00:00:00,184.68
2018-11-16 00:00:00,147.8
2018-11-17 00:00:00,89.84
2018-11-18 00:00:00,94.4
2018-11-19 00:00:00,154.32
2018-11-20 00:00:00,165.88
2018-11-21 00:00:00,186.76
2018-11-22 00:00:00,191.2
2018-11-23 00:00:00,176.92
2018-11-24 00:00:00,107.36
2018-11-25 00:00:00,103.6
2018-11-26 00:00:00,164.24
2018-11-27 00:00:00,198.2
2018-11-28 00:00:00,205.24
2018-11-29 00:00:00,179.48
2018-11-30 00:00:00,166.36
2018-12-01 00:00:00,94.12
2018-12-02 00:00:00,125.48
2018-12-03 00:00:00,154.72
2018-12-04 00:00:00,180.68
2018-12-05 00:00:00,222.76
2018-12-06 00:00:00,180.48
2018-12-07 00:00:00,160.08
2018-12-08 00:00:00,87.8
2018-12-09 00:00:00,95.88
2018-12-10 00:00:00,150.72
2018-12-11 00:00:00,149
2018-12-12 00:00:00,180.56
2018-12-13 00:00:00,218.44
2018-12-14 00:00:00,165.72
2018-12-15 00:00:00,94.28
2018-12-16 00:00:00,93.6
2018-12-17 00:00:00,158.84
2018-12-18 00:00:00,171.32
2018-12-19 00:00:00,161.52
2018-12-20 00:00:00,138.56
2018-12-21 00:00:00,109.4
2018-12-22 00:00:00,82.84
2018-12-23 00:00:00,93.2
2018-12-24 00:00:00,85.84
2018-12-25 00:00:00,90
2018-12-26 00:00:00,89.48
2018-12-27 00:00:00,89.72
2018-12-28 00:00:00,37.6
2018-12-29 00:00:00,40.52
2018-12-30 00:00:00,100.2
2018-12-31 00:00:00,76.36
2019-01-01 00:00:00,82.44
2019-01-02 00:00:00,154.24
2019-01-03 00:00:00,171.36
2019-01-04 00:00:00,124.6
2019-01-05 00:00:00,85.4
2019-01-06 00:00:00,89
2019-01-07 00:00:00,167.88
2019-01-08 00:00:00,161.72
2019-01-09 00:00:00,174.96
2019-01-10 00:00:00,192.92
2019-01-11 00:00:00,167.16
2019-01-12 00:00:00,85.04
2019-01-13 00:00:00,86.68
2019-01-14 00:00:00,165.6
2019-01-15 00:00:00,164
2019-01-16 00:00:00,190.24
2019-01-17 00:00:00,213.16
2019-01-18 00:00:00,158.16
2019-01-19 00:00:00,86.04
2019-01-20 00:00:00,88.2
2019-01-21 00:00:00,166.6
2019-01-22 00:00:00,175.48
2019-01-23 00:00:00,174.92
2019-01-24 00:00:00,158.12
2019-01-25 00:00:00,129.24
2019-01-26 00:00:00,72.96
2019-01-27 00:00:00,101
2019-01-28 00:00:00,174.52
2019-01-29 00:00:00,179.88
2019-01-30 00:00:00,124.12
2019-01-31 00:00:00,108.68
2019-02-01 00:00:00,135.04
2019-02-02 00:00:00,78.48
2019-02-03 00:00:00,83.28
2019-02-04 00:00:00,160.6
2019-02-05 00:00:00,204.76
2019-02-06 00:00:00,202.92
2019-02-07 00:00:00,201.56
2019-02-08 00:00:00,142.56
2019-02-09 00:00:00,83.56
2019-02-10 00:00:00,84.6
2019-02-11 00:00:00,170.24
2019-02-12 00:00:00,168.12
2019-02-13 00:00:00,157.48
2019-02-14 00:00:00,162.8
2019-02-15 00:00:00,144.4
2019-02-16 00:00:00,88.64
2019-02-17 00:00:00,83.28
2019-02-18 00:00:00,203.44
2019-02-19 00:00:00,174.24
2019-02-20 00:00:00,198.88
2019-02-21 00:00:00,181.36
2019-02-22 00:00:00,145.64
2019-02-23 00:00:00,94.52
2019-02-24 00:00:00,104.44
2019-02-25 00:00:00,151.16
2019-02-26 00:00:00,164.44
2019-02-27 00:00:00,166.96
2019-02-28 00:00:00,177.6
2019-03-01 00:00:00,141.28
2019-03-02 00:00:00,78.68
2019-03-03 00:00:00,91.2
2019-03-04 00:00:00,181.2
2019-03-05 00:00:00,214.68
2019-03-06 00:00:00,195
2019-03-07 00:00:00,167.88
2019-03-08 00:00:00,137.84
2019-03-09 00:00:00,93.68
2019-03-10 00:00:00,96.52
2019-03-11 00:00:00,159.32
2019-03-12 00:00:00,159.76
2019-03-13 00:00:00,167.92
2019-03-14 00:00:00,172.4
2019-03-15 00:00:00,142.56
2019-03-16 00:00:00,74.76
2019-03-17 00:00:00,81.96
2019-03-18 00:00:00,155.92
2019-03-19 00:00:00,178.12
2019-03-20 00:00:00,163.64
2019-03-21 00:00:00,155.56
2019-03-22 00:00:00,125.28
2019-03-23 00:00:00,80.2
2019-03-24 00:00:00,103.96
2019-03-25 00:00:00,165.6
2019-03-26 00:00:00,159.96
2019-03-27 00:00:00,128.64
2019-03-28 00:00:00,206.08
2019-03-29 00:00:00,149.76
2019-03-30 00:00:00,79.8
2019-03-31 00:00:00,78.64
2019-04-01 00:00:00,155.68
2019-04-02 00:00:00,163.84
2019-04-03 00:00:00,162.76
2019-04-04 00:00:00,163.64
2019-04-05 00:00:00,150.68
2019-04-06 00:00:00,80.84
2019-04-07 00:00:00,77.08
2019-04-08 00:00:00,170.56
2019-04-09 00:00:00,227
2019-04-10 00:00:00,225.32
2019-04-11 00:00:00,241.72
2019-04-12 00:00:00,171.88
2019-04-13 00:00:00,109.96
2019-04-14 00:00:00,109.72
2019-04-15 00:00:00,176.28
2019-04-16 00:00:00,170.68
2019-04-17 00:00:00,169.2
2019-04-18 00:00:00,168.72
2019-04-19 00:00:00,53.28
2019-04-20 00:00:00,43.2
2019-04-21 00:00:00,55.12
2019-04-22 00:00:00,107
2019-04-23 00:00:00,155.92
2019-04-24 00:00:00,178.52
2019-04-25 00:00:00,209.72
2019-04-26 00:00:00,162.92
2019-04-27 00:00:00,91.76
2019-04-28 00:00:00,93.72
2019-04-29 00:00:00,167.16
2019-04-30 00:00:00,193.64
2019-05-01 00:00:00,185.4
2019-05-02 00:00:00,205
2019-05-03 00:00:00,143.36
2019-05-04 00:00:00,99.76
2019-05-05 00:00:00,89.04
2019-05-06 00:00:00,69.84
2019-05-07 00:00:00,176.44
2019-05-08 00:00:00,218.88
2019-05-09 00:00:00,190.52
2019-05-10 00:00:00,168.96
2019-05-11 00:00:00,103.68
2019-05-12 00:00:00,107.16
2019-05-13 00:00:00,307
2019-05-14 00:00:00,391.6
2019-05-15 00:00:00,452
2019-05-16 00:00:00,436.92
2019-05-17 00:00:00,343.12
2019-05-18 00:00:00,191
2019-05-19 00:00:00,242.96
2019-05-20 00:00:00,324.52
2019-05-21 00:00:00,342.88
2019-05-22 00:00:00,378.2
2019-05-23 00:00:00,463.36
2019-05-24 00:00:00,317.84
2019-05-25 00:00:00,80.68
2019-05-26 00:00:00,87.24
2019-05-27 00:00:00,70.6
2019-05-28 00:00:00,172.16
2019-05-29 00:00:00,172.56
2019-05-30 00:00:00,162.52
2019-05-31 00:00:00,136.88
2019-06-01 00:00:00,91.4
2019-06-02 00:00:00,85.72
2019-06-03 00:00:00,173.56
2019-06-04 00:00:00,181.2
2019-06-05 00:00:00,200.6
2019-06-06 00:00:00,189.32
2019-06-07 00:00:00,151.12
2019-06-08 00:00:00,76.68
2019-06-09 00:00:00,84.8
2019-06-10 00:00:00,206.56
2019-06-11 00:00:00,204.6
2019-06-12 00:00:00,172.76
2019-06-13 00:00:00,199.16
2019-06-14 00:00:00,161.08
2019-06-15 00:00:00,94.52
2019-06-16 00:00:00,110.24
2019-06-17 00:00:00,154.76
2019-06-18 00:00:00,174.16
2019-06-19 00:00:00,191.68
2019-06-20 00:00:00,187.6
2019-06-21 00:00:00,150
2019-06-22 00:00:00,90.68
2019-06-23 00:00:00,94.48
2019-06-24 00:00:00,93.76
2019-06-25 00:00:00,110.72
2019-06-26 00:00:00,163.04
2019-06-27 00:00:00,180
2019-06-28 00:00:00,149.72
2019-06-29 00:00:00,81.36
2019-06-30 00:00:00,85.24
2019-07-01 00:00:00,175.88
2019-07-02 00:00:00,63.68
2019-07-04 00:00:00,87.12
2019-07-05 00:00:00,150.72
2019-07-06 00:00:00,80
2019-07-07 00:00:00,84.16
2019-07-08 00:00:00,42.24
2019-07-09 00:00:00,80.8
2019-07-10 00:00:00,159.68
2019-07-11 00:00:00,191.44
2019-07-12 00:00:00,163.04
2019-07-13 00:00:00,89.6
2019-07-14 00:00:00,109.76
2019-07-15 00:00:00,153.2
2019-07-16 00:00:00,163.84
2019-07-17 00:00:00,161.84
2019-07-18 00:00:00,158.32
2019-07-19 00:00:00,135.96
2019-07-20 00:00:00,94.04
2019-07-21 00:00:00,92.48
2019-07-22 00:00:00,168.28
2019-07-23 00:00:00,172.84
2019-07-24 00:00:00,175.96
2019-07-25 00:00:00,185.2
2019-07-26 00:00:00,136.2
2019-07-27 00:00:00,150.28
2019-07-28 00:00:00,169.56
2019-07-29 00:00:00,233
2019-07-30 00:00:00,216.52
2019-07-31 00:00:00,159.56
2019-08-01 00:00:00,200.92
2019-08-02 00:00:00,158.72
2019-08-03 00:00:00,88.68
2019-08-04 00:00:00,93.76
2019-08-05 00:00:00,179.4
2019-08-06 00:00:00,200.72
2019-08-07 00:00:00,174
2019-08-08 00:00:00,217.36
2019-08-09 00:00:00,180.56
2019-08-10 00:00:00,110.8
2019-08-11 00:00:00,124.32
2019-08-12 00:00:00,171.68
2019-08-13 00:00:00,234.28
2019-08-14 00:00:00,191.84
2019-08-15 00:00:00,224.28
2019-08-16 00:00:00,163.32
2019-08-17 00:00:00,102.28
2019-08-18 00:00:00,104.72
2019-08-19 00:00:00,157.4
2019-08-20 00:00:00,164.2
2019-08-21 00:00:00,172.56
2019-08-22 00:00:00,178.12
2019-08-23 00:00:00,147.76
2019-08-24 00:00:00,94.36
2019-08-25 00:00:00,87.64
2019-08-26 00:00:00,79.16
2019-08-27 00:00:00,137.44
2019-08-28 00:00:00,157.72
2019-08-29 00:00:00,143
2019-08-30 00:00:00,124.76
2019-08-31 00:00:00,94.04
2019-09-01 00:00:00,95.36
2019-09-02 00:00:00,159.64
2019-09-03 00:00:00,181.44
2019-09-04 00:00:00,213.4
2019-09-05 00:00:00,213.08
2019-09-06 00:00:00,171.64
2019-09-07 00:00:00,102.68
2019-09-08 00:00:00,119.28
2019-09-09 00:00:00,176.88
2019-09-10 00:00:00,202.52
2019-09-11 00:00:00,209.2
2019-09-12 00:00:00,193.28
2019-09-13 00:00:00,156.88
2019-09-14 00:00:00,113.64
2019-09-15 00:00:00,107.92
2019-09-16 00:00:00,184.92
2019-09-17 00:00:00,234.6
2019-09-18 00:00:00,211.04
2019-09-19 00:00:00,207.2
2019-09-20 00:00:00,169.16
2019-09-21 00:00:00,71.68
2019-09-22 00:00:00,101
2019-09-23 00:00:00,158.76
2019-09-24 00:00:00,182.04
2019-09-25 00:00:00,199.16
2019-09-26 00:00:00,199.04
2019-09-27 00:00:00,147.28
2019-09-28 00:00:00,106.08
2019-09-29 00:00:00,103.76
2019-09-30 00:00:00,181.8
2019-10-01 00:00:00,216.68
2019-10-02 00:00:00,200.44
2019-10-03 00:00:00,208.6
2019-10-04 00:00:00,168.2
2019-10-05 00:00:00,108
2019-10-06 00:00:00,128.04
2019-10-07 00:00:00,204.84
2019-10-08 00:00:00,212.64
2019-10-09 00:00:00,213
2019-10-10 00:00:00,216.32
2019-10-11 00:00:00,182.32
2019-10-12 00:00:00,113.92
2019-10-13 00:00:00,117.76
2019-10-14 00:00:00,192.96
2019-10-15 00:00:00,223.92
2019-10-16 00:00:00,195.64
2019-10-17 00:00:00,217.48
2019-10-18 00:00:00,163.92
2019-10-19 00:00:00,109.28
2019-10-20 00:00:00,114.32
2019-10-21 00:00:00,200.92
2019-10-22 00:00:00,215.32
2019-10-23 00:00:00,199.52
2019-10-24 00:00:00,228.56
2019-10-25 00:00:00,175.64
2019-10-26 00:00:00,107.48
2019-10-27 00:00:00,107.92
2019-10-28 00:00:00,165.32
2019-10-29 00:00:00,197.56
2019-10-30 00:00:00,201.6
2019-10-31 00:00:00,203.52
2019-11-01 00:00:00,173.72
2019-11-02 00:00:00,103.84
2019-11-03 00:00:00,120.4
2019-11-04 00:00:00,216.68
2019-11-05 00:00:00,197.84
2019-11-06 00:00:00,233.84
2019-11-07 00:00:00,216.32
2019-11-08 00:00:00,186.16
2019-11-09 00:00:00,113.24
2019-11-10 00:00:00,113.28
2019-11-11 00:00:00,169
2019-11-12 00:00:00,171.56
2019-11-13 00:00:00,179.76
2019-11-14 00:00:00,186.64
2019-11-15 00:00:00,180.36
2019-11-16 00:00:00,97.72
2019-11-17 00:00:00,124.4
2019-11-18 00:00:00,189.72
2019-11-19 00:00:00,228.96
2019-11-20 00:00:00,200.32
2019-11-21 00:00:00,205.36
2019-11-22 00:00:00,164.52
2019-11-23 00:00:00,105.56
2019-11-24 00:00:00,97.76
2019-11-25 00:00:00,185.92
2019-11-26 00:00:00,215.96
2019-11-27 00:00:00,170.24
2019-11-28 00:00:00,170.4
2019-11-29 00:00:00,140.24
2019-11-30 00:00:00,89.68
2019-12-01 00:00:00,140.96
2019-12-02 00:00:00,202.76
2019-12-03 00:00:00,180.92
2019-12-04 00:00:00,188.92
2019-12-05 00:00:00,220.32
2019-12-06 00:00:00,169.24
2019-12-07 00:00:00,92.12
2019-12-08 00:00:00,97.24
2019-12-09 00:00:00,163.44
2019-12-10 00:00:00,201.2
2019-12-11 00:00:00,190.6
2019-12-12 00:00:00,209.44
2019-12-13 00:00:00,161.64
2019-12-14 00:00:00,98.48
2019-12-15 00:00:00,103.88
2019-12-16 00:00:00,146.24
2019-12-17 00:00:00,161.44
2019-12-18 00:00:00,166.16
2019-12-19 00:00:00,142.64
2019-12-20 00:00:00,119.2
2019-12-21 00:00:00,76.44
2019-12-22 00:00:00,82.36
2019-12-23 00:00:00,129.84
2019-12-24 00:00:00,95.32
2019-12-25 00:00:00,78.64
2019-12-26 00:00:00,82.64
2019-12-27 00:00:00,81
2019-12-28 00:00:00,86.56
2019-12-29 00:00:00,90.64
2019-12-30 00:00:00,72.96
2019-12-31 00:00:00,83.24
2020-01-01 00:00:00,79.16
2020-01-02 00:00:00,155.32
2020-01-03 00:00:00,144.24
2020-01-04 00:00:00,82.76
2020-01-05 00:00:00,82.64
2020-01-06 00:00:00,187.28
2020-01-07 00:00:00,216.32
2020-01-08 00:00:00,192.96
2020-01-09 00:00:00,204.84
2020-01-10 00:00:00,208.32
2020-01-11 00:00:00,118
2020-01-12 00:00:00,108.72
2020-01-13 00:00:00,193.48
2020-01-14 00:00:00,206.2
2020-01-15 00:00:00,174.88
2020-01-16 00:00:00,187.88
2020-01-17 00:00:00,195.6
2020-01-18 00:00:00,105.52
2020-01-19 00:00:00,115.28
2020-01-20 00:00:00,191.92
2020-01-21 00:00:00,194
2020-01-22 00:00:00,185.4
2020-01-23 00:00:00,191.92
2020-01-24 00:00:00,178.68
2020-01-25 00:00:00,112.88
2020-01-26 00:00:00,117.04
2020-01-27 00:00:00,203.6
2020-01-28 00:00:00,194.92
2020-01-29 00:00:00,219.48
2020-01-30 00:00:00,191.24
2020-01-31 00:00:00,163.64
2020-02-01 00:00:00,100.6
2020-02-02 00:00:00,93.36
2020-02-03 00:00:00,159.36
2020-02-04 00:00:00,182.76
2020-02-05 00:00:00,199.88
2020-02-06 00:00:00,251.2
2020-02-07 00:00:00,104.36
2020-02-08 00:00:00,123.52
2020-02-09 00:00:00,104.16
2020-02-10 00:00:00,172.44
2020-02-11 00:00:00,231.48
2020-02-12 00:00:00,212.84
2020-02-13 00:00:00,205.32
2020-02-14 00:00:00,157.72
2020-02-15 00:00:00,98.64
2020-02-16 00:00:00,91.16
2020-02-17 00:00:00,155.96
2020-02-18 00:00:00,161.12
2020-02-19 00:00:00,164.88
2020-02-20 00:00:00,148.56
2020-02-21 00:00:00,148.64
2020-02-22 00:00:00,113.56
2020-02-23 00:00:00,124.88
2020-02-24 00:00:00,143.44
2020-02-25 00:00:00,170.88
2020-02-26 00:00:00,158.76
2020-02-27 00:00:00,160.64
2020-02-28 00:00:00,155.8
2020-02-29 00:00:00,119.8
2020-03-01 00:00:00,105.16
2020-03-02 00:00:00,179.28
2020-03-03 00:00:00,202.16
2020-03-04 00:00:00,208.56
2020-03-05 00:00:00,180.4
2020-03-06 00:00:00,158.4
2020-03-07 00:00:00,92.2
2020-03-08 00:00:00,98
2020-03-09 00:00:00,139.16
2020-03-10 00:00:00,155.52
2020-03-11 00:00:00,177.16
2020-03-12 00:00:00,192.24
2020-03-13 00:00:00,141.88
2020-03-14 00:00:00,93.28
2020-03-15 00:00:00,93.2
2020-03-16 00:00:00,149.32
2020-03-17 00:00:00,190.72
2020-03-18 00:00:00,176.16
2020-03-19 00:00:00,169.96
2020-03-20 00:00:00,129.76
2020-03-21 00:00:00,105.72
2020-03-22 00:00:00,103.76
2020-03-23 00:00:00,119.6
2020-03-24 00:00:00,137.76
2020-03-25 00:00:00,147.08
2020-03-26 00:00:00,142.04
2020-03-27 00:00:00,126.88
2020-03-28 00:00:00,86
2020-03-29 00:00:00,82.08
2020-03-30 00:00:00,144.28
2020-03-31 00:00:00,155.96
2020-04-01 00:00:00,176.48
2020-04-02 00:00:00,155.4
2020-04-03 00:00:00,129.72
2020-04-04 00:00:00,72.44
2020-04-05 00:00:00,87.6
2020-04-06 00:00:00,147.52
2020-04-07 00:00:00,181.16
2020-04-08 00:00:00,171.88
2020-04-09 00:00:00,147.68
2020-04-10 00:00:00,68.6
2020-04-11 00:00:00,52.6
2020-04-12 00:00:00,60.16
2020-04-13 00:00:00,92.6
2020-04-14 00:00:00,116.08
2020-04-15 00:00:00,128.56
2020-04-16 00:00:00,157.2
2020-04-17 00:00:00,150.76
2020-04-18 00:00:00,83.8
2020-04-19 00:00:00,69.88
2020-04-20 00:00:00,146.76
2020-04-21 00:00:00,144.08
2020-04-22 00:00:00,148.6
2020-04-23 00:00:00,167.64
2020-04-24 00:00:00,132.84
2020-04-25 00:00:00,78.92
2020-04-26 00:00:00,69.56
2020-04-27 00:00:00,157.72
2020-04-28 00:00:00,156.64
2020-04-29 00:00:00,187.92
2020-04-30 00:00:00,147.96
2020-05-01 00:00:00,121.96
2020-05-02 00:00:00,72.4
2020-05-03 00:00:00,68.12
2020-05-04 00:00:00,129.32
2020-05-05 00:00:00,167.04
2020-05-06 00:00:00,155.84
2020-05-07 00:00:00,123.52
2020-05-08 00:00:00,62.04
2020-05-09 00:00:00,73.56
2020-05-10 00:00:00,65.96
2020-05-11 00:00:00,129.88
2020-05-12 00:00:00,133.28
2020-05-13 00:00:00,151.6
2020-05-14 00:00:00,180.24
2020-05-15 00:00:00,109.32
2020-05-16 00:00:00,61.36
2020-05-17 00:00:00,77.32
2020-05-18 00:00:00,178.44
2020-05-19 00:00:00,186.16
2020-05-20 00:00:00,136.36
2020-05-21 00:00:00,132.44
2020-05-22 00:00:00,111.36
2020-05-23 00:00:00,60.48
2020-05-24 00:00:00,69.72
2020-05-25 00:00:00,58.12
2020-05-26 00:00:00,131.4
2020-05-27 00:00:00,125.16
2020-05-28 00:00:00,128.96
2020-05-29 00:00:00,97.52
2020-05-30 00:00:00,59.44
2020-05-31 00:00:00,65.36
2020-06-01 00:00:00,136.24
2020-06-02 00:00:00,169.76
2020-06-03 00:00:00,166.24
2020-06-04 00:00:00,155.48
2020-06-05 00:00:00,117.88
2020-06-06 00:00:00,78.4
2020-06-07 00:00:00,82.96
2020-06-08 00:00:00,155.68
2020-06-09 00:00:00,178.88
2020-06-10 00:00:00,153.48
2020-06-11 00:00:00,141.68
2020-06-12 00:00:00,108.2
2020-06-13 00:00:00,69
2020-06-14 00:00:00,89.6
2020-06-15 00:00:00,152.12
2020-06-16 00:00:00,168.68
2020-06-17 00:00:00,159.2
2020-06-18 00:00:00,142.28
2020-06-19 00:00:00,107.32
2020-06-20 00:00:00,59.84
2020-06-21 00:00:00,68.04
2020-06-22 00:00:00,124.28
2020-06-23 00:00:00,166.88
2020-06-24 00:00:00,165.88
2020-06-25 00:00:00,64.6
2020-06-26 00:00:00,75.88
2020-06-27 00:00:00,76
2020-06-28 00:00:00,75.64
2020-06-29 00:00:00,131
2020-06-30 00:00:00,180.48
2020-07-01 00:00:00,163.12
2020-07-02 00:00:00,132.24
2020-07-03 00:00:00,116.12
2020-07-04 00:00:00,62.8
2020-07-05 00:00:00,63.24
2020-07-06 00:00:00,119.52
2020-07-07 00:00:00,125
2020-07-08 00:00:00,125.92
2020-07-09 00:00:00,127.84
2020-07-10 00:00:00,122.68
2020-07-13 00:00:00,127.88
2020-07-14 00:00:00,178
2020-07-15 00:00:00,171.48
2020-07-16 00:00:00,133.36
2020-07-17 00:00:00,109.88
2020-07-18 00:00:00,66.88
2020-07-19 00:00:00,63.68
2020-07-20 00:00:00,116.92
2020-07-21 00:00:00,129.96
2020-07-22 00:00:00,126.72
2020-07-23 00:00:00,133.76
2020-07-24 00:00:00,103.4
2020-07-25 00:00:00,66.88
2020-07-26 00:00:00,74.28
2020-07-27 00:00:00,128.48
2020-07-28 00:00:00,127.04
2020-07-29 00:00:00,141.04
2020-07-30 00:00:00,149.04
2020-07-31 00:00:00,114.32
2020-08-01 00:00:00,74.32
2020-08-02 00:00:00,67.68
2020-08-03 00:00:00,117.88
2020-08-04 00:00:00,166.52
2020-08-05 00:00:00,161.44
2020-08-06 00:00:00,160.36
2020-08-07 00:00:00,125.52
2020-08-08 00:00:00,77.04
2020-08-09 00:00:00,90.76
2020-08-10 00:00:00,133.92
2020-08-11 00:00:00,180.28
2020-08-12 00:00:00,150.12
2020-08-13 00:00:00,146.76
2020-08-14 00:00:00,129.24
2020-08-15 00:00:00,76.2
2020-08-16 00:00:00,75.48
2020-08-17 00:00:00,134.2
2020-08-18 00:00:00,126.2
2020-08-19 00:00:00,149.8
2020-08-20 00:00:00,181.84
2020-08-21 00:00:00,113.92
2020-08-22 00:00:00,69.68
2020-08-23 00:00:00,80.24
2020-08-24 00:00:00,120.48
2020-08-25 00:00:00,148.32
2020-08-26 00:00:00,124.4
2020-08-27 00:00:00,135.76
2020-08-28 00:00:00,116.32
2020-08-29 00:00:00,71.84
2020-08-30 00:00:00,74.28
2020-08-31 00:00:00,101.92
2020-09-01 00:00:00,112.32
2020-09-02 00:00:00,118.2
2020-09-03 00:00:00,116.88
2020-09-04 00:00:00,103.4
2020-09-05 00:00:00,70.96
2020-09-06 00:00:00,78.64
2020-09-07 00:00:00,167.36
2020-09-08 00:00:00,168.64
2020-09-09 00:00:00,158.04
2020-09-10 00:00:00,154.04
2020-09-11 00:00:00,121.24
2020-09-12 00:00:00,75.68
2020-09-13 00:00:00,70.8
2020-09-14 00:00:00,122.32
2020-09-15 00:00:00,154.6
2020-09-16 00:00:00,180.48
2020-09-17 00:00:00,152.44
2020-09-18 00:00:00,129.64
2020-09-19 00:00:00,68.28
2020-09-20 00:00:00,71.08
2020-09-21 00:00:00,151.4
2020-09-22 00:00:00,169.76
2020-09-23 00:00:00,142.92
2020-09-24 00:00:00,148.16
2020-09-25 00:00:00,147.68
2020-09-26 00:00:00,70.4
2020-09-27 00:00:00,72.08
2020-09-28 00:00:00,146.6
2020-09-29 00:00:00,146.6
2020-09-30 00:00:00,172.6
2020-10-01 00:00:00,179.4
2020-10-02 00:00:00,118.2
2020-10-03 00:00:00,76
2020-10-04 00:00:00,84.68
2020-10-05 00:00:00,133.04
2020-10-06 00:00:00,203.44
2020-10-07 00:00:00,150.92
2020-10-08 00:00:00,135.24
2020-10-09 00:00:00,110.72
2020-10-10 00:00:00,96
2020-10-11 00:00:00,85.32
2020-10-12 00:00:00,116.52
2020-10-13 00:00:00,142.88
2020-10-14 00:00:00,144.4
2020-10-15 00:00:00,149.84
2020-10-16 00:00:00,129.6
2020-10-17 00:00:00,88.36
2020-10-18 00:00:00,85.2
2020-10-19 00:00:00,136.12
2020-10-20 00:00:00,157.2
2020-10-21 00:00:00,138.8
2020-10-22 00:00:00,126.76
2020-10-23 00:00:00,132.32
2020-10-24 00:00:00,85
2020-10-25 00:00:00,81.84
2020-10-26 00:00:00,107.52
2020-10-27 00:00:00,165.32
2020-10-28 00:00:00,135.08
2020-10-29 00:00:00,150.72
2020-10-30 00:00:00,133.04
2020-10-31 00:00:00,100.88
2020-11-01 00:00:00,106.8
2020-11-02 00:00:00,123.72
2020-11-03 00:00:00,135.56
2020-11-04 00:00:00,161.76
2020-11-05 00:00:00,193.2
2020-11-06 00:00:00,110.08
2020-11-07 00:00:00,69.32
2020-11-08 00:00:00,73.72
2020-11-09 00:00:00,122.16
2020-11-10 00:00:00,150.68
2020-11-11 00:00:00,156.36
2020-11-12 00:00:00,111.12
2020-11-13 00:00:00,105
2020-11-14 00:00:00,73.88
2020-11-15 00:00:00,71.4
2020-11-16 00:00:00,137.72
2020-11-17 00:00:00,167.24
2020-11-18 00:00:00,179.12
2020-11-19 00:00:00,170.6
2020-11-20 00:00:00,130.64
2020-11-21 00:00:00,65.48
2020-11-22 00:00:00,65.8
2020-11-23 00:00:00,116.96
2020-11-24 00:00:00,121.28
2020-11-25 00:00:00,110.64
2020-11-26 00:00:00,129.44
2020-11-27 00:00:00,99.8
2020-11-28 00:00:00,79.44
2020-11-29 00:00:00,96
2020-11-30 00:00:00,155.08
2020-12-01 00:00:00,144.44
2020-12-02 00:00:00,147.32
2020-12-03 00:00:00,168.8
2020-12-04 00:00:00,124.24
2020-12-05 00:00:00,77.32
2020-12-06 00:00:00,86.76
2020-12-07 00:00:00,146.76
2020-12-08 00:00:00,169.52
2020-12-09 00:00:00,164.16
2020-12-10 00:00:00,156.76
2020-12-11 00:00:00,108.52
2020-12-12 00:00:00,70.24
2020-12-13 00:00:00,76.64
2020-12-14 00:00:00,123.76
2020-12-15 00:00:00,139.92
2020-12-16 00:00:00,130.4
2020-12-17 00:00:00,123.12
2020-12-18 00:00:00,107.52
2020-12-19 00:00:00,78.52
2020-12-20 00:00:00,85.72
2020-12-21 00:00:00,99.28
2020-12-22 00:00:00,100.84
2020-12-23 00:00:00,93.44
2020-12-24 00:00:00,73.48
2020-12-25 00:00:00,76.16
2020-12-26 00:00:00,76.52
2020-12-27 00:00:00,88.4
2020-12-28 00:00:00,68.68
2020-12-29 00:00:00,75.92
2020-12-30 00:00:00,82.52
2020-12-31 00:00:00,78.8
2021-01-01 00:00:00,75
2021-01-02 00:00:00,77.16
2021-01-03 00:00:00,80.64
2021-01-04 00:00:00,139.88
2021-01-05 00:00:00,156.96
2021-01-06 00:00:00,141.12
2021-01-07 00:00:00,136.96
2021-01-08 00:00:00,119.68
2021-01-09 00:00:00,119.96
2021-01-10 00:00:00,85.4
2021-01-11 00:00:00,146.96
2021-01-12 00:00:00,174.68
2021-01-13 00:00:00,180.56
2021-01-14 00:00:00,151.88
2021-01-15 00:00:00,123.04
2021-01-16 00:00:00,75.88
2021-01-17 00:00:00,80.48
2021-01-18 00:00:00,119.48
2021-01-19 00:00:00,144.2
2021-01-20 00:00:00,137.76
2021-01-21 00:00:00,142.4
2021-01-22 00:00:00,118.2
2021-01-23 00:00:00,92.6
2021-01-24 00:00:00,93.76
2021-01-25 00:00:00,120.8
2021-01-26 00:00:00,102.96
2021-01-27 00:00:00,79.4
2021-01-28 00:00:00,157.24
2021-01-29 00:00:00,131.24
2021-01-30 00:00:00,77.12
2021-01-31 00:00:00,80.2
2021-02-01 00:00:00,129.8
2021-02-02 00:00:00,190
2021-02-03 00:00:00,151.68
2021-02-04 00:00:00,190.8
2021-02-05 00:00:00,152.04
2021-02-06 00:00:00,92.04
2021-02-07 00:00:00,92.52
2021-02-08 00:00:00,138.12
2021-02-09 00:00:00,149.52
2021-02-10 00:00:00,166.32
2021-02-11 00:00:00,156.56
2021-02-12 00:00:00,122.12
2021-02-13 00:00:00,77.32
2021-02-14 00:00:00,73.64
2021-02-15 00:00:00,130.6
2021-02-16 00:00:00,169.52
2021-02-17 00:00:00,191.52
2021-02-18 00:00:00,169.2
2021-02-19 00:00:00,127.48
2021-02-20 00:00:00,73.04
2021-02-21 00:00:00,100.44
2021-02-22 00:00:00,159.92
2021-02-23 00:00:00,188.04
2021-02-24 00:00:00,166.16
2021-02-25 00:00:00,182.36
2021-02-26 00:00:00,122.6
2021-02-27 00:00:00,77.12
2021-02-28 00:00:00,77.12
2021-03-01 00:00:00,147.52
2021-03-02 00:00:00,183.8
2021-03-03 00:00:00,149.96
2021-03-04 00:00:00,166.96
2021-03-05 00:00:00,137.08
2021-03-06 00:00:00,78.44
2021-03-07 00:00:00,87.16
2021-03-08 00:00:00,135.2
2021-03-09 00:00:00,179.36
2021-03-10 00:00:00,151.16
2021-03-11 00:00:00,131.84
2021-03-12 00:00:00,131.24
2021-03-13 00:00:00,95.48
2021-03-14 00:00:00,94.24
2021-03-15 00:00:00,153.28
2021-03-16 00:00:00,180.88
2021-03-17 00:00:00,148.72
2021-03-18 00:00:00,165.96
2021-03-19 00:00:00,135.88
2021-03-20 00:00:00,74.04
2021-03-21 00:00:00,94.12
2021-03-22 00:00:00,134.84
2021-03-23 00:00:00,153.24
2021-03-24 00:00:00,180.72
2021-03-25 00:00:00,132.24
2021-03-26 00:00:00,71.44
2021-03-29 00:00:00,104.56
2021-03-30 00:00:00,161.16
2021-03-31 00:00:00,157.6
2021-04-01 00:00:00,144.52
2021-04-02 00:00:00,49.92
2021-04-03 00:00:00,40.24
2021-04-04 00:00:00,78.56
2021-04-05 00:00:00,135.08
2021-04-06 00:00:00,161.24
2021-04-07 00:00:00,141.64
2021-04-08 00:00:00,131
2021-04-09 00:00:00,111.76
2021-04-10 00:00:00,67.96
2021-04-11 00:00:00,77.64
2021-04-12 00:00:00,123.68
2021-04-13 00:00:00,146.88
2021-04-14 00:00:00,128.04
2021-04-15 00:00:00,157.88
2021-04-16 00:00:00,127.04
2021-04-17 00:00:00,81.08
2021-04-18 00:00:00,99.28
2021-04-19 00:00:00,124
2021-04-20 00:00:00,139.28
2021-04-21 00:00:00,142.64
2021-04-22 00:00:00,142.56
2021-04-23 00:00:00,142.12
2021-04-24 00:00:00,92.28
2021-04-25 00:00:00,107
2021-04-26 00:00:00,152.32
2021-04-27 00:00:00,162.64
2021-04-28 00:00:00,179.76
2021-04-29 00:00:00,185.08
2021-04-30 00:00:00,127.6
2021-05-01 00:00:00,57.6
2021-05-02 00:00:00,67.28
2021-05-03 00:00:00,58.12
2021-05-04 00:00:00,128.4
2021-05-05 00:00:00,148.96
2021-05-06 00:00:00,126.04
2021-05-07 00:00:00,106.64
2021-05-08 00:00:00,66.76
2021-05-09 00:00:00,61.08
2021-05-10 00:00:00,132.16
2021-05-11 00:00:00,169.08
2021-05-12 00:00:00,195.24
2021-05-13 00:00:00,172.2
2021-05-14 00:00:00,117.04
2021-05-15 00:00:00,70.36
2021-05-16 00:00:00,81.24
2021-05-17 00:00:00,139.88
2021-05-18 00:00:00,158.56
2021-05-19 00:00:00,140.44
2021-05-20 00:00:00,168.72
2021-05-21 00:00:00,107.68
2021-05-22 00:00:00,62.28
2021-05-23 00:00:00,66.48
2021-05-24 00:00:00,114.84
2021-05-25 00:00:00,151.72
2021-05-26 00:00:00,160.2
2021-05-27 00:00:00,138.4
2021-05-28 00:00:00,96.88
2021-05-29 00:00:00,69.44
2021-05-30 00:00:00,77.24
2021-05-31 00:00:00,62.96
2021-06-01 00:00:00,153.48
2021-06-02 00:00:00,159.76
2021-06-03 00:00:00,150.48
2021-06-04 00:00:00,155.6
2021-06-05 00:00:00,118.24
2021-06-06 00:00:00,103.32
2021-06-07 00:00:00,151.28
2021-06-08 00:00:00,165.28
2021-06-09 00:00:00,183.32
2021-06-10 00:00:00,212.44
2021-06-11 00:00:00,134.32
2021-06-12 00:00:00,95.88
2021-06-13 00:00:00,101.52
2021-06-14 00:00:00,122.96
2021-06-15 00:00:00,169.72
2021-06-16 00:00:00,158.12
2021-06-17 00:00:00,148.96
2021-06-18 00:00:00,142.84
2021-06-19 00:00:00,98.04
2021-06-20 00:00:00,82.12
2021-06-21 00:00:00,151.96
2021-06-22 00:00:00,133.84
2021-06-23 00:00:00,142.08
2021-06-24 00:00:00,185.68
2021-06-25 00:00:00,122.92
2021-06-26 00:00:00,79.12
2021-06-27 00:00:00,80.88
2021-06-28 00:00:00,127.88
2021-06-29 00:00:00,119.12
2021-06-30 00:00:00,159.52
2021-07-01 00:00:00,211.2
2021-07-02 00:00:00,153.4
2021-07-03 00:00:00,110.6
2021-07-04 00:00:00,97.32
2021-07-05 00:00:00,153.4
2021-07-06 00:00:00,180.8
2021-07-07 00:00:00,144.36
2021-07-08 00:00:00,164.2
2021-07-09 00:00:00,121.68
2021-07-10 00:00:00,88.08
2021-07-11 00:00:00,126.04
2021-07-12 00:00:00,152.52
2021-07-13 00:00:00,121.68
2021-07-14 00:00:00,154.44
2021-07-15 00:00:00,163.96
2021-07-16 00:00:00,110.72
2021-07-17 00:00:00,80.44
2021-07-18 00:00:00,80.2
2021-07-19 00:00:00,134.32
2021-07-20 00:00:00,148.64
2021-07-21 00:00:00,171.76
2021-07-22 00:00:00,148.36
2021-07-23 00:00:00,119.36
2021-07-24 00:00:00,77.12
2021-07-25 00:00:00,74.92
2021-07-26 00:00:00,122.48
2021-07-27 00:00:00,117.76
2021-07-28 00:00:00,152.04
2021-07-29 00:00:00,131.92
2021-07-30 00:00:00,122.88
2021-07-31 00:00:00,74.44
2021-08-01 00:00:00,76.72
2021-08-02 00:00:00,146.92
2021-08-03 00:00:00,178.36
2021-08-04 00:00:00,140.04
2021-08-05 00:00:00,137.24
2021-08-06 00:00:00,109.64
2021-08-07 00:00:00,72.8
2021-08-08 00:00:00,80.84
2021-08-09 00:00:00,121.2
2021-08-10 00:00:00,156.64
2021-08-11 00:00:00,183.2
2021-08-12 00:00:00,126.88
2021-08-13 00:00:00,114.24
2021-08-14 00:00:00,89
2021-08-15 00:00:00,87.04
2021-08-16 00:00:00,148.28
2021-08-17 00:00:00,180.56
2021-08-18 00:00:00,168.6
2021-08-19 00:00:00,139.28
2021-08-20 00:00:00,107.6
2021-08-21 00:00:00,67.08
2021-08-22 00:00:00,71.24
2021-08-23 00:00:00,104.36
2021-08-24 00:00:00,115.36
2021-08-25 00:00:00,119.92
2021-08-26 00:00:00,103.24
2021-08-27 00:00:00,89.64
2021-08-28 00:00:00,68.84
2021-08-29 00:00:00,73.08
2021-08-30 00:00:00,62.6
2021-08-31 00:00:00,108.52
2021-09-01 00:00:00,146.44
2021-09-02 00:00:00,120.68
2021-09-03 00:00:00,107.28
2021-09-04 00:00:00,68.88
2021-09-05 00:00:00,86.48
2021-09-06 00:00:00,139.96
2021-09-07 00:00:00,178.96
2021-09-08 00:00:00,123.88
2021-09-09 00:00:00,131.12
2021-09-10 00:00:00,120
2021-09-11 00:00:00,77.16
2021-09-12 00:00:00,78.36
2021-09-13 00:00:00,125.12
2021-09-14 00:00:00,103.2
2021-09-16 00:00:00,14.04
2021-09-20 00:00:00,108.76
2021-09-21 00:00:00,132.36
2021-09-22 00:00:00,138.88
2021-09-23 00:00:00,128.48
2021-09-24 00:00:00,107.76
2021-09-25 00:00:00,69.64
2021-09-26 00:00:00,76.36
2021-09-27 00:00:00,151.12
2021-09-28 00:00:00,137.24
2021-09-29 00:00:00,127.8
2021-09-30 00:00:00,144.76
2021-10-01 00:00:00,120.28
2021-10-02 00:00:00,84
2021-10-03 00:00:00,95.88
2021-10-04 00:00:00,134.96
2021-10-05 00:00:00,151.28
2021-10-06 00:00:00,144.4
2021-10-07 00:00:00,142.04
2021-10-08 00:00:00,111.8
2021-10-09 00:00:00,67.88
2021-10-10 00:00:00,81.44
2021-10-11 00:00:00,131.84
2021-10-12 00:00:00,132.6
2021-10-13 00:00:00,134.08
2021-10-14 00:00:00,167.68
2021-10-15 00:00:00,143.44
2021-10-16 00:00:00,77.24
2021-10-17 00:00:00,77.48
2021-10-18 00:00:00,121.36
2021-10-19 00:00:00,142.88
2021-10-20 00:00:00,135.68
2021-10-21 00:00:00,146.24
2021-10-22 00:00:00,51.52
2021-10-28 00:00:00,99.64
2021-10-29 00:00:00,119.36
2021-10-30 00:00:00,84.84
2021-10-31 00:00:00,91.32
2021-11-01 00:00:00,125.28
2021-11-02 00:00:00,147.28
2021-11-03 00:00:00,150.68
2021-11-04 00:00:00,163.48
2021-11-05 00:00:00,128.16
2021-11-06 00:00:00,84.16
2021-11-07 00:00:00,84.04
2021-11-08 00:00:00,127.24
2021-11-09 00:00:00,140.4
2021-11-10 00:00:00,145.36
2021-11-11 00:00:00,147.68
2021-11-12 00:00:00,118.36
2021-11-13 00:00:00,87.44
2021-11-14 00:00:00,81.56
2021-11-15 00:00:00,145.2
2021-11-16 00:00:00,209.88
2021-11-17 00:00:00,151.64
2021-11-18 00:00:00,164.84
2021-11-19 00:00:00,186.4
2021-11-20 00:00:00,119.16
2021-11-21 00:00:00,95.92
2021-11-22 00:00:00,147.28
2021-11-23 00:00:00,163.2
2021-11-24 00:00:00,191.04
2021-11-25 00:00:00,171.12
2021-11-26 00:00:00,181.12
2021-11-27 00:00:00,100.96
2021-11-28 00:00:00,106.36
2021-11-29 00:00:00,147.28
2021-11-30 00:00:00,152.4
2021-12-01 00:00:00,165.48
2021-12-02 00:00:00,168.08
2021-12-03 00:00:00,134
2021-12-04 00:00:00,79.2
2021-12-05 00:00:00,85.36
2021-12-06 00:00:00,166
2021-12-07 00:00:00,177.52
2021-12-08 00:00:00,153.56
2021-12-09 00:00:00,176.92
2021-12-10 00:00:00,135.44
2021-12-11 00:00:00,87.52
2021-12-12 00:00:00,87.44
2021-12-13 00:00:00,154.44
2021-12-14 00:00:00,132.52
2021-12-15 00:00:00,122.92
2021-12-16 00:00:00,122.04
2021-12-17 00:00:00,111.44
2021-12-18 00:00:00,81.32
2021-12-19 00:00:00,83.08
2021-12-20 00:00:00,123.68
2021-12-21 00:00:00,128.88
2021-12-22 00:00:00,117.24
2021-12-23 00:00:00,103.72
2021-12-24 00:00:00,43.56
2022-01-17 00:00:00,54.8
2022-01-18 00:00:00,149.56
2022-01-19 00:00:00,142.2
2022-01-20 00:00:00,122.76
2022-01-21 00:00:00,77.96
2022-01-22 00:00:00,87.48
2022-01-23 00:00:00,88.16
2022-01-24 00:00:00,148.96
2022-01-25 00:00:00,92.96
2022-02-01 00:00:00,60.28
2022-02-02 00:00:00,189.36
2022-02-03 00:00:00,146.32
2022-02-04 00:00:00,120.28
2022-02-05 00:00:00,85.08
2022-02-06 00:00:00,99.8
2022-02-07 00:00:00,50.44
2022-02-08 00:00:00,75.84
2022-02-09 00:00:00,145.64
2022-02-10 00:00:00,173.84
2022-02-11 00:00:00,140.12
2022-02-12 00:00:00,78.88
2022-02-13 00:00:00,77.96
2022-02-14 00:00:00,127.28
2022-02-15 00:00:00,174.36
2022-02-16 00:00:00,157.92
2022-02-17 00:00:00,139.2
2022-02-18 00:00:00,124.92
2022-02-19 00:00:00,87.24
2022-02-20 00:00:00,95.44
2022-02-21 00:00:00,175.08
2022-02-22 00:00:00,167.76
2022-02-23 00:00:00,154.28
2022-02-24 00:00:00,140
2022-02-25 00:00:00,126.92
2022-02-26 00:00:00,71.32
2022-02-27 00:00:00,80.2
2022-02-28 00:00:00,134.16
2022-03-01 00:00:00,141.6
2022-03-02 00:00:00,145.76
2022-03-03 00:00:00,133.52
2022-03-04 00:00:00,121.04
2022-03-05 00:00:00,80.68
2022-03-06 00:00:00,80.36
2022-03-07 00:00:00,145.24
2022-03-08 00:00:00,61.08
2022-03-11 00:00:00,72.36
2022-03-12 00:00:00,73.12
2022-03-13 00:00:00,82.12
2022-03-14 00:00:00,121.04
2022-03-15 00:00:00,148.72
2022-03-16 00:00:00,162.64
2022-03-17 00:00:00,157.56
2022-03-18 00:00:00,108.96
2022-03-19 00:00:00,91.84
2022-03-20 00:00:00,95.76
2022-03-21 00:00:00,120.2
2022-03-22 00:00:00,132.6
2022-03-23 00:00:00,166.68
2022-03-24 00:00:00,161.12
2022-03-25 00:00:00,127.68
2022-03-26 00:00:00,74.28
2022-03-27 00:00:00,71.56
2022-03-28 00:00:00,118
2022-03-29 00:00:00,80.44
2022-03-31 00:00:00,63.4
2022-04-01 00:00:00,110.32
2022-04-02 00:00:00,66.12
2022-04-03 00:00:00,79.36
2022-04-04 00:00:00,112.04
2022-04-05 00:00:00,142.56
2022-04-06 00:00:00,155.6
2022-04-07 00:00:00,154.96
2022-04-08 00:00:00,121.04
2022-04-09 00:00:00,79.2
2022-04-10 00:00:00,88.04
2022-04-11 00:00:00,129.12
2022-04-12 00:00:00,149.24
2022-04-13 00:00:00,141.44
2022-04-14 00:00:00,133
2022-04-15 00:00:00,35.16
2022-04-25 00:00:00,41.56
2022-04-26 00:00:00,142.48
2022-04-27 00:00:00,147.08
2022-04-28 00:00:00,156.72
2022-04-29 00:00:00,133.64
2022-04-30 00:00:00,83.68
2022-05-01 00:00:00,80.24
2022-05-02 00:00:00,70.16
2022-05-03 00:00:00,151.04
2022-05-04 00:00:00,168.24
2022-05-05 00:00:00,188.6
2022-05-11 00:00:00,97.64
2022-05-12 00:00:00,137.6
2022-05-13 00:00:00,146.08
2022-05-14 00:00:00,82.84
2022-05-15 00:00:00,99.36
2022-05-16 00:00:00,153.04
2022-05-17 00:00:00,138.96
2022-05-18 00:00:00,182
2022-05-19 00:00:00,139.68
2022-05-20 00:00:00,108.52
2022-05-21 00:00:00,66.72
2022-05-22 00:00:00,67.12
2022-05-23 00:00:00,130.44
2022-05-24 00:00:00,139.12
2022-05-25 00:00:00,143.6
2022-05-26 00:00:00,154.32
2022-05-27 00:00:00,113.52
2022-05-28 00:00:00,77.24
2022-05-29 00:00:00,66.4
2022-05-30 00:00:00,116.8
2022-05-31 00:00:00,121.88
2022-06-01 00:00:00,128.28
2022-06-02 00:00:00,78.4
2022-06-03 00:00:00,69.84
2022-06-04 00:00:00,71.96
2022-06-05 00:00:00,75.52
2022-06-06 00:00:00,131
2022-06-07 00:00:00,111.2
2022-06-08 00:00:00,130.52
2022-06-09 00:00:00,156.88
2022-06-10 00:00:00,116.2
2022-06-11 00:00:00,70.92
2022-06-12 00:00:00,82.96
2022-06-13 00:00:00,134.52
2022-06-14 00:00:00,150.2
2022-06-15 00:00:00,137.52
2022-06-16 00:00:00,151.36
2022-06-17 00:00:00,110.24
2022-06-18 00:00:00,75.96
2022-06-19 00:00:00,75.08
2022-06-20 00:00:00,132.72
2022-06-21 00:00:00,110.64
2022-06-22 00:00:00,106.88
2022-06-23 00:00:00,114.64
2022-06-24 00:00:00,87.48
2022-06-25 00:00:00,63.76
2022-06-26 00:00:00,68.64
2022-06-27 00:00:00,115
2022-06-28 00:00:00,144.04
2022-06-29 00:00:00,173.04
2022-06-30 00:00:00,143.48
2022-07-01 00:00:00,118.36
2022-07-02 00:00:00,77.04
2022-07-03 00:00:00,84.36
2022-07-04 00:00:00,131.92
2022-07-05 00:00:00,138.84
2022-07-06 00:00:00,142.8
2022-07-07 00:00:00,131.8
2022-07-08 00:00:00,144.6
2022-07-09 00:00:00,93.16
2022-07-10 00:00:00,102.32
2022-07-11 00:00:00,134.6
2022-07-12 00:00:00,144.24
2022-07-13 00:00:00,168.88
2022-07-14 00:00:00,151.56
2022-07-15 00:00:00,139.8
2022-07-16 00:00:00,97.08
2022-07-17 00:00:00,83.12
2022-07-18 00:00:00,129.6
2022-07-19 00:00:00,133.52
2022-07-20 00:00:00,132.48
2022-07-21 00:00:00,132.72
2022-07-22 00:00:00,117.4
2022-07-23 00:00:00,80
2022-07-24 00:00:00,83.28
2022-07-25 00:00:00,145.04
2022-07-26 00:00:00,139.12
2022-07-27 00:00:00,147.12
2022-07-28 00:00:00,163.56
2022-07-29 00:00:00,116.6
2022-07-30 00:00:00,84.08
2022-07-31 00:00:00,81.48
2022-08-01 00:00:00,145.48
2022-08-02 00:00:00,122.6
2022-08-03 00:00:00,119.88
2022-08-04 00:00:00,144.36
2022-08-05 00:00:00,117.56
2022-08-06 00:00:00,76.72
2022-08-07 00:00:00,83.16
2022-08-08 00:00:00,139.4
2022-08-09 00:00:00,164.24
2022-08-10 00:00:00,196.44
2022-08-11 00:00:00,177.32
2022-08-12 00:00:00,118.96
2022-08-13 00:00:00,74
2022-08-14 00:00:00,88.44
2022-08-15 00:00:00,144.6
2022-08-16 00:00:00,149.92
2022-08-17 00:00:00,133.36
2022-08-18 00:00:00,129.68
2022-08-19 00:00:00,102.16
2022-08-20 00:00:00,73.92
2022-08-21 00:00:00,76.36
2022-08-22 00:00:00,119.68
2022-08-23 00:00:00,123.72
2022-08-24 00:00:00,111.08
2022-08-25 00:00:00,119.12
2022-08-26 00:00:00,96.68
2022-09-15 00:00:00,76.36
2022-09-16 00:00:00,144.04
2022-09-17 00:00:00,109.12
2022-09-18 00:00:00,90.44
2022-09-19 00:00:00,82.24
2022-09-20 00:00:00,174.8
2022-09-21 00:00:00,167
2022-09-22 00:00:00,168.12
2022-09-23 00:00:00,142
2022-09-24 00:00:00,91.08
2022-09-25 00:00:00,93.04
2022-09-26 00:00:00,177.2
2022-09-27 00:00:00,142.4
2022-09-28 00:00:00,146.8
2022-09-29 00:00:00,144.04
2022-09-30 00:00:00,108.36
2022-10-01 00:00:00,76.84
2022-10-02 00:00:00,87.68
2022-10-03 00:00:00,129.28
2022-10-04 00:00:00,131.32
2022-10-05 00:00:00,146.4
2022-10-06 00:00:00,129.72
2022-10-07 00:00:00,113.96
2022-10-08 00:00:00,68.64
2022-10-09 00:00:00,74.64
2022-10-10 00:00:00,126.72
2022-10-11 00:00:00,89.2
2022-11-01 00:00:00,86.36
2022-11-02 00:00:00,192.6
2022-11-03 00:00:00,158.6
2022-11-04 00:00:00,137.68
2022-11-05 00:00:00,76.4
2022-11-06 00:00:00,75.84
2022-11-07 00:00:00,150.16
2022-11-08 00:00:00,150.52
2022-11-09 00:00:00,144.72
2022-11-10 00:00:00,139.32
2022-11-11 00:00:00,123.8
2022-11-12 00:00:00,82.44
2022-11-13 00:00:00,92.44
2022-11-14 00:00:00,125.8
2022-11-15 00:00:00,157.6
2022-11-16 00:00:00,154.28
2022-11-17 00:00:00,144
2022-11-18 00:00:00,117.48
2022-11-19 00:00:00,86.96
2022-11-20 00:00:00,87.72
2022-11-21 00:00:00,152.04
2022-11-22 00:00:00,200.8
2022-11-23 00:00:00,147.84
2022-11-24 00:00:00,151.48
2022-11-25 00:00:00,115.24
2022-11-26 00:00:00,77.48
2022-11-27 00:00:00,94.08
2022-11-28 00:00:00,122.56
2022-11-29 00:00:00,167.2
2022-11-30 00:00:00,192.96
2022-12-01 00:00:00,147.36
2022-12-02 00:00:00,128.08
2022-12-03 00:00:00,75.92
2022-12-04 00:00:00,80.84
2022-12-05 00:00:00,122.08
2022-12-06 00:00:00,134.32
2022-12-07 00:00:00,151.6
2022-12-08 00:00:00,140.04
2022-12-09 00:00:00,110.64
2022-12-10 00:00:00,79.52
2022-12-11 00:00:00,67.2
2022-12-12 00:00:00,136.96
2022-12-13 00:00:00,151.52
2022-12-14 00:00:00,148
2022-12-15 00:00:00,155.76
2022-12-16 00:00:00,139.96
2022-12-17 00:00:00,88.24
2022-12-18 00:00:00,110.28
2022-12-19 00:00:00,123.04
2022-12-20 00:00:00,154.4
2022-12-21 00:00:00,118.24
2022-12-22 00:00:00,117.04
2022-12-23 00:00:00,78.92
2022-12-24 00:00:00,72.32
2022-12-25 00:00:00,85.68
2022-12-26 00:00:00,67.96
2022-12-27 00:00:00,78.68
2022-12-28 00:00:00,69.64
2022-12-29 00:00:00,82.92
2022-12-30 00:00:00,65
