Date,South Site Water
2016-11-09 00:00:00,88
2016-11-10 00:00:00,273.8
2016-11-11 00:00:00,205
2016-11-12 00:00:00,138.8
2016-11-13 00:00:00,164.7
2016-11-14 00:00:00,250.7
2016-11-15 00:00:00,213.9
2016-11-16 00:00:00,197.2
2016-11-17 00:00:00,169.2
2016-11-18 00:00:00,150.8
2016-11-19 00:00:00,91.6
2016-11-20 00:00:00,81.2
2016-11-21 00:00:00,168.9
2016-11-22 00:00:00,204.6
2016-11-23 00:00:00,230.9
2016-11-24 00:00:00,189.4
2016-11-25 00:00:00,137
2016-11-26 00:00:00,117.7
2016-11-27 00:00:00,110.4
2016-11-28 00:00:00,188.8
2016-11-29 00:00:00,238.3
2016-11-30 00:00:00,234.3
2016-12-01 00:00:00,229.6
2016-12-02 00:00:00,173.4
2016-12-03 00:00:00,86.9
2016-12-04 00:00:00,109.6
2016-12-05 00:00:00,202.5
2016-12-06 00:00:00,230.4
2016-12-07 00:00:00,243.2
2016-12-08 00:00:00,218.8
2016-12-09 00:00:00,178.6
2016-12-10 00:00:00,80.4
2016-12-11 00:00:00,130
2016-12-12 00:00:00,163.6
2016-12-13 00:00:00,202
2016-12-14 00:00:00,217.1
2016-12-15 00:00:00,155.3
2016-12-16 00:00:00,118.1
2016-12-19 00:00:00,204.4792624
2016-12-20 00:00:00,204.4792624
2016-12-22 00:00:00,204.4792624
2016-12-23 00:00:00,204.4792624
2016-12-24 00:00:00,204.4792624
2016-12-25 00:00:00,204.4792624
2016-12-26 00:00:00,204.4792624
2016-12-27 00:00:00,204.4792624
2016-12-28 00:00:00,204.4792624
2016-12-29 00:00:00,204.4792624
2016-12-30 00:00:00,204.4792624
2016-12-31 00:00:00,204.4792624
2017-01-01 00:00:00,204.4792624
2017-01-02 00:00:00,204.4792624
2017-01-03 00:00:00,204.4792624
2017-01-04 00:00:00,204.4792624
2017-01-05 00:00:00,204.4792624
2017-01-06 00:00:00,204.4792624
2017-01-07 00:00:00,204.4792624
2017-01-08 00:00:00,204.4792624
2017-01-09 00:00:00,204.4792624
2017-01-10 00:00:00,204.4792624
2017-01-11 00:00:00,204.4792624
2017-01-12 00:00:00,204.4792624
2017-01-13 00:00:00,204.4792624
2017-01-14 00:00:00,204.4792624
2017-01-15 00:00:00,204.4792624
2017-01-16 00:00:00,59
2017-01-17 00:00:00,89
2017-01-18 00:00:00,56
2017-01-19 00:00:00,249
2017-01-20 00:00:00,274
2017-01-21 00:00:00,4384
2017-01-22 00:00:00,580
2017-01-23 00:00:00,429
2017-01-24 00:00:00,7342
2017-01-25 00:00:00,400
2017-01-26 00:00:00,626
2017-01-27 00:00:00,298
2017-01-28 00:00:00,345
2017-01-29 00:00:00,222
2017-02-01 00:00:00,176
2017-02-02 00:00:00,194
2017-02-03 00:00:00,125
2017-02-04 00:00:00,265
2017-02-05 00:00:00,99
2017-02-06 00:00:00,336
2017-02-07 00:00:00,545
2017-02-08 00:00:00,221
2017-02-09 00:00:00,334
2017-02-10 00:00:00,52
2017-02-11 00:00:00,96
2017-02-12 00:00:00,105
2017-02-13 00:00:00,203
2017-02-14 00:00:00,252
2017-02-15 00:00:00,192
2017-02-16 00:00:00,181
2017-02-17 00:00:00,181
2017-02-18 00:00:00,144
2017-02-19 00:00:00,115
2017-02-20 00:00:00,179
2017-02-21 00:00:00,206
2017-02-22 00:00:00,202
2017-02-23 00:00:00,230
2017-02-24 00:00:00,193
2017-02-25 00:00:00,99
2017-02-26 00:00:00,112
2017-02-27 00:00:00,196
2017-02-28 00:00:00,247
2017-03-01 00:00:00,204
2017-03-02 00:00:00,235
2017-03-03 00:00:00,204
2017-03-04 00:00:00,99
2017-03-05 00:00:00,113
2017-03-06 00:00:00,200
2017-03-07 00:00:00,202
2017-03-08 00:00:00,249
2017-03-09 00:00:00,266
2017-03-10 00:00:00,192
2017-03-11 00:00:00,109
2017-03-12 00:00:00,105
2017-03-13 00:00:00,240
2017-03-14 00:00:00,223
2017-03-15 00:00:00,240
2017-03-16 00:00:00,251
2017-03-17 00:00:00,191
2017-03-18 00:00:00,100
2017-03-19 00:00:00,108
2017-03-20 00:00:00,179
2017-03-21 00:00:00,232
2017-03-22 00:00:00,221
2017-03-23 00:00:00,195
2017-03-24 00:00:00,166
2017-03-25 00:00:00,108
2017-03-26 00:00:00,105
2017-03-27 00:00:00,159
2017-03-28 00:00:00,218
2017-03-29 00:00:00,196
2017-03-30 00:00:00,233
2017-03-31 00:00:00,169
2017-04-01 00:00:00,103
2017-04-02 00:00:00,87
2017-04-03 00:00:00,186
2017-04-04 00:00:00,216
2017-04-05 00:00:00,234
2017-04-06 00:00:00,233
2017-04-07 00:00:00,177
2017-04-08 00:00:00,113
2017-04-09 00:00:00,111
2017-04-10 00:00:00,192
2017-04-11 00:00:00,218
2017-04-12 00:00:00,208
2017-04-13 00:00:00,227
2017-04-14 00:00:00,91
2017-04-15 00:00:00,33
2017-04-16 00:00:00,49
2017-04-17 00:00:00,111
2017-04-18 00:00:00,192
2017-04-19 00:00:00,189
2017-04-20 00:00:00,237
2017-04-21 00:00:00,172
2017-04-22 00:00:00,74
2017-04-23 00:00:00,97
2017-04-24 00:00:00,194
2017-04-25 00:00:00,233
2017-04-26 00:00:00,104
2017-04-27 00:00:00,204.4792624
2017-04-28 00:00:00,204.4792624
2017-04-29 00:00:00,204.4792624
2017-04-30 00:00:00,204.4792624
2017-05-01 00:00:00,204.4792624
2017-05-02 00:00:00,204.4792624
2017-05-03 00:00:00,204.4792624
2017-05-04 00:00:00,204.4792624
2017-05-05 00:00:00,204.4792624
2017-05-06 00:00:00,204.4792624
2017-05-07 00:00:00,204.4792624
2017-05-08 00:00:00,204.4792624
2017-05-09 00:00:00,204.4792624
2017-05-10 00:00:00,204.4792624
2017-05-11 00:00:00,204.4792624
2017-05-12 00:00:00,204.4792624
2017-05-13 00:00:00,204.4792624
2017-05-14 00:00:00,204.4792624
2017-05-15 00:00:00,204.4792624
2017-05-16 00:00:00,204.4792624
2017-05-17 00:00:00,204.4792624
2017-05-18 00:00:00,204.4792624
2017-05-19 00:00:00,204.4792624
2017-05-20 00:00:00,204.4792624
2017-05-21 00:00:00,204.4792624
2017-05-22 00:00:00,204.4792624
2017-05-23 00:00:00,204.4792624
2017-05-24 00:00:00,204.4792624
2017-05-25 00:00:00,204.4792624
2017-05-26 00:00:00,204.4792624
2017-05-27 00:00:00,204.4792624
2017-05-28 00:00:00,204.4792624
2017-05-29 00:00:00,204.4792624
2017-05-30 00:00:00,204.4792624
2017-05-31 00:00:00,204.4792624
2017-06-01 00:00:00,204.4792624
2017-06-02 00:00:00,204.4792624
2017-06-03 00:00:00,204.4792624
2017-06-04 00:00:00,204.4792624
2017-06-05 00:00:00,204.4792624
2017-06-06 00:00:00,204.4792624
2017-06-07 00:00:00,204.4792624
2017-06-08 00:00:00,204.4792624
2017-06-09 00:00:00,204.4792624
2017-06-10 00:00:00,204.4792624
2017-06-11 00:00:00,204.4792624
2017-06-12 00:00:00,204.4792624
2017-06-13 00:00:00,204.4792624
2017-06-14 00:00:00,204.4792624
2017-06-15 00:00:00,204.4792624
2017-06-16 00:00:00,204.4792624
2017-06-17 00:00:00,204.4792624
2017-06-18 00:00:00,204.4792624
2017-06-19 00:00:00,204.4792624
2017-06-20 00:00:00,204.4792624
2017-06-21 00:00:00,204.4792624
2017-06-22 00:00:00,204.4792624
2017-06-23 00:00:00,204.4792624
2017-06-24 00:00:00,204.4792624
2017-06-25 00:00:00,204.4792624
2017-06-26 00:00:00,204.4792624
2017-06-27 00:00:00,204.4792624
2017-06-28 00:00:00,204.4792624
2017-06-29 00:00:00,204.4792624
2017-06-30 00:00:00,204.4792624
2017-07-01 00:00:00,204.4792624
2017-07-02 00:00:00,204.4792624
2017-07-03 00:00:00,204.4792624
2017-07-04 00:00:00,204.4792624
2017-07-05 00:00:00,204.4792624
2017-07-06 00:00:00,204.4792624
2017-07-07 00:00:00,204.4792624
2017-07-08 00:00:00,204.4792624
2017-07-09 00:00:00,204.4792624
2017-07-10 00:00:00,204.4792624
2017-07-11 00:00:00,204.4792624
2017-07-12 00:00:00,204.4792624
2017-07-13 00:00:00,204.4792624
2017-07-14 00:00:00,204.4792624
2017-07-15 00:00:00,204.4792624
2017-07-16 00:00:00,204.4792624
2017-07-17 00:00:00,204.4792624
2017-07-18 00:00:00,204.4792624
2017-07-19 00:00:00,204.4792624
2017-07-20 00:00:00,204.4792624
2017-07-21 00:00:00,204.4792624
2017-07-22 00:00:00,204.4792624
2017-07-23 00:00:00,204.4792624
2017-07-24 00:00:00,204.4792624
2017-07-25 00:00:00,204.4792624
2017-07-26 00:00:00,204.4792624
2017-07-31 00:00:00,204.4792624
2017-08-01 00:00:00,204.4792624
2017-08-02 00:00:00,204.4792624
2017-08-03 00:00:00,204.4792624
2017-08-04 00:00:00,204.4792624
2017-08-05 00:00:00,204.4792624
2017-08-06 00:00:00,204.4792624
2017-08-07 00:00:00,204.4792624
2017-08-08 00:00:00,204.4792624
2017-08-09 00:00:00,204.4792624
2017-08-10 00:00:00,204.4792624
2017-08-11 00:00:00,204.4792624
2017-08-12 00:00:00,204.4792624
2017-08-13 00:00:00,204.4792624
2017-08-14 00:00:00,204.4792624
2017-08-15 00:00:00,204.4792624
2017-08-16 00:00:00,204.4792624
2017-08-17 00:00:00,204.4792624
2017-08-18 00:00:00,204.4792624
2017-08-19 00:00:00,204.4792624
2017-08-20 00:00:00,204.4792624
2017-08-21 00:00:00,204.4792624
2017-08-22 00:00:00,204.4792624
2017-08-23 00:00:00,204.4792624
2017-08-24 00:00:00,204.4792624
2017-08-25 00:00:00,204.4792624
2017-08-26 00:00:00,204.4792624
2017-08-27 00:00:00,204.4792624
2017-08-28 00:00:00,204.4792624
2017-08-29 00:00:00,204.4792624
2017-08-30 00:00:00,204.4792624
2017-08-31 00:00:00,204.4792624
2017-09-01 00:00:00,204.4792624
2017-09-02 00:00:00,204.4792624
2017-09-03 00:00:00,204.4792624
2017-09-04 00:00:00,204.4792624
2017-09-05 00:00:00,204.4792624
2017-09-06 00:00:00,204.4792624
2017-09-07 00:00:00,204.4792624
2017-09-08 00:00:00,204.4792624
2017-09-09 00:00:00,204.4792624
2017-09-10 00:00:00,204.4792624
2017-09-11 00:00:00,204.4792624
2017-09-12 00:00:00,204.4792624
2017-09-13 00:00:00,204.4792624
2017-09-14 00:00:00,204.4792624
2017-09-15 00:00:00,204.4792624
2017-09-16 00:00:00,204.4792624
2017-09-17 00:00:00,204.4792624
2017-09-18 00:00:00,204.4792624
2017-09-19 00:00:00,204.4792624
2017-09-20 00:00:00,204.4792624
2017-09-21 00:00:00,204.4792624
2017-09-22 00:00:00,204.4792624
2017-09-23 00:00:00,204.4792624
2017-09-24 00:00:00,204.4792624
2017-09-25 00:00:00,204.4792624
2017-09-26 00:00:00,204.4792624
2017-09-27 00:00:00,204.4792624
2017-09-28 00:00:00,204.4792624
2017-09-29 00:00:00,204.4792624
2017-09-30 00:00:00,204.4792624
2017-10-01 00:00:00,204.4792624
2017-10-02 00:00:00,204.4792624
2017-10-03 00:00:00,204.4792624
2017-10-04 00:00:00,204.4792624
2017-10-05 00:00:00,204.4792624
2017-10-06 00:00:00,204.4792624
2017-10-07 00:00:00,204.4792624
2017-10-08 00:00:00,204.4792624
2017-10-09 00:00:00,204.4792624
2017-10-10 00:00:00,204.4792624
2017-10-11 00:00:00,204.4792624
2017-10-12 00:00:00,204.4792624
2017-10-13 00:00:00,204.4792624
2017-10-14 00:00:00,204.4792624
2017-10-15 00:00:00,204.4792624
2017-10-16 00:00:00,204.4792624
2017-10-17 00:00:00,204.4792624
2017-10-18 00:00:00,204.4792624
2017-10-19 00:00:00,204.4792624
2017-10-20 00:00:00,204.4792624
2017-10-21 00:00:00,204.4792624
2017-10-22 00:00:00,204.4792624
2017-10-23 00:00:00,204.4792624
2017-10-24 00:00:00,204.4792624
2017-10-25 00:00:00,204.4792624
2017-10-26 00:00:00,204.4792624
2017-10-27 00:00:00,204.4792624
2017-10-28 00:00:00,204.4792624
2017-10-29 00:00:00,204.4792624
2017-10-30 00:00:00,204.4792624
2017-10-31 00:00:00,204.4792624
2017-11-01 00:00:00,204.4792624
2017-11-02 00:00:00,204.4792624
2017-11-03 00:00:00,204.4792624
2017-11-04 00:00:00,204.4792624
2017-11-05 00:00:00,204.4792624
2017-11-06 00:00:00,204.4792624
2017-11-07 00:00:00,204.4792624
2017-11-08 00:00:00,204.4792624
2017-11-09 00:00:00,204.4792624
2017-11-10 00:00:00,204.4792624
2017-11-11 00:00:00,204.4792624
2017-11-12 00:00:00,204.4792624
2017-11-13 00:00:00,204.4792624
2017-11-14 00:00:00,204.4792624
2017-11-15 00:00:00,204.4792624
2017-11-16 00:00:00,204.4792624
2017-11-17 00:00:00,204.4792624
2017-11-18 00:00:00,204.4792624
2017-11-19 00:00:00,204.4792624
2017-11-20 00:00:00,204.4792624
2017-11-21 00:00:00,204.4792624
2017-11-22 00:00:00,204.4792624
2017-11-23 00:00:00,204.4792624
2017-11-24 00:00:00,204.4792624
2017-11-25 00:00:00,204.4792624
2017-11-26 00:00:00,204.4792624
2017-11-27 00:00:00,204.4792624
2017-11-28 00:00:00,204.4792624
2017-11-29 00:00:00,204.4792624
2017-11-30 00:00:00,204.4792624
2017-12-01 00:00:00,204.4792624
2017-12-02 00:00:00,204.4792624
2017-12-03 00:00:00,204.4792624
2017-12-04 00:00:00,204.4792624
2017-12-05 00:00:00,204.4792624
2017-12-06 00:00:00,204.4792624
2017-12-07 00:00:00,204.4792624
2017-12-08 00:00:00,106
2017-12-09 00:00:00,126
2017-12-10 00:00:00,139
2017-12-11 00:00:00,272
2017-12-12 00:00:00,245
2017-12-13 00:00:00,261
2017-12-14 00:00:00,298
2017-12-15 00:00:00,258
2017-12-16 00:00:00,131
2017-12-17 00:00:00,131
2017-12-18 00:00:00,229
2017-12-19 00:00:00,253
2017-12-20 00:00:00,242
2017-12-21 00:00:00,200
2017-12-22 00:00:00,152
2017-12-23 00:00:00,86
2017-12-24 00:00:00,93
2017-12-25 00:00:00,80
2017-12-26 00:00:00,89
2017-12-27 00:00:00,137
2017-12-28 00:00:00,113
2017-12-29 00:00:00,130
2017-12-30 00:00:00,114
2017-12-31 00:00:00,130
2018-01-01 00:00:00,94
2018-01-02 00:00:00,210
2018-01-03 00:00:00,226
2018-01-04 00:00:00,231
2018-01-05 00:00:00,211
2018-01-06 00:00:00,123
2018-01-07 00:00:00,136
2018-01-08 00:00:00,236
2018-01-09 00:00:00,275
2018-01-10 00:00:00,236
2018-01-11 00:00:00,270
2018-01-12 00:00:00,254
2018-01-13 00:00:00,126
2018-01-14 00:00:00,127
2018-01-15 00:00:00,227
2018-01-16 00:00:00,241
2018-01-17 00:00:00,270
2018-01-18 00:00:00,273
2018-01-19 00:00:00,259
2018-01-20 00:00:00,150
2018-01-21 00:00:00,143
2018-01-22 00:00:00,210
2018-01-23 00:00:00,207
2018-01-24 00:00:00,195
2018-01-25 00:00:00,212
2018-01-26 00:00:00,189
2018-01-27 00:00:00,123
2018-01-28 00:00:00,139
2018-01-29 00:00:00,185
2018-01-30 00:00:00,200
2018-01-31 00:00:00,184
2018-02-01 00:00:00,214
2018-02-02 00:00:00,169
2018-02-03 00:00:00,118
2018-02-04 00:00:00,118
2018-02-05 00:00:00,163
2018-02-06 00:00:00,249
2018-02-07 00:00:00,189
2018-02-08 00:00:00,184
2018-02-09 00:00:00,159
2018-02-10 00:00:00,102
2018-02-11 00:00:00,114
2018-02-12 00:00:00,167
2018-02-13 00:00:00,176
2018-02-14 00:00:00,176
2018-02-15 00:00:00,168
2018-02-16 00:00:00,174
2018-02-17 00:00:00,96
2018-02-18 00:00:00,98
2018-02-19 00:00:00,192
2018-02-20 00:00:00,196
2018-02-21 00:00:00,193
2018-02-22 00:00:00,216
2018-02-23 00:00:00,181
2018-02-24 00:00:00,107
2018-02-25 00:00:00,132
2018-02-26 00:00:00,211
2018-02-27 00:00:00,246
2018-02-28 00:00:00,249
2018-03-01 00:00:00,233
2018-03-02 00:00:00,214
2018-03-03 00:00:00,108
2018-03-04 00:00:00,122
2018-03-05 00:00:00,235
2018-03-06 00:00:00,266
2018-03-07 00:00:00,226
2018-03-08 00:00:00,268
2018-03-09 00:00:00,212
2018-03-10 00:00:00,102
2018-03-11 00:00:00,109
2018-03-12 00:00:00,216
2018-03-13 00:00:00,224
2018-03-14 00:00:00,66
2018-03-19 00:00:00,137
2018-03-20 00:00:00,250
2018-03-21 00:00:00,252
2018-03-22 00:00:00,234
2018-03-23 00:00:00,183
2018-03-24 00:00:00,111
2018-03-25 00:00:00,130
2018-03-26 00:00:00,177
2018-03-27 00:00:00,213
2018-03-28 00:00:00,223
2018-03-29 00:00:00,216
2018-03-30 00:00:00,62
2018-03-31 00:00:00,51
2018-04-01 00:00:00,139
2018-04-02 00:00:00,169
2018-04-03 00:00:00,229
2018-04-04 00:00:00,230
2018-04-05 00:00:00,245
2018-04-06 00:00:00,238
2018-04-07 00:00:00,160
2018-04-08 00:00:00,154
2018-04-09 00:00:00,231
2018-04-10 00:00:00,236
2018-04-11 00:00:00,229
2018-04-12 00:00:00,238
2018-04-13 00:00:00,234
2018-04-14 00:00:00,135
2018-04-15 00:00:00,133
2018-04-16 00:00:00,253
2018-04-17 00:00:00,257
2018-04-18 00:00:00,248
2018-04-19 00:00:00,285
2018-04-20 00:00:00,229
2018-04-21 00:00:00,136
2018-04-22 00:00:00,155
2018-04-23 00:00:00,203
2018-04-24 00:00:00,237
2018-04-25 00:00:00,240
2018-04-26 00:00:00,254
2018-04-27 00:00:00,216
2018-04-28 00:00:00,120
2018-04-29 00:00:00,123
2018-04-30 00:00:00,239
2018-05-01 00:00:00,263
2018-05-02 00:00:00,271
2018-05-03 00:00:00,252
2018-05-04 00:00:00,219
2018-05-05 00:00:00,121
2018-05-06 00:00:00,122
2018-05-07 00:00:00,94
2018-05-08 00:00:00,221
2018-05-09 00:00:00,240
2018-05-10 00:00:00,252
2018-05-11 00:00:00,227
2018-05-12 00:00:00,121
2018-05-13 00:00:00,117
2018-05-14 00:00:00,202
2018-05-15 00:00:00,275
2018-05-16 00:00:00,259
2018-05-17 00:00:00,294
2018-05-18 00:00:00,241
2018-05-19 00:00:00,134
2018-05-20 00:00:00,161
2018-05-21 00:00:00,226
2018-05-22 00:00:00,252
2018-05-23 00:00:00,223
2018-05-24 00:00:00,230
2018-05-25 00:00:00,180
2018-05-26 00:00:00,122
2018-05-27 00:00:00,125
2018-05-28 00:00:00,121
2018-05-29 00:00:00,187
2018-05-30 00:00:00,249
2018-05-31 00:00:00,328
2018-06-01 00:00:00,178
2018-06-02 00:00:00,135
2018-06-03 00:00:00,135
2018-06-04 00:00:00,212
2018-06-05 00:00:00,253
2018-06-06 00:00:00,235
2018-06-07 00:00:00,233
2018-06-08 00:00:00,326
2018-06-09 00:00:00,129
2018-06-10 00:00:00,190
2018-06-11 00:00:00,239
2018-06-12 00:00:00,273
2018-06-13 00:00:00,288
2018-06-14 00:00:00,286
2018-06-15 00:00:00,231
2018-06-16 00:00:00,148
2018-06-17 00:00:00,160
2018-06-18 00:00:00,309
2018-06-19 00:00:00,260
2018-06-20 00:00:00,257
2018-06-21 00:00:00,253
2018-06-22 00:00:00,225
2018-06-23 00:00:00,139
2018-06-24 00:00:00,193
2018-06-25 00:00:00,159
2018-06-26 00:00:00,204.4792624
2018-06-27 00:00:00,204.4792624
2018-06-28 00:00:00,204.4792624
2018-06-29 00:00:00,204.4792624
2018-06-30 00:00:00,204.4792624
2018-07-01 00:00:00,204.4792624
2018-07-02 00:00:00,204.4792624
2018-07-03 00:00:00,204.4792624
2018-07-04 00:00:00,204.4792624
2018-07-05 00:00:00,164
2018-07-06 00:00:00,252
2018-07-07 00:00:00,161
2018-07-08 00:00:00,165
2018-07-09 00:00:00,238
2018-07-10 00:00:00,308
2018-07-11 00:00:00,261
2018-07-12 00:00:00,250
2018-07-13 00:00:00,206
2018-07-14 00:00:00,132
2018-07-15 00:00:00,157
2018-07-16 00:00:00,162
2018-07-17 00:00:00,249
2018-07-18 00:00:00,227
2018-07-19 00:00:00,227
2018-07-20 00:00:00,236
2018-07-21 00:00:00,146
2018-07-22 00:00:00,176
2018-07-23 00:00:00,200
2018-07-24 00:00:00,236
2018-07-25 00:00:00,227
2018-07-26 00:00:00,279
2018-07-27 00:00:00,197
2018-07-28 00:00:00,127
2018-07-29 00:00:00,123
2018-07-30 00:00:00,188
2018-07-31 00:00:00,240
2018-08-01 00:00:00,261
2018-08-02 00:00:00,237
2018-08-03 00:00:00,209
2018-08-04 00:00:00,114
2018-08-05 00:00:00,116
2018-08-06 00:00:00,192
2018-08-07 00:00:00,223
2018-08-08 00:00:00,228
2018-08-09 00:00:00,219
2018-08-10 00:00:00,201
2018-08-11 00:00:00,142
2018-08-12 00:00:00,176
2018-08-13 00:00:00,218
2018-08-14 00:00:00,277
2018-08-15 00:00:00,250
2018-08-16 00:00:00,248
2018-08-17 00:00:00,221
2018-08-18 00:00:00,126
2018-08-19 00:00:00,133
2018-08-20 00:00:00,237
2018-08-21 00:00:00,263
2018-08-22 00:00:00,245
2018-08-23 00:00:00,222
2018-08-24 00:00:00,193
2018-08-25 00:00:00,137
2018-08-26 00:00:00,135
2018-08-27 00:00:00,135
2018-08-28 00:00:00,248
2018-08-29 00:00:00,259
2018-08-30 00:00:00,233
2018-08-31 00:00:00,200
2018-09-01 00:00:00,129
2018-09-02 00:00:00,123
2018-09-03 00:00:00,202
2018-09-04 00:00:00,236
2018-09-05 00:00:00,231
2018-09-06 00:00:00,225
2018-09-07 00:00:00,200
2018-09-08 00:00:00,133
2018-09-09 00:00:00,157
2018-09-10 00:00:00,211
2018-09-11 00:00:00,260
2018-09-12 00:00:00,264
2018-09-13 00:00:00,266
2018-09-14 00:00:00,267
2018-09-15 00:00:00,139
2018-09-16 00:00:00,129
2018-09-17 00:00:00,225
2018-09-18 00:00:00,262
2018-09-19 00:00:00,257
2018-09-20 00:00:00,290
2018-09-21 00:00:00,237
2018-09-22 00:00:00,158
2018-09-23 00:00:00,128
2018-09-24 00:00:00,224
2018-09-25 00:00:00,243
2018-09-26 00:00:00,246
2018-09-27 00:00:00,248
2018-09-28 00:00:00,209
2018-09-29 00:00:00,133
2018-09-30 00:00:00,138
2018-10-01 00:00:00,221
2018-10-02 00:00:00,226
2018-10-03 00:00:00,222
2018-10-04 00:00:00,223
2018-10-05 00:00:00,207
2018-10-06 00:00:00,48
2018-10-09 00:00:00,191
2018-10-10 00:00:00,203
2018-10-11 00:00:00,239
2018-10-12 00:00:00,200
2018-10-13 00:00:00,130
2018-10-14 00:00:00,137
2018-10-15 00:00:00,209
2018-10-16 00:00:00,268
2018-10-17 00:00:00,267
2018-10-18 00:00:00,298
2018-10-19 00:00:00,237
2018-10-20 00:00:00,157
2018-10-21 00:00:00,145
2018-10-22 00:00:00,236
2018-10-23 00:00:00,199
2018-10-24 00:00:00,271
2018-10-25 00:00:00,263
2018-10-26 00:00:00,230
2018-10-27 00:00:00,134
2018-10-28 00:00:00,136
2018-10-29 00:00:00,229
2018-10-30 00:00:00,248
2018-10-31 00:00:00,282
2018-11-01 00:00:00,259
2018-11-02 00:00:00,229
2018-11-03 00:00:00,149
2018-11-04 00:00:00,177
2018-11-05 00:00:00,214
2018-11-06 00:00:00,248
2018-11-07 00:00:00,240
2018-11-08 00:00:00,241
2018-11-09 00:00:00,206
2018-11-10 00:00:00,129
2018-11-11 00:00:00,131
2018-11-12 00:00:00,206
2018-11-13 00:00:00,247
2018-11-14 00:00:00,259
2018-11-15 00:00:00,244
2018-11-16 00:00:00,205
2018-11-17 00:00:00,136
2018-11-18 00:00:00,131
2018-11-19 00:00:00,202
2018-11-20 00:00:00,227
2018-11-21 00:00:00,242
2018-11-22 00:00:00,249
2018-11-23 00:00:00,236
2018-11-24 00:00:00,154
2018-11-25 00:00:00,147
2018-11-26 00:00:00,219
2018-11-27 00:00:00,259
2018-11-28 00:00:00,268
2018-11-29 00:00:00,244
2018-11-30 00:00:00,230
2018-12-01 00:00:00,137
2018-12-02 00:00:00,178
2018-12-03 00:00:00,208
2018-12-04 00:00:00,235
2018-12-05 00:00:00,287
2018-12-06 00:00:00,245
2018-12-07 00:00:00,223
2018-12-08 00:00:00,128
2018-12-09 00:00:00,139
2018-12-10 00:00:00,201
2018-12-11 00:00:00,203
2018-12-12 00:00:00,242
2018-12-13 00:00:00,282
2018-12-14 00:00:00,224
2018-12-15 00:00:00,141
2018-12-16 00:00:00,140
2018-12-17 00:00:00,206
2018-12-18 00:00:00,232
2018-12-19 00:00:00,219
2018-12-20 00:00:00,193
2018-12-21 00:00:00,160
2018-12-22 00:00:00,122
2018-12-23 00:00:00,135
2018-12-24 00:00:00,122
2018-12-25 00:00:00,133
2018-12-26 00:00:00,130
2018-12-27 00:00:00,132
2018-12-28 00:00:00,58
2018-12-29 00:00:00,54
2018-12-30 00:00:00,150
2018-12-31 00:00:00,113
2019-01-01 00:00:00,121
2019-01-02 00:00:00,206
2019-01-03 00:00:00,232
2019-01-04 00:00:00,179
2019-01-05 00:00:00,126
2019-01-06 00:00:00,128
2019-01-07 00:00:00,218
2019-01-08 00:00:00,218
2019-01-09 00:00:00,236
2019-01-10 00:00:00,260
2019-01-11 00:00:00,230
2019-01-12 00:00:00,129
2019-01-13 00:00:00,130
2019-01-14 00:00:00,211
2019-01-15 00:00:00,227
2019-01-16 00:00:00,252
2019-01-17 00:00:00,280
2019-01-18 00:00:00,220
2019-01-19 00:00:00,127
2019-01-20 00:00:00,133
2019-01-21 00:00:00,213
2019-01-22 00:00:00,233
2019-01-23 00:00:00,238
2019-01-24 00:00:00,216
2019-01-25 00:00:00,186
2019-01-26 00:00:00,110
2019-01-27 00:00:00,153
2019-01-28 00:00:00,223
2019-01-29 00:00:00,235
2019-01-30 00:00:00,167
2019-01-31 00:00:00,145
2019-02-01 00:00:00,187
2019-02-02 00:00:00,114
2019-02-03 00:00:00,122
2019-02-04 00:00:00,209
2019-02-05 00:00:00,271
2019-02-06 00:00:00,261
2019-02-07 00:00:00,261
2019-02-08 00:00:00,199
2019-02-09 00:00:00,124
2019-02-10 00:00:00,127
2019-02-11 00:00:00,222
2019-02-12 00:00:00,234
2019-02-13 00:00:00,214
2019-02-14 00:00:00,222
2019-02-15 00:00:00,204
2019-02-16 00:00:00,133
2019-02-17 00:00:00,122
2019-02-18 00:00:00,255
2019-02-19 00:00:00,234
2019-02-20 00:00:00,264
2019-02-21 00:00:00,263
2019-02-22 00:00:00,205
2019-02-23 00:00:00,138
2019-02-24 00:00:00,155
2019-02-25 00:00:00,201
2019-02-26 00:00:00,231
2019-02-27 00:00:00,225
2019-02-28 00:00:00,248
2019-03-01 00:00:00,201
2019-03-02 00:00:00,120
2019-03-03 00:00:00,134
2019-03-04 00:00:00,235
2019-03-05 00:00:00,284
2019-03-06 00:00:00,265
2019-03-07 00:00:00,229
2019-03-08 00:00:00,193
2019-03-09 00:00:00,137
2019-03-10 00:00:00,145
2019-03-11 00:00:00,210
2019-03-12 00:00:00,223
2019-03-13 00:00:00,229
2019-03-14 00:00:00,228
2019-03-15 00:00:00,202
2019-03-16 00:00:00,118
2019-03-17 00:00:00,126
2019-03-18 00:00:00,209
2019-03-19 00:00:00,248
2019-03-20 00:00:00,220
2019-03-21 00:00:00,218
2019-03-22 00:00:00,182
2019-03-23 00:00:00,124
2019-03-24 00:00:00,154
2019-03-25 00:00:00,217
2019-03-26 00:00:00,219
2019-03-27 00:00:00,173
2019-03-28 00:00:00,268
2019-03-29 00:00:00,213
2019-03-30 00:00:00,124
2019-03-31 00:00:00,118
2019-04-01 00:00:00,210
2019-04-02 00:00:00,227
2019-04-03 00:00:00,225
2019-04-04 00:00:00,223
2019-04-05 00:00:00,214
2019-04-06 00:00:00,122
2019-04-07 00:00:00,122
2019-04-08 00:00:00,222
2019-04-09 00:00:00,294
2019-04-10 00:00:00,290
2019-04-11 00:00:00,318
2019-04-12 00:00:00,238
2019-04-13 00:00:00,159
2019-04-14 00:00:00,158
2019-04-15 00:00:00,230
2019-04-16 00:00:00,230
2019-04-17 00:00:00,235
2019-04-18 00:00:00,231
2019-04-19 00:00:00,92
2019-04-20 00:00:00,67
2019-04-21 00:00:00,87
2019-04-22 00:00:00,153
2019-04-23 00:00:00,210
2019-04-24 00:00:00,239
2019-04-25 00:00:00,274
2019-04-26 00:00:00,225
2019-04-27 00:00:00,133
2019-04-28 00:00:00,141
2019-04-29 00:00:00,213
2019-04-30 00:00:00,257
2019-05-01 00:00:00,247
2019-05-02 00:00:00,270
2019-05-03 00:00:00,203
2019-05-04 00:00:00,147
2019-05-05 00:00:00,135
2019-05-06 00:00:00,109
2019-05-07 00:00:00,231
2019-05-08 00:00:00,289
2019-05-09 00:00:00,252
2019-05-10 00:00:00,235
2019-05-11 00:00:00,153
2019-05-12 00:00:00,153
2019-05-13 00:00:00,89
2019-05-14 00:00:00,26
2019-05-15 00:00:00,26
2019-05-16 00:00:00,26
2019-05-17 00:00:00,26
2019-05-18 00:00:00,26
2019-05-19 00:00:00,26
2019-05-20 00:00:00,26
2019-05-21 00:00:00,26
2019-05-22 00:00:00,26
2019-05-23 00:00:00,26
2019-05-24 00:00:00,79
2019-05-25 00:00:00,127
2019-05-26 00:00:00,128
2019-05-27 00:00:00,106
2019-05-28 00:00:00,228
2019-05-29 00:00:00,238
2019-05-30 00:00:00,224
2019-05-31 00:00:00,201
2019-06-01 00:00:00,131
2019-06-02 00:00:00,129
2019-06-03 00:00:00,225
2019-06-04 00:00:00,244
2019-06-05 00:00:00,263
2019-06-06 00:00:00,254
2019-06-07 00:00:00,212
2019-06-08 00:00:00,118
2019-06-09 00:00:00,130
2019-06-10 00:00:00,266
2019-06-11 00:00:00,271
2019-06-12 00:00:00,249
2019-06-13 00:00:00,260
2019-06-14 00:00:00,230
2019-06-15 00:00:00,137
2019-06-16 00:00:00,165
2019-06-17 00:00:00,204
2019-06-18 00:00:00,243
2019-06-19 00:00:00,247
2019-06-20 00:00:00,258
2019-06-21 00:00:00,217
2019-06-22 00:00:00,133
2019-06-23 00:00:00,149
2019-06-24 00:00:00,125
2019-06-25 00:00:00,145
2019-06-26 00:00:00,226
2019-06-27 00:00:00,242
2019-06-28 00:00:00,215
2019-06-29 00:00:00,125
2019-06-30 00:00:00,131
2019-07-01 00:00:00,231
2019-07-02 00:00:00,96
2019-07-04 00:00:00,125
2019-07-05 00:00:00,212
2019-07-06 00:00:00,124
2019-07-07 00:00:00,125
2019-07-08 00:00:00,71
2019-07-09 00:00:00,109
2019-07-10 00:00:00,236
2019-07-11 00:00:00,262
2019-07-12 00:00:00,230
2019-07-13 00:00:00,134
2019-07-14 00:00:00,164
2019-07-15 00:00:00,203
2019-07-16 00:00:00,232
2019-07-17 00:00:00,229
2019-07-18 00:00:00,218
2019-07-19 00:00:00,201
2019-07-20 00:00:00,141
2019-07-21 00:00:00,136
2019-07-22 00:00:00,230
2019-07-23 00:00:00,241
2019-07-24 00:00:00,239
2019-07-25 00:00:00,252
2019-07-26 00:00:00,207
2019-07-27 00:00:00,210
2019-07-28 00:00:00,228
2019-07-29 00:00:00,300
2019-07-30 00:00:00,291
2019-07-31 00:00:00,222
2019-08-01 00:00:00,266
2019-08-02 00:00:00,225
2019-08-03 00:00:00,135
2019-08-04 00:00:00,145
2019-08-05 00:00:00,235
2019-08-06 00:00:00,262
2019-08-07 00:00:00,240
2019-08-08 00:00:00,288
2019-08-09 00:00:00,253
2019-08-10 00:00:00,166
2019-08-11 00:00:00,182
2019-08-12 00:00:00,227
2019-08-13 00:00:00,310
2019-08-14 00:00:00,263
2019-08-15 00:00:00,293
2019-08-16 00:00:00,237
2019-08-17 00:00:00,158
2019-08-18 00:00:00,157
2019-08-19 00:00:00,218
2019-08-20 00:00:00,230
2019-08-21 00:00:00,238
2019-08-22 00:00:00,253
2019-08-23 00:00:00,213
2019-08-24 00:00:00,143
2019-08-25 00:00:00,133
2019-08-26 00:00:00,121
2019-08-27 00:00:00,190
2019-08-28 00:00:00,219
2019-08-29 00:00:00,204
2019-08-30 00:00:00,184
2019-08-31 00:00:00,141
2019-09-01 00:00:00,150
2019-09-02 00:00:00,212
2019-09-03 00:00:00,251
2019-09-04 00:00:00,281
2019-09-05 00:00:00,292
2019-09-06 00:00:00,247
2019-09-07 00:00:00,151
2019-09-08 00:00:00,169
2019-09-09 00:00:00,232
2019-09-10 00:00:00,278
2019-09-11 00:00:00,277
2019-09-12 00:00:00,269
2019-09-13 00:00:00,224
2019-09-14 00:00:00,168
2019-09-15 00:00:00,159
2019-09-16 00:00:00,244
2019-09-17 00:00:00,311
2019-09-18 00:00:00,281
2019-09-19 00:00:00,285
2019-09-20 00:00:00,240
2019-09-21 00:00:00,142
2019-09-22 00:00:00,153
2019-09-23 00:00:00,215
2019-09-24 00:00:00,257
2019-09-25 00:00:00,278
2019-09-26 00:00:00,274
2019-09-27 00:00:00,208
2019-09-28 00:00:00,154
2019-09-29 00:00:00,155
2019-09-30 00:00:00,241
2019-10-01 00:00:00,272
2019-10-02 00:00:00,268
2019-10-03 00:00:00,281
2019-10-04 00:00:00,234
2019-10-05 00:00:00,161
2019-10-06 00:00:00,191
2019-10-07 00:00:00,266
2019-10-08 00:00:00,284
2019-10-09 00:00:00,289
2019-10-10 00:00:00,291
2019-10-11 00:00:00,250
2019-10-12 00:00:00,169
2019-10-13 00:00:00,167
2019-10-14 00:00:00,254
2019-10-15 00:00:00,294
2019-10-16 00:00:00,273
2019-10-17 00:00:00,292
2019-10-18 00:00:00,232
2019-10-19 00:00:00,161
2019-10-20 00:00:00,176
2019-10-21 00:00:00,260
2019-10-22 00:00:00,290
2019-10-23 00:00:00,267
2019-10-24 00:00:00,300
2019-10-25 00:00:00,248
2019-10-26 00:00:00,164
2019-10-27 00:00:00,151
2019-10-28 00:00:00,221
2019-10-29 00:00:00,268
2019-10-30 00:00:00,266
2019-10-31 00:00:00,273
2019-11-01 00:00:00,245
2019-11-02 00:00:00,149
2019-11-03 00:00:00,181
2019-11-04 00:00:00,277
2019-11-05 00:00:00,265
2019-11-06 00:00:00,308
2019-11-07 00:00:00,293
2019-11-08 00:00:00,256
2019-11-09 00:00:00,171
2019-11-10 00:00:00,168
2019-11-11 00:00:00,226
2019-11-12 00:00:00,240
2019-11-13 00:00:00,249
2019-11-14 00:00:00,254
2019-11-15 00:00:00,249
2019-11-16 00:00:00,151
2019-11-17 00:00:00,182
2019-11-18 00:00:00,246
2019-11-19 00:00:00,308
2019-11-20 00:00:00,268
2019-11-21 00:00:00,276
2019-11-22 00:00:00,232
2019-11-23 00:00:00,157
2019-11-24 00:00:00,150
2019-11-25 00:00:00,250
2019-11-26 00:00:00,286
2019-11-27 00:00:00,245
2019-11-28 00:00:00,239
2019-11-29 00:00:00,208
2019-11-30 00:00:00,141
2019-12-01 00:00:00,201
2019-12-02 00:00:00,269
2019-12-03 00:00:00,248
2019-12-04 00:00:00,256
2019-12-05 00:00:00,286
2019-12-06 00:00:00,242
2019-12-07 00:00:00,146
2019-12-08 00:00:00,146
2019-12-09 00:00:00,233
2019-12-10 00:00:00,270
2019-12-11 00:00:00,263
2019-12-12 00:00:00,280
2019-12-13 00:00:00,233
2019-12-14 00:00:00,154
2019-12-15 00:00:00,159
2019-12-16 00:00:00,201
2019-12-17 00:00:00,228
2019-12-18 00:00:00,233
2019-12-19 00:00:00,204
2019-12-20 00:00:00,178
2019-12-21 00:00:00,123
2019-12-22 00:00:00,129
2019-12-23 00:00:00,185
2019-12-24 00:00:00,148
2019-12-25 00:00:00,126
2019-12-26 00:00:00,131
2019-12-27 00:00:00,130
2019-12-28 00:00:00,139
2019-12-29 00:00:00,147
2019-12-30 00:00:00,111
2019-12-31 00:00:00,131
2020-01-01 00:00:00,129
2020-01-02 00:00:00,216
2020-01-03 00:00:00,210
2020-01-04 00:00:00,130
2020-01-05 00:00:00,129
2020-01-06 00:00:00,245
2020-01-07 00:00:00,294
2020-01-08 00:00:00,261
2020-01-09 00:00:00,278
2020-01-10 00:00:00,279
2020-01-11 00:00:00,182
2020-01-12 00:00:00,165
2020-01-13 00:00:00,255
2020-01-14 00:00:00,275
2020-01-15 00:00:00,246
2020-01-16 00:00:00,263
2020-01-17 00:00:00,270
2020-01-18 00:00:00,161
2020-01-19 00:00:00,167
2020-01-20 00:00:00,266
2020-01-21 00:00:00,265
2020-01-22 00:00:00,254
2020-01-23 00:00:00,267
2020-01-24 00:00:00,255
2020-01-25 00:00:00,169
2020-01-26 00:00:00,177
2020-01-27 00:00:00,271
2020-01-28 00:00:00,272
2020-01-29 00:00:00,287
2020-01-30 00:00:00,262
2020-01-31 00:00:00,234
2020-02-01 00:00:00,156
2020-02-02 00:00:00,149
2020-02-03 00:00:00,216
2020-02-04 00:00:00,255
2020-02-05 00:00:00,274
2020-02-06 00:00:00,326
2020-02-07 00:00:00,157
2020-02-08 00:00:00,188
2020-02-09 00:00:00,158
2020-02-10 00:00:00,233
2020-02-11 00:00:00,306
2020-02-12 00:00:00,279
2020-02-13 00:00:00,287
2020-02-14 00:00:00,227
2020-02-15 00:00:00,152
2020-02-16 00:00:00,147
2020-02-17 00:00:00,213
2020-02-18 00:00:00,232
2020-02-19 00:00:00,236
2020-02-20 00:00:00,216
2020-02-21 00:00:00,219
2020-02-22 00:00:00,165
2020-02-23 00:00:00,190
2020-02-24 00:00:00,202
2020-02-25 00:00:00,244
2020-02-26 00:00:00,227
2020-02-27 00:00:00,229
2020-02-28 00:00:00,224
2020-02-29 00:00:00,181
2020-03-01 00:00:00,157
2020-03-02 00:00:00,237
2020-03-03 00:00:00,269
2020-03-04 00:00:00,350
2020-03-05 00:00:00,251
2020-03-06 00:00:00,225
2020-03-07 00:00:00,150
2020-03-08 00:00:00,149
2020-03-09 00:00:00,196
2020-03-10 00:00:00,224
2020-03-11 00:00:00,251
2020-03-12 00:00:00,268
2020-03-13 00:00:00,201
2020-03-14 00:00:00,148
2020-03-15 00:00:00,148
2020-03-16 00:00:00,213
2020-03-17 00:00:00,261
2020-03-18 00:00:00,242
2020-03-19 00:00:00,250
2020-03-20 00:00:00,201
2020-03-21 00:00:00,158
2020-03-22 00:00:00,174
2020-03-23 00:00:00,173
2020-03-24 00:00:00,197
2020-03-25 00:00:00,215
2020-03-26 00:00:00,210
2020-03-27 00:00:00,199
2020-03-28 00:00:00,130
2020-03-29 00:00:00,131
2020-03-30 00:00:00,204
2020-03-31 00:00:00,225
2020-04-01 00:00:00,244
2020-04-02 00:00:00,225
2020-04-03 00:00:00,197
2020-04-04 00:00:00,119
2020-04-05 00:00:00,141
2020-04-06 00:00:00,212
2020-04-07 00:00:00,254
2020-04-08 00:00:00,245
2020-04-09 00:00:00,222
2020-04-10 00:00:00,112
2020-04-11 00:00:00,89
2020-04-12 00:00:00,93
2020-04-13 00:00:00,152
2020-04-14 00:00:00,179
2020-04-15 00:00:00,198
2020-04-16 00:00:00,226
2020-04-17 00:00:00,224
2020-04-18 00:00:00,137
2020-04-19 00:00:00,122
2020-04-20 00:00:00,209
2020-04-21 00:00:00,207
2020-04-22 00:00:00,216
2020-04-23 00:00:00,238
2020-04-24 00:00:00,202
2020-04-25 00:00:00,129
2020-04-26 00:00:00,110
2020-04-27 00:00:00,219
2020-04-28 00:00:00,221
2020-04-29 00:00:00,257
2020-04-30 00:00:00,215
2020-05-01 00:00:00,190
2020-05-02 00:00:00,127
2020-05-03 00:00:00,114
2020-05-04 00:00:00,183
2020-05-05 00:00:00,238
2020-05-06 00:00:00,226
2020-05-07 00:00:00,187
2020-05-08 00:00:00,109
2020-05-09 00:00:00,126
2020-05-10 00:00:00,113
2020-05-11 00:00:00,183
2020-05-12 00:00:00,210
2020-05-13 00:00:00,222
2020-05-14 00:00:00,257
2020-05-15 00:00:00,179
2020-05-16 00:00:00,112
2020-05-17 00:00:00,131
2020-05-18 00:00:00,235
2020-05-19 00:00:00,271
2020-05-20 00:00:00,204
2020-05-21 00:00:00,205
2020-05-22 00:00:00,179
2020-05-23 00:00:00,109
2020-05-24 00:00:00,120
2020-05-25 00:00:00,102
2020-05-26 00:00:00,195
2020-05-27 00:00:00,199
2020-05-28 00:00:00,195
2020-05-29 00:00:00,161
2020-05-30 00:00:00,112
2020-05-31 00:00:00,114
2020-06-01 00:00:00,197
2020-06-02 00:00:00,241
2020-06-03 00:00:00,242
2020-06-04 00:00:00,233
2020-06-05 00:00:00,188
2020-06-06 00:00:00,132
2020-06-07 00:00:00,138
2020-06-08 00:00:00,217
2020-06-09 00:00:00,258
2020-06-10 00:00:00,229
2020-06-11 00:00:00,227
2020-06-12 00:00:00,176
2020-06-13 00:00:00,120
2020-06-14 00:00:00,153
2020-06-15 00:00:00,215
2020-06-16 00:00:00,244
2020-06-17 00:00:00,238
2020-06-18 00:00:00,221
2020-06-19 00:00:00,176
2020-06-20 00:00:00,111
2020-06-21 00:00:00,121
2020-06-22 00:00:00,184
2020-06-23 00:00:00,236
2020-06-24 00:00:00,252
2020-06-25 00:00:00,107
2020-06-26 00:00:00,117
2020-06-27 00:00:00,132
2020-06-28 00:00:00,132
2020-06-29 00:00:00,191
2020-06-30 00:00:00,264
2020-07-01 00:00:00,245
2020-07-02 00:00:00,208
2020-07-03 00:00:00,189
2020-07-04 00:00:00,113
2020-07-05 00:00:00,117
2020-07-06 00:00:00,178
2020-07-07 00:00:00,198
2020-07-08 00:00:00,194
2020-07-09 00:00:00,200
2020-07-10 00:00:00,191
2020-07-13 00:00:00,178
2020-07-14 00:00:00,256
2020-07-15 00:00:00,261
2020-07-16 00:00:00,210
2020-07-17 00:00:00,179
2020-07-18 00:00:00,119
2020-07-19 00:00:00,118
2020-07-20 00:00:00,182
2020-07-21 00:00:00,206
2020-07-22 00:00:00,201
2020-07-23 00:00:00,210
2020-07-24 00:00:00,176
2020-07-25 00:00:00,127
2020-07-26 00:00:00,132
2020-07-27 00:00:00,194
2020-07-28 00:00:00,198
2020-07-29 00:00:00,221
2020-07-30 00:00:00,224
2020-07-31 00:00:00,185
2020-08-01 00:00:00,132
2020-08-02 00:00:00,123
2020-08-03 00:00:00,183
2020-08-04 00:00:00,249
2020-08-05 00:00:00,247
2020-08-06 00:00:00,242
2020-08-07 00:00:00,210
2020-08-08 00:00:00,132
2020-08-09 00:00:00,160
2020-08-10 00:00:00,206
2020-08-11 00:00:00,263
2020-08-12 00:00:00,235
2020-08-13 00:00:00,237
2020-08-14 00:00:00,210
2020-08-15 00:00:00,137
2020-08-16 00:00:00,140
2020-08-17 00:00:00,207
2020-08-18 00:00:00,205
2020-08-19 00:00:00,232
2020-08-20 00:00:00,268
2020-08-21 00:00:00,193
2020-08-22 00:00:00,122
2020-08-23 00:00:00,143
2020-08-24 00:00:00,189
2020-08-25 00:00:00,227
2020-08-26 00:00:00,200
2020-08-27 00:00:00,216
2020-08-28 00:00:00,193
2020-08-29 00:00:00,130
2020-08-30 00:00:00,136
2020-08-31 00:00:00,164
2020-09-01 00:00:00,185
2020-09-02 00:00:00,192
2020-09-03 00:00:00,192
2020-09-04 00:00:00,178
2020-09-05 00:00:00,131
2020-09-06 00:00:00,146
2020-09-07 00:00:00,243
2020-09-08 00:00:00,257
2020-09-09 00:00:00,241
2020-09-10 00:00:00,240
2020-09-11 00:00:00,206
2020-09-12 00:00:00,136
2020-09-13 00:00:00,135
2020-09-14 00:00:00,193
2020-09-15 00:00:00,238
2020-09-16 00:00:00,274
2020-09-17 00:00:00,238
2020-09-18 00:00:00,209
2020-09-19 00:00:00,126
2020-09-20 00:00:00,133
2020-09-21 00:00:00,223
2020-09-22 00:00:00,255
2020-09-23 00:00:00,223
2020-09-24 00:00:00,235
2020-09-25 00:00:00,229
2020-09-26 00:00:00,125
2020-09-27 00:00:00,133
2020-09-28 00:00:00,218
2020-09-29 00:00:00,225
2020-09-30 00:00:00,255
2020-10-01 00:00:00,265
2020-10-02 00:00:00,190
2020-10-03 00:00:00,135
2020-10-04 00:00:00,154
2020-10-05 00:00:00,202
2020-10-06 00:00:00,287
2020-10-07 00:00:00,239
2020-10-08 00:00:00,215
2020-10-09 00:00:00,182
2020-10-10 00:00:00,157
2020-10-11 00:00:00,148
2020-10-12 00:00:00,182
2020-10-13 00:00:00,220
2020-10-14 00:00:00,223
2020-10-15 00:00:00,224
2020-10-16 00:00:00,204
2020-10-17 00:00:00,151
2020-10-18 00:00:00,150
2020-10-19 00:00:00,207
2020-10-20 00:00:00,234
2020-10-21 00:00:00,223
2020-10-22 00:00:00,206
2020-10-23 00:00:00,202
2020-10-24 00:00:00,147
2020-10-25 00:00:00,138
2020-10-26 00:00:00,178
2020-10-27 00:00:00,239
2020-10-28 00:00:00,219
2020-10-29 00:00:00,232
2020-10-30 00:00:00,214
2020-10-31 00:00:00,174
2020-11-01 00:00:00,184
2020-11-02 00:00:00,192
2020-11-03 00:00:00,217
2020-11-04 00:00:00,248
2020-11-05 00:00:00,284
2020-11-06 00:00:00,187
2020-11-07 00:00:00,135
2020-11-08 00:00:00,138
2020-11-09 00:00:00,197
2020-11-10 00:00:00,233
2020-11-11 00:00:00,244
2020-11-12 00:00:00,170
2020-11-13 00:00:00,180
2020-11-14 00:00:00,137
2020-11-15 00:00:00,134
2020-11-16 00:00:00,210
2020-11-17 00:00:00,252
2020-11-18 00:00:00,262
2020-11-19 00:00:00,255
2020-11-20 00:00:00,211
2020-11-21 00:00:00,124
2020-11-22 00:00:00,122
2020-11-23 00:00:00,183
2020-11-24 00:00:00,199
2020-11-25 00:00:00,186
2020-11-26 00:00:00,210
2020-11-27 00:00:00,172
2020-11-28 00:00:00,139
2020-11-29 00:00:00,169
2020-11-30 00:00:00,231
2020-12-01 00:00:00,230
2020-12-02 00:00:00,229
2020-12-03 00:00:00,254
2020-12-04 00:00:00,201
2020-12-05 00:00:00,141
2020-12-06 00:00:00,152
2020-12-07 00:00:00,226
2020-12-08 00:00:00,253
2020-12-09 00:00:00,252
2020-12-10 00:00:00,240
2020-12-11 00:00:00,182
2020-12-12 00:00:00,131
2020-12-13 00:00:00,143
2020-12-14 00:00:00,197
2020-12-15 00:00:00,221
2020-12-16 00:00:00,215
2020-12-17 00:00:00,199
2020-12-18 00:00:00,182
2020-12-19 00:00:00,141
2020-12-20 00:00:00,152
2020-12-21 00:00:00,164
2020-12-22 00:00:00,169
2020-12-23 00:00:00,162
2020-12-24 00:00:00,135
2020-12-25 00:00:00,138
2020-12-26 00:00:00,142
2020-12-27 00:00:00,165
2020-12-28 00:00:00,127
2020-12-29 00:00:00,143
2020-12-30 00:00:00,147
2020-12-31 00:00:00,149
2021-01-01 00:00:00,139
2021-01-02 00:00:00,143
2021-01-03 00:00:00,149
2021-01-04 00:00:00,212
2021-01-05 00:00:00,245
2021-01-06 00:00:00,222
2021-01-07 00:00:00,215
2021-01-08 00:00:00,199
2021-01-09 00:00:00,195
2021-01-10 00:00:00,151
2021-01-11 00:00:00,220
2021-01-12 00:00:00,256
2021-01-13 00:00:00,274
2021-01-14 00:00:00,235
2021-01-15 00:00:00,205
2021-01-16 00:00:00,140
2021-01-17 00:00:00,146
2021-01-18 00:00:00,191
2021-01-19 00:00:00,221
2021-01-20 00:00:00,221
2021-01-21 00:00:00,222
2021-01-22 00:00:00,197
2021-01-23 00:00:00,160
2021-01-24 00:00:00,168
2021-01-25 00:00:00,195
2021-01-26 00:00:00,160
2021-01-27 00:00:00,121
2021-01-28 00:00:00,243
2021-01-29 00:00:00,212
2021-01-30 00:00:00,141
2021-01-31 00:00:00,146
2021-02-01 00:00:00,196
2021-02-02 00:00:00,282
2021-02-03 00:00:00,237
2021-02-04 00:00:00,276
2021-02-05 00:00:00,240
2021-02-06 00:00:00,157
2021-02-07 00:00:00,158
2021-02-08 00:00:00,205
2021-02-09 00:00:00,233
2021-02-10 00:00:00,248
2021-02-11 00:00:00,240
2021-02-12 00:00:00,202
2021-02-13 00:00:00,142
2021-02-14 00:00:00,140
2021-02-15 00:00:00,212
2021-02-16 00:00:00,247
2021-02-17 00:00:00,273
2021-02-18 00:00:00,250
2021-02-19 00:00:00,195
2021-02-20 00:00:00,127
2021-02-21 00:00:00,172
2021-02-22 00:00:00,234
2021-02-23 00:00:00,265
2021-02-24 00:00:00,243
2021-02-25 00:00:00,264
2021-02-26 00:00:00,195
2021-02-27 00:00:00,135
2021-02-28 00:00:00,142
2021-03-01 00:00:00,217
2021-03-02 00:00:00,263
2021-03-03 00:00:00,225
2021-03-04 00:00:00,256
2021-03-05 00:00:00,212
2021-03-06 00:00:00,138
2021-03-07 00:00:00,148
2021-03-08 00:00:00,209
2021-03-09 00:00:00,267
2021-03-10 00:00:00,229
2021-03-11 00:00:00,211
2021-03-12 00:00:00,202
2021-03-13 00:00:00,171
2021-03-14 00:00:00,158
2021-03-15 00:00:00,226
2021-03-16 00:00:00,263
2021-03-17 00:00:00,237
2021-03-18 00:00:00,245
2021-03-19 00:00:00,211
2021-03-20 00:00:00,134
2021-03-21 00:00:00,163
2021-03-22 00:00:00,213
2021-03-23 00:00:00,231
2021-03-24 00:00:00,274
2021-03-25 00:00:00,218
2021-03-26 00:00:00,113
2021-03-29 00:00:00,154
2021-03-30 00:00:00,240
2021-03-31 00:00:00,253
2021-04-01 00:00:00,222
2021-04-02 00:00:00,98
2021-04-03 00:00:00,88
2021-04-04 00:00:00,130
2021-04-05 00:00:00,211
2021-04-06 00:00:00,239
2021-04-07 00:00:00,229
2021-04-08 00:00:00,203
2021-04-09 00:00:00,191
2021-04-10 00:00:00,127
2021-04-11 00:00:00,138
2021-04-12 00:00:00,191
2021-04-13 00:00:00,225
2021-04-14 00:00:00,194
2021-04-15 00:00:00,236
2021-04-16 00:00:00,194
2021-04-17 00:00:00,134
2021-04-18 00:00:00,175
2021-04-19 00:00:00,181
2021-04-20 00:00:00,204
2021-04-21 00:00:00,220
2021-04-22 00:00:00,211
2021-04-23 00:00:00,214
2021-04-24 00:00:00,156
2021-04-25 00:00:00,164
2021-04-26 00:00:00,224
2021-04-27 00:00:00,250
2021-04-28 00:00:00,261
2021-04-29 00:00:00,269
2021-04-30 00:00:00,208
2021-05-01 00:00:00,109
2021-05-02 00:00:00,123
2021-05-03 00:00:00,104
2021-05-04 00:00:00,207
2021-05-05 00:00:00,224
2021-05-06 00:00:00,206
2021-05-07 00:00:00,186
2021-05-08 00:00:00,127
2021-05-09 00:00:00,115
2021-05-10 00:00:00,209
2021-05-11 00:00:00,255
2021-05-12 00:00:00,283
2021-05-13 00:00:00,269
2021-05-14 00:00:00,194
2021-05-15 00:00:00,130
2021-05-16 00:00:00,160
2021-05-17 00:00:00,207
2021-05-18 00:00:00,229
2021-05-19 00:00:00,236
2021-05-20 00:00:00,261
2021-05-21 00:00:00,180
2021-05-22 00:00:00,119
2021-05-23 00:00:00,137
2021-05-24 00:00:00,189
2021-05-25 00:00:00,224
2021-05-26 00:00:00,245
2021-05-27 00:00:00,228
2021-05-28 00:00:00,170
2021-05-29 00:00:00,135
2021-05-30 00:00:00,142
2021-05-31 00:00:00,115
2021-06-01 00:00:00,224
2021-06-02 00:00:00,232
2021-06-03 00:00:00,214
2021-06-04 00:00:00,203
2021-06-05 00:00:00,145
2021-06-06 00:00:00,134
2021-06-07 00:00:00,198
2021-06-08 00:00:00,227
2021-06-09 00:00:00,243
2021-06-10 00:00:00,283
2021-06-11 00:00:00,183
2021-06-12 00:00:00,134
2021-06-13 00:00:00,155
2021-06-14 00:00:00,184
2021-06-15 00:00:00,238
2021-06-16 00:00:00,231
2021-06-17 00:00:00,212
2021-06-18 00:00:00,189
2021-06-19 00:00:00,122
2021-06-20 00:00:00,134
2021-06-21 00:00:00,223
2021-06-22 00:00:00,209
2021-06-23 00:00:00,220
2021-06-24 00:00:00,274
2021-06-25 00:00:00,201
2021-06-26 00:00:00,149
2021-06-27 00:00:00,143
2021-06-28 00:00:00,212
2021-06-29 00:00:00,195
2021-06-30 00:00:00,247
2021-07-01 00:00:00,309
2021-07-02 00:00:00,235
2021-07-03 00:00:00,182
2021-07-04 00:00:00,163
2021-07-05 00:00:00,232
2021-07-06 00:00:00,271
2021-07-07 00:00:00,239
2021-07-08 00:00:00,263
2021-07-09 00:00:00,201
2021-07-10 00:00:00,160
2021-07-11 00:00:00,217
2021-07-12 00:00:00,233
2021-07-13 00:00:00,208
2021-07-14 00:00:00,237
2021-07-15 00:00:00,262
2021-07-16 00:00:00,186
2021-07-17 00:00:00,144
2021-07-18 00:00:00,144
2021-07-19 00:00:00,213
2021-07-20 00:00:00,229
2021-07-21 00:00:00,262
2021-07-22 00:00:00,233
2021-07-23 00:00:00,201
2021-07-24 00:00:00,138
2021-07-25 00:00:00,134
2021-07-26 00:00:00,201
2021-07-27 00:00:00,195
2021-07-28 00:00:00,252
2021-07-29 00:00:00,217
2021-07-30 00:00:00,208
2021-07-31 00:00:00,139
2021-08-01 00:00:00,152
2021-08-02 00:00:00,231
2021-08-03 00:00:00,271
2021-08-04 00:00:00,230
2021-08-05 00:00:00,232
2021-08-06 00:00:00,202
2021-08-07 00:00:00,137
2021-08-08 00:00:00,155
2021-08-09 00:00:00,202
2021-08-10 00:00:00,248
2021-08-11 00:00:00,283
2021-08-12 00:00:00,228
2021-08-13 00:00:00,202
2021-08-14 00:00:00,154
2021-08-15 00:00:00,158
2021-08-16 00:00:00,233
2021-08-17 00:00:00,284
2021-08-18 00:00:00,263
2021-08-19 00:00:00,231
2021-08-20 00:00:00,203
2021-08-21 00:00:00,129
2021-08-22 00:00:00,145
2021-08-23 00:00:00,181
2021-08-24 00:00:00,199
2021-08-25 00:00:00,204
2021-08-26 00:00:00,193
2021-08-27 00:00:00,158
2021-08-28 00:00:00,132
2021-08-29 00:00:00,140
2021-08-30 00:00:00,123
2021-08-31 00:00:00,196
2021-09-01 00:00:00,233
2021-09-02 00:00:00,205
2021-09-03 00:00:00,197
2021-09-04 00:00:00,131
2021-09-05 00:00:00,161
2021-09-06 00:00:00,224
2021-09-07 00:00:00,263
2021-09-08 00:00:00,212
2021-09-09 00:00:00,218
2021-09-10 00:00:00,204
2021-09-11 00:00:00,141
2021-09-12 00:00:00,142
2021-09-13 00:00:00,205
2021-09-14 00:00:00,171
2021-09-16 00:00:00,21
2021-09-20 00:00:00,168
2021-09-21 00:00:00,214
2021-09-22 00:00:00,235
2021-09-23 00:00:00,211
2021-09-24 00:00:00,187
2021-09-25 00:00:00,130
2021-09-26 00:00:00,149
2021-09-27 00:00:00,232
2021-09-28 00:00:00,215
2021-09-29 00:00:00,223
2021-09-30 00:00:00,236
2021-10-01 00:00:00,202
2021-10-02 00:00:00,150
2021-10-03 00:00:00,172
2021-10-04 00:00:00,223
2021-10-05 00:00:00,236
2021-10-06 00:00:00,227
2021-10-07 00:00:00,228
2021-10-08 00:00:00,190
2021-10-09 00:00:00,133
2021-10-10 00:00:00,148
2021-10-11 00:00:00,216
2021-10-12 00:00:00,213
2021-10-13 00:00:00,220
2021-10-14 00:00:00,264
2021-10-15 00:00:00,230
2021-10-16 00:00:00,150
2021-10-17 00:00:00,142
2021-10-18 00:00:00,199
2021-10-19 00:00:00,223
2021-10-20 00:00:00,217
2021-10-21 00:00:00,230
2021-10-22 00:00:00,81
2021-10-28 00:00:00,159
2021-10-29 00:00:00,201
2021-10-30 00:00:00,152
2021-10-31 00:00:00,173
2021-11-01 00:00:00,214
2021-11-02 00:00:00,225
2021-11-03 00:00:00,230
2021-11-04 00:00:00,266
2021-11-05 00:00:00,206
2021-11-06 00:00:00,152
2021-11-07 00:00:00,161
2021-11-08 00:00:00,210
2021-11-09 00:00:00,224
2021-11-10 00:00:00,231
2021-11-11 00:00:00,233
2021-11-12 00:00:00,203
2021-11-13 00:00:00,154
2021-11-14 00:00:00,157
2021-11-15 00:00:00,226
2021-11-16 00:00:00,298
2021-11-17 00:00:00,253
2021-11-18 00:00:00,261
2021-11-19 00:00:00,277
2021-11-20 00:00:00,194
2021-11-21 00:00:00,172
2021-11-22 00:00:00,230
2021-11-23 00:00:00,261
2021-11-24 00:00:00,284
2021-11-25 00:00:00,273
2021-11-26 00:00:00,264
2021-11-27 00:00:00,183
2021-11-28 00:00:00,183
2021-11-29 00:00:00,225
2021-11-30 00:00:00,251
2021-12-01 00:00:00,250
2021-12-02 00:00:00,255
2021-12-03 00:00:00,229
2021-12-04 00:00:00,144
2021-12-05 00:00:00,151
2021-12-06 00:00:00,247
2021-12-07 00:00:00,273
2021-12-08 00:00:00,238
2021-12-09 00:00:00,265
2021-12-10 00:00:00,212
2021-12-11 00:00:00,164
2021-12-12 00:00:00,149
2021-12-13 00:00:00,240
2021-12-14 00:00:00,215
2021-12-15 00:00:00,202
2021-12-16 00:00:00,212
2021-12-17 00:00:00,194
2021-12-18 00:00:00,147
2021-12-19 00:00:00,151
2021-12-20 00:00:00,215
2021-12-21 00:00:00,208
2021-12-22 00:00:00,199
2021-12-23 00:00:00,179
2021-12-24 00:00:00,89
2022-01-17 00:00:00,91
2022-01-18 00:00:00,242
2022-01-19 00:00:00,234
2022-01-20 00:00:00,178
2022-01-21 00:00:00,139
2022-01-22 00:00:00,159
2022-01-23 00:00:00,175
2022-01-24 00:00:00,233
2022-01-25 00:00:00,144
2022-02-01 00:00:00,110
2022-02-02 00:00:00,288
2022-02-03 00:00:00,242
2022-02-04 00:00:00,206
2022-02-05 00:00:00,157
2022-02-06 00:00:00,186
2022-02-07 00:00:00,80
2022-02-08 00:00:00,120
2022-02-09 00:00:00,242
2022-02-10 00:00:00,277
2022-02-11 00:00:00,232
2022-02-12 00:00:00,151
2022-02-13 00:00:00,160
2022-02-14 00:00:00,211
2022-02-15 00:00:00,270
2022-02-16 00:00:00,254
2022-02-17 00:00:00,231
2022-02-18 00:00:00,227
2022-02-19 00:00:00,159
2022-02-20 00:00:00,179
2022-02-21 00:00:00,265
2022-02-22 00:00:00,269
2022-02-23 00:00:00,263
2022-02-24 00:00:00,236
2022-02-25 00:00:00,222
2022-02-26 00:00:00,143
2022-02-27 00:00:00,165
2022-02-28 00:00:00,222
2022-03-01 00:00:00,231
2022-03-02 00:00:00,244
2022-03-03 00:00:00,222
2022-03-04 00:00:00,223
2022-03-05 00:00:00,157
2022-03-06 00:00:00,156
2022-03-07 00:00:00,235
2022-03-08 00:00:00,104
2022-03-11 00:00:00,130
2022-03-12 00:00:00,138
2022-03-13 00:00:00,155
2022-03-14 00:00:00,211
2022-03-15 00:00:00,239
2022-03-16 00:00:00,258
2022-03-17 00:00:00,252
2022-03-18 00:00:00,206
2022-03-19 00:00:00,163
2022-03-20 00:00:00,177
2022-03-21 00:00:00,211
2022-03-22 00:00:00,219
2022-03-23 00:00:00,262
2022-03-24 00:00:00,256
2022-03-25 00:00:00,231
2022-03-26 00:00:00,143
2022-03-27 00:00:00,147
2022-03-28 00:00:00,187
2022-03-29 00:00:00,204.4792624
2022-03-31 00:00:00,115
2022-04-01 00:00:00,195
2022-04-02 00:00:00,136
2022-04-03 00:00:00,160
2022-04-04 00:00:00,197
2022-04-05 00:00:00,237
2022-04-06 00:00:00,245
2022-04-07 00:00:00,263
2022-04-08 00:00:00,211
2022-04-09 00:00:00,150
2022-04-10 00:00:00,164
2022-04-11 00:00:00,216
2022-04-12 00:00:00,247
2022-04-13 00:00:00,237
2022-04-14 00:00:00,225
2022-04-15 00:00:00,88
2022-04-25 00:00:00,79
2022-04-26 00:00:00,246
2022-04-27 00:00:00,238
2022-04-28 00:00:00,256
2022-04-29 00:00:00,225
2022-04-30 00:00:00,165
2022-05-01 00:00:00,150
2022-05-02 00:00:00,140
2022-05-03 00:00:00,240
2022-05-04 00:00:00,283
2022-05-05 00:00:00,283
2022-05-11 00:00:00,158
2022-05-12 00:00:00,228
2022-05-13 00:00:00,249
2022-05-14 00:00:00,157
2022-05-15 00:00:00,188
2022-05-16 00:00:00,245
2022-05-17 00:00:00,237
2022-05-18 00:00:00,287
2022-05-19 00:00:00,247
2022-05-20 00:00:00,193
2022-05-21 00:00:00,126
2022-05-22 00:00:00,134
2022-05-23 00:00:00,222
2022-05-24 00:00:00,234
2022-05-25 00:00:00,236
2022-05-26 00:00:00,263
2022-05-27 00:00:00,199
2022-05-28 00:00:00,147
2022-05-29 00:00:00,134
2022-05-30 00:00:00,204
2022-05-31 00:00:00,209
2022-06-01 00:00:00,236
2022-06-02 00:00:00,153
2022-06-03 00:00:00,139
2022-06-04 00:00:00,141
2022-06-05 00:00:00,148
2022-06-06 00:00:00,222
2022-06-07 00:00:00,202
2022-06-08 00:00:00,224
2022-06-09 00:00:00,256
2022-06-10 00:00:00,218
2022-06-11 00:00:00,141
2022-06-12 00:00:00,164
2022-06-13 00:00:00,223
2022-06-14 00:00:00,269
2022-06-15 00:00:00,231
2022-06-16 00:00:00,253
2022-06-17 00:00:00,215
2022-06-18 00:00:00,149
2022-06-19 00:00:00,146
2022-06-20 00:00:00,230
2022-06-21 00:00:00,193
2022-06-22 00:00:00,191
2022-06-23 00:00:00,202
2022-06-24 00:00:00,166
2022-06-25 00:00:00,133
2022-06-26 00:00:00,131
2022-06-27 00:00:00,201
2022-06-28 00:00:00,248
2022-06-29 00:00:00,279
2022-06-30 00:00:00,248
2022-07-01 00:00:00,213
2022-07-02 00:00:00,147
2022-07-03 00:00:00,161
2022-07-04 00:00:00,219
2022-07-05 00:00:00,235
2022-07-06 00:00:00,239
2022-07-07 00:00:00,235
2022-07-08 00:00:00,238
2022-07-09 00:00:00,166
2022-07-10 00:00:00,200
2022-07-11 00:00:00,221
2022-07-12 00:00:00,237
2022-07-13 00:00:00,286
2022-07-14 00:00:00,239
2022-07-15 00:00:00,231
2022-07-16 00:00:00,175
2022-07-17 00:00:00,150
2022-07-18 00:00:00,221
2022-07-19 00:00:00,220
2022-07-20 00:00:00,234
2022-07-21 00:00:00,217
2022-07-22 00:00:00,201
2022-07-23 00:00:00,147
2022-07-24 00:00:00,155
2022-07-25 00:00:00,237
2022-07-26 00:00:00,229
2022-07-27 00:00:00,248
2022-07-28 00:00:00,256
2022-07-29 00:00:00,202
2022-07-30 00:00:00,160
2022-07-31 00:00:00,154
2022-08-01 00:00:00,230
2022-08-02 00:00:00,217
2022-08-03 00:00:00,216
2022-08-04 00:00:00,229
2022-08-05 00:00:00,203
2022-08-06 00:00:00,148
2022-08-07 00:00:00,167
2022-08-08 00:00:00,220
2022-08-09 00:00:00,256
2022-08-10 00:00:00,296
2022-08-11 00:00:00,274
2022-08-12 00:00:00,207
2022-08-13 00:00:00,145
2022-08-14 00:00:00,160
2022-08-15 00:00:00,232
2022-08-16 00:00:00,250
2022-08-17 00:00:00,222
2022-08-18 00:00:00,229
2022-08-19 00:00:00,192
2022-08-20 00:00:00,132
2022-08-21 00:00:00,141
2022-08-22 00:00:00,209
2022-08-23 00:00:00,207
2022-08-24 00:00:00,202
2022-08-25 00:00:00,204
2022-08-26 00:00:00,167
2022-09-15 00:00:00,120
2022-09-16 00:00:00,234
2022-09-17 00:00:00,198
2022-09-18 00:00:00,164
2022-09-19 00:00:00,150
2022-09-20 00:00:00,269
2022-09-21 00:00:00,256
2022-09-22 00:00:00,276
2022-09-23 00:00:00,238
2022-09-24 00:00:00,172
2022-09-25 00:00:00,171
2022-09-26 00:00:00,274
2022-09-27 00:00:00,233
2022-09-28 00:00:00,240
2022-09-29 00:00:00,251
2022-09-30 00:00:00,191
2022-10-01 00:00:00,152
2022-10-02 00:00:00,164
2022-10-03 00:00:00,216
2022-10-04 00:00:00,228
2022-10-05 00:00:00,232
2022-10-06 00:00:00,234
2022-10-07 00:00:00,196
2022-10-08 00:00:00,133
2022-10-09 00:00:00,141
2022-10-10 00:00:00,212
2022-10-11 00:00:00,147
2022-11-01 00:00:00,133
2022-11-02 00:00:00,289
2022-11-03 00:00:00,265
2022-11-04 00:00:00,225
2022-11-05 00:00:00,150
2022-11-06 00:00:00,148
2022-11-07 00:00:00,236
2022-11-08 00:00:00,243
2022-11-09 00:00:00,249
2022-11-10 00:00:00,231
2022-11-11 00:00:00,208
2022-11-12 00:00:00,155
2022-11-13 00:00:00,180
2022-11-14 00:00:00,213
2022-11-15 00:00:00,249
2022-11-16 00:00:00,266
2022-11-17 00:00:00,245
2022-11-18 00:00:00,200
2022-11-19 00:00:00,169
2022-11-20 00:00:00,171
2022-11-21 00:00:00,232
2022-11-22 00:00:00,310
2022-11-23 00:00:00,246
2022-11-24 00:00:00,254
2022-11-25 00:00:00,203
2022-11-26 00:00:00,149
2022-11-27 00:00:00,177
2022-11-28 00:00:00,202
2022-11-29 00:00:00,270
2022-11-30 00:00:00,303
2022-12-01 00:00:00,241
2022-12-02 00:00:00,218
2022-12-03 00:00:00,152
2022-12-04 00:00:00,160
2022-12-05 00:00:00,203
2022-12-06 00:00:00,238
2022-12-07 00:00:00,256
2022-12-08 00:00:00,235
2022-12-09 00:00:00,204
2022-12-10 00:00:00,157
2022-12-11 00:00:00,135
2022-12-12 00:00:00,217
2022-12-13 00:00:00,243
2022-12-14 00:00:00,240
2022-12-15 00:00:00,248
2022-12-16 00:00:00,242
2022-12-17 00:00:00,165
2022-12-18 00:00:00,197
2022-12-19 00:00:00,205
2022-12-20 00:00:00,244
2022-12-21 00:00:00,216
2022-12-22 00:00:00,202
2022-12-23 00:00:00,151
2022-12-24 00:00:00,145
2022-12-25 00:00:00,178
2022-12-26 00:00:00,136
2022-12-27 00:00:00,166
2022-12-28 00:00:00,139
2022-12-29 00:00:00,167
2022-12-30 00:00:00,132
